Time,"Temperature, °C","CO₂, ppm"
01/02/2026 00:06,15.5,430
01/02/2026 00:16,15.5,449
01/02/2026 00:26,15.5,440
01/02/2026 00:36,15.5,442
01/02/2026 00:46,15.5,435
01/02/2026 00:56,15.5,435
01/02/2026 01:06,15.5,440
01/02/2026 01:16,15.5,443
01/02/2026 01:26,15.5,439
01/02/2026 01:36,15.5,452
01/02/2026 01:46,15.5,447
01/02/2026 01:56,15.5,442
01/02/2026 02:06,15.5,443
01/02/2026 02:16,15.5,440
01/02/2026 02:26,15.5,446
01/02/2026 02:36,15.5,433
01/02/2026 02:46,15.5,444
01/02/2026 02:56,15.5,448
01/02/2026 03:06,15.5,438
01/02/2026 03:16,15.5,450
01/02/2026 03:26,15.4,442
01/02/2026 03:36,15.5,441
01/02/2026 03:46,15.4,450
01/02/2026 03:56,15.5,442
01/02/2026 04:06,15.4,451
01/02/2026 04:16,15.4,436
01/02/2026 04:26,15.4,447
01/02/2026 04:36,15.4,442
01/02/2026 04:46,15.4,444
01/02/2026 04:56,15.4,435
01/02/2026 05:06,15.4,441
01/02/2026 05:16,15.4,447
01/02/2026 05:26,15.4,444
01/02/2026 05:36,15.4,444
01/02/2026 05:46,15.4,431
01/02/2026 05:56,15.4,436
01/02/2026 06:06,15.4,439
01/02/2026 06:16,15.4,447
01/02/2026 06:26,15.4,448
01/02/2026 06:36,15.4,434
01/02/2026 06:46,15.4,446
01/02/2026 06:56,15.4,441
01/02/2026 07:06,15.4,446
01/02/2026 07:16,15.4,443
01/02/2026 07:26,15.4,453
01/02/2026 07:36,15.4,438
01/02/2026 07:46,15.4,440
01/02/2026 07:56,15.4,436
01/02/2026 08:06,15.4,434
01/02/2026 08:16,15.4,436
01/02/2026 08:26,15.3,444
01/02/2026 08:36,15.4,451
01/02/2026 08:46,15.4,442
01/02/2026 08:56,15.4,452
01/02/2026 09:06,15.5,442
01/02/2026 09:16,15.4,444
01/02/2026 09:26,15.5,454
01/02/2026 09:36,15.5,450
01/02/2026 09:46,15.5,446
01/02/2026 09:56,15.5,457
01/02/2026 10:06,15.5,452
01/02/2026 10:16,15.5,460
01/02/2026 10:26,15.5,449
01/02/2026 10:36,15.5,456
01/02/2026 10:46,15.5,457
01/02/2026 10:56,15.6,456
01/02/2026 11:06,15.6,448
01/02/2026 11:16,15.6,448
01/02/2026 11:26,15.6,455
01/02/2026 11:36,15.5,443
01/02/2026 11:46,15.6,443
01/02/2026 11:56,15.6,442
01/02/2026 12:06,15.6,456
01/02/2026 12:16,15.6,454
01/02/2026 12:26,15.6,443
01/02/2026 12:36,15.6,457
01/02/2026 12:46,15.6,444
01/02/2026 12:56,15.7,447
01/02/2026 13:06,15.7,449
01/02/2026 13:16,15.7,447
01/02/2026 13:26,15.7,446
01/02/2026 13:36,15.7,446
01/02/2026 13:46,15.8,455
01/02/2026 13:56,15.7,444
01/02/2026 14:06,15.7,440
01/02/2026 14:16,15.7,461
01/02/2026 14:36,15.7,434
01/02/2026 14:46,15.7,443
01/02/2026 14:56,15.7,435
01/02/2026 15:06,15.7,451
01/02/2026 15:16,15.7,453
01/02/2026 15:26,15.7,451
01/02/2026 15:36,15.7,448
01/02/2026 15:46,15.7,449
01/02/2026 15:56,15.7,464
01/02/2026 16:06,15.7,449
01/02/2026 16:16,15.7,452
01/02/2026 16:26,15.6,448
01/02/2026 16:36,15.7,437
01/02/2026 16:46,15.7,437
01/02/2026 16:56,15.7,443
01/02/2026 17:06,15.7,433
01/02/2026 17:16,15.6,441
01/02/2026 17:26,15.6,443
01/02/2026 17:36,15.6,444
01/02/2026 17:46,15.6,437
01/02/2026 17:56,15.6,443
01/02/2026 18:06,15.5,450
01/02/2026 18:16,15.5,448
01/02/2026 18:26,15.6,447
01/02/2026 18:36,15.6,447
01/02/2026 18:46,15.5,445
01/02/2026 18:56,15.5,456
01/02/2026 19:06,15.5,454
01/02/2026 19:26,15.5,447
01/02/2026 19:36,15.5,451
01/02/2026 19:46,15.4,461
01/02/2026 19:56,15.4,459
01/02/2026 20:06,15.4,452
01/02/2026 20:16,15.4,455
01/02/2026 20:26,15.4,459
01/02/2026 20:36,15.4,443
01/02/2026 20:46,15.4,459
01/02/2026 20:56,15.4,439
01/02/2026 21:06,15.3,461
01/02/2026 21:16,15.3,453
01/02/2026 21:26,15.3,452
01/02/2026 21:36,15.3,443
01/02/2026 21:46,15.3,451
01/02/2026 21:56,15.3,446
01/02/2026 22:06,15.3,447
01/02/2026 22:16,15.2,454
01/02/2026 22:26,15.3,446
01/02/2026 22:36,15.2,450
01/02/2026 22:46,15.2,448
01/02/2026 22:56,15.2,441
01/02/2026 23:06,15.1,445
01/02/2026 23:16,15.1,435
01/02/2026 23:26,15.1,441
01/02/2026 23:36,15.1,446
01/02/2026 23:46,15.1,446
01/02/2026 23:56,15.1,450
02/02/2026 00:06,15.1,442
02/02/2026 00:16,15.1,454
02/02/2026 00:26,15.1,440
02/02/2026 00:36,15,447
02/02/2026 00:46,15,435
02/02/2026 00:56,15,440
02/02/2026 01:06,15,441
02/02/2026 01:16,15,447
02/02/2026 01:26,15,437
02/02/2026 01:46,15,446
02/02/2026 01:56,15,440
02/02/2026 02:06,15,434
02/02/2026 02:26,15,446
02/02/2026 02:36,15,438
02/02/2026 02:46,15,447
02/02/2026 02:56,14.9,454
02/02/2026 03:06,14.9,446
02/02/2026 03:16,15,433
02/02/2026 03:26,14.9,435
02/02/2026 03:36,14.9,440
02/02/2026 03:46,14.9,442
02/02/2026 03:56,14.9,436
02/02/2026 04:06,14.9,442
02/02/2026 04:16,14.9,443
02/02/2026 04:26,14.9,442
02/02/2026 04:36,14.9,440
02/02/2026 04:46,14.9,441
02/02/2026 04:56,14.9,451
02/02/2026 05:06,14.9,440
02/02/2026 05:16,14.9,443
02/02/2026 05:26,14.9,439
02/02/2026 05:36,14.8,446
02/02/2026 05:46,14.8,437
02/02/2026 05:56,14.8,438
02/02/2026 06:06,14.8,447
02/02/2026 06:16,14.8,456
02/02/2026 06:26,14.8,448
02/02/2026 06:36,14.8,448
02/02/2026 06:46,14.8,445
02/02/2026 06:56,14.8,441
02/02/2026 07:06,14.8,446
02/02/2026 07:16,14.9,441
02/02/2026 07:26,15,439
02/02/2026 07:36,15.1,446
02/02/2026 07:46,15.2,442
02/02/2026 07:56,15.2,458
02/02/2026 08:06,15.2,440
02/02/2026 08:16,15.2,455
02/02/2026 08:26,15.1,452
02/02/2026 08:36,15.1,456
02/02/2026 08:46,15.1,464
02/02/2026 08:56,15,445
02/02/2026 09:06,15,450
02/02/2026 09:16,15,460
02/02/2026 09:26,14.9,460
02/02/2026 09:36,14.9,456
02/02/2026 09:46,14.9,467
02/02/2026 09:56,14.8,461
02/02/2026 10:06,14.9,462
02/02/2026 10:16,14.9,460
02/02/2026 10:26,14.9,465
02/02/2026 10:36,14.9,463
02/02/2026 10:46,14.9,465
02/02/2026 10:56,14.9,468
02/02/2026 11:06,14.9,471
02/02/2026 11:16,15,472
02/02/2026 11:26,15,473
02/02/2026 11:36,15,459
02/02/2026 11:46,15,460
02/02/2026 11:56,15,463
02/02/2026 12:06,15.1,473
02/02/2026 12:16,15,470
02/02/2026 12:26,15.1,478
02/02/2026 12:36,15.1,488
02/02/2026 12:46,15.1,482
02/02/2026 13:06,15.1,472
02/02/2026 13:16,15.1,461
02/02/2026 13:26,15.1,480
02/02/2026 13:36,15.2,471
02/02/2026 13:46,15.2,471
02/02/2026 13:56,15.3,451
02/02/2026 14:06,15.3,472
02/02/2026 14:26,15.4,471
02/02/2026 14:36,15.3,466
02/02/2026 15:06,15.4,480
02/02/2026 15:16,15.5,466
02/02/2026 15:26,15.6,478
02/02/2026 15:36,15.6,477
02/02/2026 15:46,15.7,467
02/02/2026 15:56,15.8,461
02/02/2026 16:06,15.8,464
02/02/2026 16:16,15.9,475
02/02/2026 16:26,16,475
02/02/2026 16:36,16,448
02/02/2026 16:56,16.2,477
02/02/2026 17:06,16.2,462
02/02/2026 17:16,16.3,469
02/02/2026 17:26,16.3,488
02/02/2026 17:36,16.2,472
02/02/2026 17:46,16.1,479
02/02/2026 17:56,16.1,488
02/02/2026 18:06,16.1,490
02/02/2026 18:16,16.1,515
02/02/2026 18:26,16.1,515
02/02/2026 18:36,16.1,468
02/02/2026 18:46,16,468
02/02/2026 18:56,16,476
02/02/2026 19:06,16,462
02/02/2026 19:16,16,473
02/02/2026 19:26,15.9,462
02/02/2026 19:36,16.1,456
02/02/2026 19:46,16.2,453
02/02/2026 19:56,16.5,459
02/02/2026 20:06,16.6,452
02/02/2026 20:16,16.7,455
02/02/2026 20:26,16.8,450
02/02/2026 20:36,17,459
02/02/2026 20:46,17,447
02/02/2026 20:56,17.1,443
02/02/2026 21:06,17.1,438
02/02/2026 21:16,16.9,450
02/02/2026 21:26,16.7,443
02/02/2026 21:36,16.6,446
02/02/2026 21:46,16.5,442
02/02/2026 21:56,16.4,436
02/02/2026 22:06,16.4,451
02/02/2026 22:16,16.3,446
02/02/2026 22:26,16.2,449
02/02/2026 22:36,16.1,441
02/02/2026 22:46,16.1,450
02/02/2026 22:56,16,447
02/02/2026 23:06,16,454
02/02/2026 23:16,15.9,439
02/02/2026 23:26,15.9,446
02/02/2026 23:36,15.9,443
02/02/2026 23:46,15.8,445
02/02/2026 23:56,15.8,445
03/02/2026 00:06,15.7,442
03/02/2026 00:16,15.7,441
03/02/2026 00:26,15.6,449
03/02/2026 00:36,15.6,441
03/02/2026 00:46,15.6,444
03/02/2026 00:56,15.5,438
03/02/2026 01:06,15.6,446
03/02/2026 01:16,15.5,433
03/02/2026 01:26,15.5,444
03/02/2026 01:36,15.5,439
03/02/2026 01:46,15.4,441
03/02/2026 01:56,15.4,447
03/02/2026 02:06,15.4,430
03/02/2026 02:16,15.3,437
03/02/2026 02:26,15.3,451
03/02/2026 02:36,15.3,440
03/02/2026 02:46,15.3,440
03/02/2026 02:56,15.3,438
03/02/2026 03:06,15.2,438
03/02/2026 03:16,15.2,426
03/02/2026 03:26,15.1,442
03/02/2026 03:36,15.1,433
03/02/2026 03:46,15.1,431
03/02/2026 03:56,15.1,433
03/02/2026 04:06,15,430
03/02/2026 04:16,15,438
03/02/2026 04:26,15,434
03/02/2026 04:36,14.9,425
03/02/2026 04:46,15,433
03/02/2026 04:56,14.9,426
03/02/2026 05:06,14.9,436
03/02/2026 05:16,14.9,435
03/02/2026 05:26,14.9,446
03/02/2026 05:36,14.8,442
03/02/2026 05:46,14.9,442
03/02/2026 05:56,14.8,445
03/02/2026 06:06,14.8,439
03/02/2026 06:16,14.8,444
03/02/2026 06:26,14.9,445
03/02/2026 06:36,14.8,441
03/02/2026 06:46,14.8,447
03/02/2026 06:56,14.9,439
03/02/2026 07:06,14.9,442
03/02/2026 07:16,15.2,442
03/02/2026 07:26,15.5,446
03/02/2026 07:36,16.5,451
03/02/2026 07:46,17,451
03/02/2026 07:56,17,442
03/02/2026 08:06,17.1,445
03/02/2026 08:16,17.2,440
03/02/2026 08:36,17,448
03/02/2026 08:46,16.9,452
03/02/2026 08:56,17,453
03/02/2026 09:06,17,448
03/02/2026 09:16,16.9,449
03/02/2026 09:35,17,454
03/02/2026 09:45,17,447
03/02/2026 09:56,17,457
03/02/2026 10:16,16.7,459
03/02/2026 10:35,16.4,464
03/02/2026 10:46,16.2,485
03/02/2026 11:05,16.1,469
03/02/2026 11:15,16.1,456
03/02/2026 11:25,16,471
03/02/2026 11:35,16.1,456
03/02/2026 11:55,16.1,466
03/02/2026 12:05,16.1,463
03/02/2026 12:15,16,479
03/02/2026 12:25,16,470
03/02/2026 12:35,16,471
03/02/2026 12:45,15.9,473
03/02/2026 12:55,15.9,471
03/02/2026 13:05,16,493
03/02/2026 13:15,16.1,496
03/02/2026 13:25,16,462
03/02/2026 13:45,15.9,502
03/02/2026 13:55,15.9,493
03/02/2026 14:05,15.8,497
03/02/2026 14:25,15.8,532
03/02/2026 14:45,16,492
03/02/2026 14:55,16.1,495
03/02/2026 15:05,16,494
03/02/2026 15:15,15.9,508
03/02/2026 15:25,15.9,503
03/02/2026 15:35,15.9,492
03/02/2026 15:55,15.8,495
03/02/2026 16:05,15.8,508
03/02/2026 16:25,15.7,608
03/02/2026 16:35,15.7,574
03/02/2026 16:45,15.7,527
03/02/2026 16:55,15.9,522
03/02/2026 17:05,15.9,538
03/02/2026 17:25,15.8,507
03/02/2026 17:35,15.8,489
03/02/2026 17:45,15.8,501
03/02/2026 17:55,15.9,504
03/02/2026 18:05,16.3,511
03/02/2026 18:15,16.8,505
03/02/2026 18:25,16.9,500
03/02/2026 18:35,16.6,506
03/02/2026 18:45,16.5,502
03/02/2026 19:05,16.7,505
03/02/2026 19:15,16.6,512
03/02/2026 19:25,16.6,493
03/02/2026 19:35,16.7,492
03/02/2026 19:45,16.7,497
03/02/2026 19:55,16.6,510
03/02/2026 20:05,16.6,505
03/02/2026 20:15,16.7,495
03/02/2026 20:25,16.6,500
03/02/2026 20:35,16.5,500
03/02/2026 20:45,16.6,497
03/02/2026 20:55,16.6,495
03/02/2026 21:05,16.5,478
03/02/2026 21:15,16.2,496
03/02/2026 21:25,16,493
03/02/2026 21:35,15.9,497
03/02/2026 21:45,15.8,494
03/02/2026 21:55,15.7,490
03/02/2026 22:05,15.5,491
03/02/2026 22:15,15.5,484
03/02/2026 22:25,15.4,498
03/02/2026 22:35,15.3,484
03/02/2026 22:45,15.2,484
03/02/2026 22:55,15.1,485
03/02/2026 23:05,15.1,489
03/02/2026 23:15,15.1,482
03/02/2026 23:25,15,499
03/02/2026 23:35,14.9,504
03/02/2026 23:45,14.9,498
03/02/2026 23:55,14.8,503
04/02/2026 00:05,14.8,496
04/02/2026 00:15,14.7,502
04/02/2026 00:25,14.7,499
04/02/2026 00:35,14.7,500
04/02/2026 00:45,14.7,499
04/02/2026 00:55,14.7,495
04/02/2026 01:05,14.6,490
04/02/2026 01:15,14.6,488
04/02/2026 01:25,14.6,488
04/02/2026 01:35,14.6,500
04/02/2026 01:45,14.6,494
04/02/2026 01:55,14.5,490
04/02/2026 02:05,14.5,494
04/02/2026 02:15,14.5,501
04/02/2026 02:25,14.4,487
04/02/2026 02:35,14.4,497
04/02/2026 02:45,14.4,497
04/02/2026 02:55,14.4,497
04/02/2026 03:05,14.4,490
04/02/2026 03:15,14.4,497
04/02/2026 03:25,14.4,493
04/02/2026 03:35,14.3,500
04/02/2026 03:45,14.3,505
04/02/2026 03:55,14.3,491
04/02/2026 04:05,14.3,484
04/02/2026 04:15,14.4,492
04/02/2026 04:25,14.4,499
04/02/2026 04:35,14.4,500
04/02/2026 04:45,14.4,507
04/02/2026 04:55,14.4,497
04/02/2026 05:05,14.4,501
04/02/2026 05:15,14.4,504
04/02/2026 05:25,14.4,493
04/02/2026 05:35,14.5,489
04/02/2026 05:45,14.5,479
04/02/2026 05:55,14.5,479
04/02/2026 06:05,14.5,476
04/02/2026 06:15,14.5,470
04/02/2026 06:25,14.5,475
04/02/2026 06:35,14.6,464
04/02/2026 06:45,14.6,464
04/02/2026 06:55,14.6,467
04/02/2026 07:05,14.7,459
04/02/2026 07:15,15.4,454
04/02/2026 07:25,16.3,450
04/02/2026 07:35,16.7,456
04/02/2026 07:45,17,452
04/02/2026 07:55,17,458
04/02/2026 08:05,17.1,466
04/02/2026 08:15,17.2,468
04/02/2026 08:25,17.3,462
04/02/2026 08:35,17.2,467
04/02/2026 08:55,16.8,455
04/02/2026 09:05,17,459
04/02/2026 09:15,17,455
04/02/2026 09:25,17,457
04/02/2026 09:35,17,458
04/02/2026 09:55,16.9,473
04/02/2026 10:05,16.8,464
04/02/2026 10:15,16.7,473
04/02/2026 10:25,16.6,467
04/02/2026 10:35,16.5,467
04/02/2026 10:45,16.3,482
04/02/2026 10:55,16.3,462
04/02/2026 11:05,16.2,486
04/02/2026 11:15,16.3,491
04/02/2026 11:25,16.2,469
04/02/2026 11:35,16.1,478
04/02/2026 11:45,16,497
04/02/2026 11:55,16.1,473
04/02/2026 12:05,16.1,479
04/02/2026 12:15,16.1,474
04/02/2026 12:25,16.1,468
04/02/2026 12:35,16.1,473
04/02/2026 12:45,16,463
04/02/2026 12:55,16.1,473
04/02/2026 13:05,16,485
04/02/2026 13:15,16,499
04/02/2026 13:25,16.1,460
04/02/2026 13:35,16.1,470
04/02/2026 13:45,16.1,465
04/02/2026 13:55,16,465
04/02/2026 14:05,16.1,493
04/02/2026 14:15,16.1,484
04/02/2026 14:25,16.1,478
04/02/2026 14:35,16.1,481
04/02/2026 14:45,16.1,470
04/02/2026 14:55,16.1,467
04/02/2026 15:05,16,463
04/02/2026 15:15,16.1,458
04/02/2026 15:25,16.1,453
04/02/2026 15:35,16,480
04/02/2026 15:45,16.1,480
04/02/2026 15:55,16.1,484
04/02/2026 16:05,16.2,468
04/02/2026 16:25,16.2,489
04/02/2026 16:35,16.2,476
04/02/2026 16:45,16.2,473
04/02/2026 16:55,16.2,476
04/02/2026 17:05,16.2,459
04/02/2026 17:15,16.2,455
04/02/2026 17:25,16.2,464
04/02/2026 17:35,16.2,461
04/02/2026 17:55,16.3,450
04/02/2026 18:05,16.3,449
04/02/2026 18:15,16.3,446
04/02/2026 18:25,16.3,455
04/02/2026 18:35,16.6,457
04/02/2026 18:45,16.9,453
04/02/2026 18:55,16.7,442
04/02/2026 19:05,16.6,437
04/02/2026 19:25,17,455
04/02/2026 19:35,16.8,445
04/02/2026 19:45,16.8,442
04/02/2026 19:55,17,451
04/02/2026 20:05,16.9,444
04/02/2026 20:15,16.8,445
04/02/2026 20:25,16.9,440
04/02/2026 20:35,17,446
04/02/2026 20:45,16.9,448
04/02/2026 20:55,16.9,442
04/02/2026 21:05,16.9,443
04/02/2026 21:15,16.9,448
04/02/2026 21:25,16.8,445
04/02/2026 21:35,16.8,438
04/02/2026 21:45,16.8,443
04/02/2026 21:55,16.7,439
04/02/2026 22:05,16.7,439
04/02/2026 22:15,16.6,431
04/02/2026 22:25,16.6,433
04/02/2026 22:35,16.6,440
04/02/2026 22:45,16.5,440
04/02/2026 22:55,16.5,447
04/02/2026 23:05,16.5,445
04/02/2026 23:15,16.4,441
04/02/2026 23:25,16.4,445
04/02/2026 23:35,16.4,443
04/02/2026 23:55,16.3,444
05/02/2026 00:05,16.3,448
05/02/2026 00:15,16.2,441
05/02/2026 00:25,16.2,449
05/02/2026 00:45,16.2,454
05/02/2026 00:55,16.1,446
05/02/2026 01:05,16.1,442
05/02/2026 01:15,16.1,441
05/02/2026 01:25,16.1,448
05/02/2026 01:35,16,452
05/02/2026 01:45,16,447
05/02/2026 01:55,16,446
05/02/2026 02:05,16,440
05/02/2026 02:15,15.9,440
05/02/2026 02:25,15.9,448
05/02/2026 02:35,15.9,438
05/02/2026 02:45,15.9,447
05/02/2026 02:55,15.9,451
05/02/2026 03:05,15.8,444
05/02/2026 03:15,15.8,446
05/02/2026 03:25,15.8,434
05/02/2026 03:35,15.8,448
05/02/2026 04:15,15.7,446
05/02/2026 04:25,15.7,440
05/02/2026 04:35,15.6,442
05/02/2026 04:45,15.6,445
05/02/2026 04:55,15.6,447
05/02/2026 05:05,15.6,439
05/02/2026 05:15,15.6,440
05/02/2026 05:25,15.5,440
05/02/2026 05:35,15.5,439
05/02/2026 05:45,15.5,436
05/02/2026 05:55,15.5,439
05/02/2026 06:05,15.5,443
05/02/2026 06:15,15.4,445
05/02/2026 06:25,15.4,441
05/02/2026 06:35,15.4,445
05/02/2026 06:45,15.4,450
05/02/2026 06:55,15.3,444
05/02/2026 07:05,15.4,452
05/02/2026 07:15,15.7,457
05/02/2026 07:25,16.6,440
05/02/2026 07:35,17,432
05/02/2026 07:45,17.1,445
05/02/2026 07:55,17.3,447
05/02/2026 08:05,17.4,450
05/02/2026 08:15,17.2,450
05/02/2026 08:25,17,454
05/02/2026 08:45,17.2,454
05/02/2026 08:55,17.4,453
05/02/2026 09:05,17.1,463
05/02/2026 09:15,17,452
05/02/2026 09:25,17,466
05/02/2026 09:35,17.1,460
05/02/2026 09:45,17.1,446
05/02/2026 10:05,16.9,451
05/02/2026 10:15,17.1,486
05/02/2026 10:25,17.2,474
05/02/2026 10:45,16.8,462
05/02/2026 10:55,16.7,465
05/02/2026 11:05,16.6,475
05/02/2026 11:15,16.5,479
05/02/2026 11:25,16.5,463
05/02/2026 11:35,16.5,480
05/02/2026 11:45,16.4,472
05/02/2026 11:55,16.4,468
05/02/2026 12:05,16.4,477
05/02/2026 12:15,16.4,472
05/02/2026 12:25,16.3,462
05/02/2026 12:35,16.3,463
05/02/2026 12:45,16.3,475
05/02/2026 12:55,16.3,482
05/02/2026 13:05,16.3,476
05/02/2026 13:15,16.2,476
05/02/2026 13:25,16.2,476
05/02/2026 13:35,16.2,487
05/02/2026 13:45,16.2,481
05/02/2026 13:55,16.3,475
05/02/2026 14:05,16.2,483
05/02/2026 14:15,16.2,477
05/02/2026 14:25,16.2,471
05/02/2026 14:35,16.3,469
05/02/2026 14:45,16.2,464
05/02/2026 14:55,16.2,462
05/02/2026 15:15,16.2,469
05/02/2026 15:25,16.2,475
05/02/2026 15:35,16.2,477
05/02/2026 15:45,16.2,479
05/02/2026 16:05,16.2,475
05/02/2026 16:15,16.2,474
05/02/2026 16:25,16.1,502
05/02/2026 16:35,16,472
05/02/2026 16:45,16,463
05/02/2026 16:55,15.9,468
05/02/2026 17:05,16,463
05/02/2026 17:25,15.9,483
05/02/2026 17:35,16.1,462
05/02/2026 17:45,16.1,470
05/02/2026 17:55,16.1,491
05/02/2026 18:05,16.1,479
05/02/2026 18:15,16.2,464
05/02/2026 18:25,16.2,479
05/02/2026 18:35,16,460
05/02/2026 18:45,16.1,475
05/02/2026 18:55,16.1,466
05/02/2026 19:05,16.2,463
05/02/2026 19:15,16.4,453
05/02/2026 19:25,16.7,459
05/02/2026 19:35,16.6,453
05/02/2026 19:45,16.6,451
05/02/2026 19:55,16.8,456
05/02/2026 20:15,16.6,460
05/02/2026 20:25,16.8,462
05/02/2026 20:35,16.9,447
05/02/2026 20:45,16.7,450
05/02/2026 20:55,16.7,460
05/02/2026 21:05,16.8,462
05/02/2026 21:15,16.7,461
05/02/2026 21:25,16.7,453
05/02/2026 21:35,16.6,460
05/02/2026 21:45,16.6,462
05/02/2026 21:55,16.5,448
05/02/2026 22:05,16.5,452
05/02/2026 22:15,16.5,443
05/02/2026 22:25,16.5,465
05/02/2026 22:35,16.4,458
05/02/2026 22:45,16.4,466
05/02/2026 22:55,16.4,456
05/02/2026 23:05,16.4,458
05/02/2026 23:15,16.4,455
05/02/2026 23:25,16.3,450
05/02/2026 23:35,16.3,453
05/02/2026 23:45,16.3,448
05/02/2026 23:55,16.3,455
06/02/2026 00:05,16.2,454
06/02/2026 00:15,16.2,453
06/02/2026 00:25,16.2,452
06/02/2026 00:35,16.2,453
06/02/2026 00:45,16.2,452
06/02/2026 00:55,16.2,438
06/02/2026 01:05,16.2,452
06/02/2026 01:15,16.2,446
06/02/2026 01:25,16.2,449
06/02/2026 01:35,16.2,437
06/02/2026 01:45,16.2,444
06/02/2026 01:55,16.1,441
06/02/2026 02:05,16.1,449
06/02/2026 02:15,16.1,444
06/02/2026 02:25,16.1,443
06/02/2026 02:35,16.1,451
06/02/2026 02:45,16.1,438
06/02/2026 02:55,16.1,436
06/02/2026 03:05,16.1,443
06/02/2026 03:15,16.1,440
06/02/2026 03:25,16,439
06/02/2026 03:35,16,433
06/02/2026 03:45,16,448
06/02/2026 03:55,16,439
06/02/2026 04:05,16,438
06/02/2026 04:15,16,439
06/02/2026 04:25,16,440
06/02/2026 04:35,16,437
06/02/2026 04:45,16,428
06/02/2026 04:55,16,456
06/02/2026 05:05,16,446
06/02/2026 05:15,16,453
06/02/2026 05:25,15.9,446
06/02/2026 05:35,15.9,439
06/02/2026 05:45,15.9,446
06/02/2026 05:55,15.9,440
06/02/2026 06:05,15.9,439
06/02/2026 06:15,15.9,447
06/02/2026 06:25,15.9,451
06/02/2026 06:35,15.9,446
06/02/2026 06:45,15.8,450
06/02/2026 06:55,15.8,448
06/02/2026 07:05,15.8,458
06/02/2026 07:15,16,460
06/02/2026 07:25,16.7,448
06/02/2026 07:35,17.1,440
06/02/2026 07:45,17.3,465
06/02/2026 07:55,17.2,462
06/02/2026 08:05,17,455
06/02/2026 08:15,17.1,459
06/02/2026 08:25,17.2,461
06/02/2026 08:35,17.1,461
06/02/2026 08:45,17.1,462
06/02/2026 08:55,17.1,461
06/02/2026 09:05,17.2,467
06/02/2026 09:15,17.1,468
06/02/2026 09:25,17,467
06/02/2026 09:35,17,479
06/02/2026 09:45,17,456
06/02/2026 10:05,17.1,478
06/02/2026 10:15,17,473
06/02/2026 10:25,17,479
06/02/2026 10:45,17,477
06/02/2026 10:55,17,479
06/02/2026 11:05,17,489
06/02/2026 11:15,16.9,484
06/02/2026 11:25,16.9,481
06/02/2026 11:35,16.9,486
06/02/2026 11:45,17,482
06/02/2026 12:05,16.9,484
06/02/2026 12:15,16.9,485
06/02/2026 12:25,16.9,465
06/02/2026 12:35,16.9,706
06/02/2026 12:45,16.9,513
06/02/2026 12:55,16.9,500
06/02/2026 13:05,17,501
06/02/2026 13:15,17,501
06/02/2026 13:35,17,474
06/02/2026 13:45,16.9,484
06/02/2026 14:05,17,485
06/02/2026 14:15,17,504
06/02/2026 14:25,17,485
06/02/2026 14:45,16.9,474
06/02/2026 14:55,16.9,563
06/02/2026 15:05,16.9,500
06/02/2026 15:15,16.9,486
06/02/2026 15:25,16.8,530
06/02/2026 15:35,16.8,516
06/02/2026 15:55,16.8,500
06/02/2026 16:15,16.7,481
06/02/2026 16:25,16.7,485
06/02/2026 16:45,16.6,476
06/02/2026 16:55,16.6,478
06/02/2026 17:05,16.6,485
06/02/2026 17:25,16.6,470
06/02/2026 17:35,16.6,481
06/02/2026 17:45,16.6,463
06/02/2026 17:55,16.6,469
06/02/2026 18:05,16.6,472
06/02/2026 18:15,16.5,463
06/02/2026 18:25,16.5,454
06/02/2026 18:45,16.7,468
06/02/2026 18:55,16.7,461
06/02/2026 19:05,16.7,445
06/02/2026 19:15,16.7,455
06/02/2026 19:35,16.8,458
06/02/2026 19:45,16.8,453
06/02/2026 19:55,16.8,455
06/02/2026 20:05,16.7,449
06/02/2026 20:15,16.7,450
06/02/2026 20:25,16.7,450
06/02/2026 20:35,16.8,444
06/02/2026 20:45,16.8,453
06/02/2026 20:55,16.8,444
06/02/2026 21:05,16.8,449
06/02/2026 21:15,16.7,439
06/02/2026 21:25,16.8,460
06/02/2026 21:35,16.7,439
06/02/2026 21:45,16.7,444
06/02/2026 21:55,16.7,450
06/02/2026 22:05,16.7,446
06/02/2026 22:15,16.6,448
06/02/2026 22:25,16.6,446
06/02/2026 22:35,16.6,442
06/02/2026 22:45,16.6,444
06/02/2026 22:55,16.6,452
06/02/2026 23:05,16.6,432
06/02/2026 23:15,16.6,448
06/02/2026 23:25,16.6,443
06/02/2026 23:35,16.6,440
06/02/2026 23:45,16.5,436
06/02/2026 23:55,16.5,432
07/02/2026 00:05,16.5,452
07/02/2026 00:15,16.4,433
07/02/2026 00:25,16.5,438
07/02/2026 00:35,16.4,438
07/02/2026 00:45,16.4,445
07/02/2026 00:55,16.4,446
07/02/2026 01:05,16.4,431
07/02/2026 01:15,16.3,435
07/02/2026 01:25,16.3,440
07/02/2026 01:35,16.3,445
07/02/2026 01:45,16.3,439
07/02/2026 01:55,16.2,428
07/02/2026 02:05,16.2,433
07/02/2026 02:15,16.2,434
07/02/2026 02:25,16.2,438
07/02/2026 02:35,16.2,443
07/02/2026 02:45,16.2,438
07/02/2026 02:55,16.2,437
07/02/2026 03:05,16.2,433
07/02/2026 03:15,16.1,434
07/02/2026 03:25,16.1,434
07/02/2026 03:35,16.1,433
07/02/2026 03:45,16.1,431
07/02/2026 03:55,16.1,439
07/02/2026 04:05,16,433
07/02/2026 04:15,16,429
07/02/2026 04:35,16,443
07/02/2026 04:45,16,434
07/02/2026 04:55,16,434
07/02/2026 05:05,16,441
07/02/2026 05:15,15.9,443
07/02/2026 05:25,15.9,432
07/02/2026 05:35,16,434
07/02/2026 05:45,16,445
07/02/2026 05:55,15.9,438
07/02/2026 06:05,15.9,427
07/02/2026 06:15,16,428
07/02/2026 06:25,16,436
07/02/2026 06:35,16,439
07/02/2026 06:45,15.9,444
07/02/2026 06:55,15.9,434
07/02/2026 07:05,15.9,442
07/02/2026 07:15,16,435
07/02/2026 07:25,16,437
07/02/2026 07:35,16,443
07/02/2026 07:45,15.9,440
07/02/2026 07:55,15.9,434
07/02/2026 08:05,15.9,442
07/02/2026 08:15,15.9,444
07/02/2026 08:25,15.9,444
07/02/2026 08:35,16,442
07/02/2026 08:45,15.9,441
07/02/2026 08:55,16,441
07/02/2026 09:05,15.9,439
07/02/2026 09:15,16,438
07/02/2026 09:25,15.9,448
07/02/2026 09:35,16,443
07/02/2026 09:45,16,441
07/02/2026 09:55,16,442
07/02/2026 10:05,16,432
07/02/2026 10:15,16,443
07/02/2026 10:25,16,429
07/02/2026 10:35,16.1,435
07/02/2026 10:45,16,449
07/02/2026 10:55,16,429
07/02/2026 11:05,16,442
07/02/2026 11:15,16,447
07/02/2026 11:25,16,440
07/02/2026 11:35,16.1,443
07/02/2026 11:45,16.1,440
07/02/2026 11:55,16.1,435
07/02/2026 12:05,16.1,428
07/02/2026 12:15,16.1,447
07/02/2026 12:25,16.1,442
07/02/2026 12:35,16.2,437
07/02/2026 12:45,16.1,438
07/02/2026 12:55,16.2,443
07/02/2026 13:05,16.2,428
07/02/2026 13:15,16.2,439
07/02/2026 13:25,16.2,437
07/02/2026 13:35,16.3,444
07/02/2026 13:55,16.3,443
07/02/2026 14:05,16.3,441
07/02/2026 14:15,16.3,437
07/02/2026 14:25,16.4,432
07/02/2026 14:35,16.4,439
07/02/2026 14:45,16.4,440
07/02/2026 14:55,16.4,436
07/02/2026 15:05,16.4,449
07/02/2026 15:15,16.4,436
07/02/2026 15:25,16.5,440
07/02/2026 15:35,16.5,441
07/02/2026 15:45,16.5,441
07/02/2026 15:55,16.5,436
07/02/2026 16:05,16.5,439
07/02/2026 16:15,16.5,442
07/02/2026 16:25,16.5,434
07/02/2026 16:35,16.5,441
07/02/2026 16:45,16.5,439
07/02/2026 16:55,16.5,437
07/02/2026 17:05,16.5,433
07/02/2026 17:15,16.5,439
07/02/2026 17:25,16.5,443
07/02/2026 17:35,16.5,447
07/02/2026 17:45,16.5,442
07/02/2026 17:55,16.5,450
07/02/2026 18:05,16.5,430
07/02/2026 18:15,16.5,439
07/02/2026 18:25,16.5,446
07/02/2026 18:35,16.5,437
07/02/2026 18:45,16.5,451
07/02/2026 18:54,16.4,445
07/02/2026 19:15,16.4,433
07/02/2026 19:24,16.4,439
07/02/2026 19:34,16.5,445
07/02/2026 19:44,16.5,446
07/02/2026 19:54,16.5,451
07/02/2026 20:04,16.5,437
07/02/2026 20:14,16.4,439
07/02/2026 20:24,16.4,450
07/02/2026 20:34,16.4,446
07/02/2026 20:45,16.4,445
07/02/2026 20:54,16.4,436
07/02/2026 21:04,16.4,437
07/02/2026 21:15,16.4,432
07/02/2026 21:24,16.4,436
07/02/2026 21:34,16.4,437
07/02/2026 21:44,16.4,447
07/02/2026 21:54,16.4,434
07/02/2026 22:04,16.4,444
07/02/2026 22:14,16.4,438
07/02/2026 22:24,16.3,441
07/02/2026 22:34,16.3,446
07/02/2026 22:44,16.3,447
07/02/2026 22:54,16.3,439
07/02/2026 23:04,16.3,427
07/02/2026 23:14,16.3,438
07/02/2026 23:24,16.3,444
07/02/2026 23:34,16.3,440
07/02/2026 23:44,16.3,435
07/02/2026 23:54,16.3,436
08/02/2026 00:04,16.2,443
08/02/2026 00:14,16.2,445
08/02/2026 00:24,16.2,448
08/02/2026 00:34,16.2,440
08/02/2026 00:44,16.2,449
08/02/2026 00:54,16.2,447
08/02/2026 01:04,16.1,439
08/02/2026 01:14,16.1,429
08/02/2026 01:24,16.1,443
08/02/2026 01:34,16.1,434
08/02/2026 01:44,16.1,441
08/02/2026 01:54,16.1,437
08/02/2026 02:04,16.1,449
08/02/2026 02:14,16.1,440
08/02/2026 02:24,16,440
08/02/2026 02:34,16.1,440
08/02/2026 02:44,16,437
08/02/2026 02:54,16,449
08/02/2026 03:04,16,445
08/02/2026 03:14,16,432
08/02/2026 03:24,16,439
08/02/2026 03:34,16,442
08/02/2026 03:44,16,428
08/02/2026 03:54,15.9,440
08/02/2026 04:04,15.9,443
08/02/2026 04:14,15.9,440
08/02/2026 04:24,15.9,438
08/02/2026 04:34,15.9,440
08/02/2026 04:44,15.9,431
08/02/2026 04:54,15.9,438
08/02/2026 05:04,15.9,445
08/02/2026 05:14,15.9,430
08/02/2026 05:24,15.8,441
08/02/2026 05:34,15.8,440
08/02/2026 05:44,15.8,440
08/02/2026 05:54,15.8,439
08/02/2026 06:04,15.8,435
08/02/2026 06:14,15.8,445
08/02/2026 06:24,15.8,439
08/02/2026 06:34,15.8,439
08/02/2026 06:44,15.8,443
08/02/2026 06:54,15.8,443
08/02/2026 07:04,15.8,444
08/02/2026 07:14,15.8,436
08/02/2026 07:24,15.8,437
08/02/2026 07:34,15.8,449
08/02/2026 07:44,15.8,437
08/02/2026 07:54,15.8,437
08/02/2026 08:04,15.8,444
08/02/2026 08:14,15.8,448
08/02/2026 08:24,15.8,440
08/02/2026 08:34,15.8,434
08/02/2026 08:44,15.8,445
08/02/2026 08:54,15.9,449
08/02/2026 09:04,15.9,455
08/02/2026 09:14,15.8,445
08/02/2026 09:24,15.9,448
08/02/2026 09:34,15.9,447
08/02/2026 09:44,15.9,445
08/02/2026 09:54,15.9,450
08/02/2026 10:04,15.9,450
08/02/2026 10:14,16,457
08/02/2026 10:24,16,442
08/02/2026 10:34,16,444
08/02/2026 10:44,16.1,436
08/02/2026 10:54,16.1,441
08/02/2026 11:04,16.1,442
08/02/2026 11:14,16.1,436
08/02/2026 11:24,16.1,437
08/02/2026 11:34,16.2,436
08/02/2026 11:44,16.2,432
08/02/2026 11:54,16.3,447
08/02/2026 12:04,16.3,448
08/02/2026 12:14,16.3,448
08/02/2026 12:24,16.4,447
08/02/2026 12:34,16.4,440
08/02/2026 12:44,16.4,460
08/02/2026 12:54,16.4,434
08/02/2026 13:04,16.4,462
08/02/2026 13:14,16.5,445
08/02/2026 13:24,16.5,456
08/02/2026 13:34,16.5,445
08/02/2026 13:44,16.5,432
08/02/2026 13:54,16.5,440
08/02/2026 14:04,16.6,437
08/02/2026 14:14,16.6,444
08/02/2026 14:24,16.5,444
08/02/2026 14:34,16.5,445
08/02/2026 14:44,16.5,439
08/02/2026 14:54,16.5,450
08/02/2026 15:04,16.5,440
08/02/2026 15:14,16.6,442
08/02/2026 15:24,16.5,424
08/02/2026 15:34,16.6,430
08/02/2026 15:44,16.6,444
08/02/2026 15:54,16.5,433
08/02/2026 16:04,16.5,431
08/02/2026 16:14,16.5,442
08/02/2026 16:24,16.5,455
08/02/2026 16:34,16.5,442
08/02/2026 16:44,16.5,450
08/02/2026 16:54,16.5,447
08/02/2026 17:04,16.5,452
08/02/2026 17:14,16.5,459
08/02/2026 17:24,16.4,450
08/02/2026 17:34,16.4,468
08/02/2026 17:44,16.4,457
08/02/2026 17:54,16.4,441
08/02/2026 18:04,16.4,446
08/02/2026 18:14,16.4,451
08/02/2026 18:24,16.3,452
08/02/2026 18:34,16.4,451
08/02/2026 18:44,16.4,447
08/02/2026 18:54,16.3,432
08/02/2026 19:04,16.3,440
08/02/2026 19:14,16.3,446
08/02/2026 19:24,16.3,440
08/02/2026 19:34,16.3,439
08/02/2026 19:44,16.3,438
08/02/2026 19:54,16.2,447
08/02/2026 20:04,16.2,441
08/02/2026 20:14,16.2,435
08/02/2026 20:24,16.2,438
08/02/2026 20:34,16.2,446
08/02/2026 20:44,16.2,441
08/02/2026 20:54,16.2,445
08/02/2026 21:04,16.2,441
08/02/2026 21:14,16.2,444
08/02/2026 21:24,16.2,448
08/02/2026 21:34,16.1,454
08/02/2026 21:44,16.1,447
08/02/2026 21:54,16.1,449
08/02/2026 22:04,16.1,438
08/02/2026 22:14,16.1,457
08/02/2026 22:24,16.1,449
08/02/2026 22:34,16.1,455
08/02/2026 22:44,16.1,442
08/02/2026 22:54,16.1,444
08/02/2026 23:04,16.1,448
08/02/2026 23:14,16.1,449
08/02/2026 23:24,16.1,444
08/02/2026 23:34,16.1,447
08/02/2026 23:44,16,452
08/02/2026 23:54,16,441
09/02/2026 00:04,16,448
09/02/2026 00:14,16,451
09/02/2026 00:24,16,457
09/02/2026 00:34,16,437
09/02/2026 00:44,16,450
09/02/2026 00:54,16,441
09/02/2026 01:04,16,453
09/02/2026 01:14,16,450
09/02/2026 01:24,16,442
09/02/2026 01:34,15.9,449
09/02/2026 01:44,15.9,436
09/02/2026 01:54,16,444
09/02/2026 02:04,16,440
09/02/2026 02:14,15.9,444
09/02/2026 02:24,15.9,435
09/02/2026 02:34,15.9,442
09/02/2026 02:44,15.9,434
09/02/2026 02:54,15.9,428
09/02/2026 03:04,15.9,432
09/02/2026 03:14,15.8,431
09/02/2026 03:24,15.8,432
09/02/2026 03:34,15.9,439
09/02/2026 03:44,15.8,440
09/02/2026 03:54,15.8,434
09/02/2026 04:04,15.8,437
09/02/2026 04:14,15.8,433
09/02/2026 04:24,15.8,437
09/02/2026 04:34,15.8,442
09/02/2026 04:44,15.8,439
09/02/2026 04:54,15.7,437
09/02/2026 05:04,15.7,448
09/02/2026 05:14,15.7,450
09/02/2026 05:24,15.7,443
09/02/2026 05:34,15.7,448
09/02/2026 05:44,15.8,442
09/02/2026 05:54,15.8,448
09/02/2026 06:04,15.7,446
09/02/2026 06:14,15.7,445
09/02/2026 06:24,15.7,434
09/02/2026 06:34,15.7,436
09/02/2026 06:44,15.7,438
09/02/2026 06:54,15.7,439
09/02/2026 07:04,15.7,448
09/02/2026 07:14,15.9,437
09/02/2026 07:24,16.8,442
09/02/2026 07:34,17.3,450
09/02/2026 07:44,17.4,446
09/02/2026 07:54,17.5,447
09/02/2026 08:04,17.6,452
09/02/2026 08:14,17.5,452
09/02/2026 08:24,17.2,445
09/02/2026 08:34,17.2,452
09/02/2026 08:44,17.4,446
09/02/2026 08:54,17.3,456
09/02/2026 09:04,17.2,459
09/02/2026 09:14,17.2,454
09/02/2026 09:24,17.2,459
09/02/2026 09:34,17.2,456
09/02/2026 09:44,17.1,456
09/02/2026 09:54,17.1,448
09/02/2026 10:04,17.1,463
09/02/2026 10:14,17.1,460
09/02/2026 10:24,16.9,452
09/02/2026 10:34,16.8,453
09/02/2026 10:44,16.8,460
09/02/2026 10:54,16.7,463
09/02/2026 11:04,16.7,474
09/02/2026 11:14,16.6,485
09/02/2026 11:24,16.6,455
09/02/2026 11:34,16.6,462
09/02/2026 11:44,16.5,468
09/02/2026 11:54,16.5,458
09/02/2026 12:04,16.5,449
09/02/2026 12:14,16.5,473
09/02/2026 12:24,16.5,451
09/02/2026 12:34,16.4,464
09/02/2026 12:44,16.5,461
09/02/2026 12:54,16.4,480
09/02/2026 13:04,16.4,462
09/02/2026 13:14,16.5,463
09/02/2026 13:24,16.5,463
09/02/2026 13:34,16.5,467
09/02/2026 13:44,16.5,492
09/02/2026 13:54,16.5,469
09/02/2026 14:04,16.5,486
09/02/2026 14:14,16.5,473
09/02/2026 14:24,16.5,453
09/02/2026 14:34,16.5,467
09/02/2026 14:44,16.5,483
09/02/2026 14:54,16.5,464
09/02/2026 15:14,16.5,496
09/02/2026 15:24,16.5,497
09/02/2026 15:34,16.5,473
09/02/2026 15:44,16.5,470
09/02/2026 15:54,16.5,487
09/02/2026 16:04,16.5,484
09/02/2026 16:14,16.5,482
09/02/2026 16:24,16.5,489
09/02/2026 16:34,16.5,484
09/02/2026 16:44,16.4,480
09/02/2026 16:54,16.4,473
09/02/2026 17:04,16.5,464
09/02/2026 17:14,16.5,457
09/02/2026 17:24,16.5,459
09/02/2026 17:34,16.4,488
09/02/2026 17:44,16.4,468
09/02/2026 17:54,16.3,467
09/02/2026 18:04,16.3,480
09/02/2026 18:14,16.3,467
09/02/2026 18:24,16.2,475
09/02/2026 18:34,16.2,453
09/02/2026 18:44,16.2,454
09/02/2026 18:54,16.3,460
09/02/2026 19:04,16.6,447
09/02/2026 19:14,16.7,453
09/02/2026 19:24,16.7,444
09/02/2026 19:34,16.8,449
09/02/2026 19:44,16.9,462
09/02/2026 19:54,16.8,441
09/02/2026 20:04,16.8,442
09/02/2026 20:14,16.9,443
09/02/2026 20:24,16.9,448
09/02/2026 20:34,16.9,447
09/02/2026 20:44,16.9,437
09/02/2026 20:54,16.9,440
09/02/2026 21:14,16.9,445
09/02/2026 21:54,16.7,434
09/02/2026 22:04,16.7,440
09/02/2026 22:24,16.7,447
09/02/2026 22:34,16.7,438
09/02/2026 22:44,16.6,439
09/02/2026 22:54,16.6,444
09/02/2026 23:04,16.6,444
09/02/2026 23:14,16.6,434
09/02/2026 23:24,16.6,434
09/02/2026 23:34,16.6,429
09/02/2026 23:44,16.6,448
10/02/2026 00:24,16.5,439
10/02/2026 01:04,16.5,436
10/02/2026 02:14,16.4,433
10/02/2026 02:44,16.4,434
10/02/2026 03:24,16.4,439
10/02/2026 03:44,16.4,439
10/02/2026 04:24,16.4,438
10/02/2026 04:44,16.3,446
10/02/2026 05:04,16.3,443
10/02/2026 05:14,16.3,448
10/02/2026 05:24,16.3,439
10/02/2026 05:34,16.3,443
10/02/2026 05:44,16.3,442
10/02/2026 05:54,16.3,446
10/02/2026 06:04,16.3,438
10/02/2026 06:14,16.3,443
10/02/2026 06:24,16.3,439
10/02/2026 06:34,16.3,456
10/02/2026 06:44,16.3,456
10/02/2026 06:54,16.3,446
10/02/2026 07:04,16.3,444
10/02/2026 07:14,16.3,444
10/02/2026 07:24,16.8,445
10/02/2026 07:34,17.4,435
10/02/2026 07:44,17.3,450
10/02/2026 07:54,17.1,452
10/02/2026 08:04,17.1,443
10/02/2026 08:14,17.3,440
10/02/2026 08:24,17.3,463
10/02/2026 08:34,17.2,445
10/02/2026 08:44,17.3,465
10/02/2026 08:54,17.3,456
10/02/2026 09:04,17.3,461
10/02/2026 09:14,17.2,458
10/02/2026 09:34,17.2,451
10/02/2026 09:54,17.1,447
10/02/2026 10:04,17.1,477
10/02/2026 10:14,17.1,499
10/02/2026 10:24,17.1,501
10/02/2026 10:34,17.1,480
10/02/2026 10:44,17.1,457
10/02/2026 11:04,17.1,469
10/02/2026 11:14,17,467
10/02/2026 11:24,16.9,455
10/02/2026 11:34,16.9,460
10/02/2026 11:44,16.8,462
10/02/2026 11:54,16.8,466
10/02/2026 12:04,16.8,455
10/02/2026 12:14,16.8,463
10/02/2026 12:24,16.8,463
10/02/2026 12:34,16.8,455
10/02/2026 12:44,16.8,446
10/02/2026 12:54,16.8,459
10/02/2026 13:04,16.7,462
10/02/2026 13:14,16.8,447
10/02/2026 13:34,16.8,443
10/02/2026 13:44,16.8,449
10/02/2026 13:54,16.8,462
10/02/2026 14:04,16.8,437
10/02/2026 14:14,16.8,459
10/02/2026 14:24,16.8,475
10/02/2026 14:44,16.8,461
10/02/2026 14:54,16.9,460
10/02/2026 15:04,16.9,458
10/02/2026 15:14,16.9,475
10/02/2026 15:24,16.9,479
10/02/2026 15:34,16.9,477
10/02/2026 15:44,16.9,485
10/02/2026 16:14,16.9,470
10/02/2026 16:24,16.9,450
10/02/2026 16:34,16.9,454
10/02/2026 16:44,16.9,451
10/02/2026 16:54,17,463
10/02/2026 17:04,16.9,457
10/02/2026 17:14,17,463
10/02/2026 17:24,16.9,454
10/02/2026 17:34,16.9,466
10/02/2026 17:44,16.9,461
10/02/2026 17:54,16.9,455
10/02/2026 18:04,16.9,463
10/02/2026 18:24,16.9,462
10/02/2026 18:34,16.9,443
10/02/2026 18:44,16.8,454
10/02/2026 18:54,16.8,462
10/02/2026 19:04,16.8,448
10/02/2026 19:14,16.8,452
10/02/2026 19:24,16.8,459
10/02/2026 19:34,16.7,441
10/02/2026 19:44,16.8,441
10/02/2026 19:54,16.8,448
10/02/2026 20:04,16.8,439
10/02/2026 20:14,16.7,450
10/02/2026 20:24,16.7,446
10/02/2026 20:34,16.7,446
10/02/2026 20:44,16.7,440
10/02/2026 20:54,16.7,444
10/02/2026 21:04,16.7,438
10/02/2026 21:14,16.9,438
10/02/2026 21:24,16.9,440
10/02/2026 21:34,16.9,444
10/02/2026 21:44,17,449
10/02/2026 21:54,17,443
10/02/2026 22:04,17.1,443
10/02/2026 22:14,17,444
10/02/2026 22:24,17.1,441
10/02/2026 22:34,17.1,453
10/02/2026 22:44,17.1,448
10/02/2026 22:54,17.1,444
10/02/2026 23:04,17.1,447
10/02/2026 23:14,17.1,442
10/02/2026 23:24,17.2,443
10/02/2026 23:34,17.2,443
10/02/2026 23:44,17.2,444
10/02/2026 23:54,17.2,447
11/02/2026 00:04,17.2,443
11/02/2026 00:14,17.2,451
11/02/2026 00:24,17.2,452
11/02/2026 00:34,17.2,448
11/02/2026 00:44,17.2,450
11/02/2026 00:54,17.2,468
11/02/2026 01:04,17.2,445
11/02/2026 01:14,17.2,431
11/02/2026 01:24,17.2,444
11/02/2026 01:34,17.2,453
11/02/2026 01:44,17.2,450
11/02/2026 01:54,17.2,452
11/02/2026 02:04,17.2,453
11/02/2026 02:14,17.2,441
11/02/2026 02:24,17.2,440
11/02/2026 02:34,17.2,435
11/02/2026 02:44,17.2,436
11/02/2026 02:54,17.2,441
11/02/2026 03:04,17.2,447
11/02/2026 03:14,17.2,433
11/02/2026 03:24,17.2,429
11/02/2026 03:34,17.2,436
11/02/2026 03:44,17.2,440
11/02/2026 03:54,17.2,432
11/02/2026 04:04,17.2,437
11/02/2026 04:14,17.2,432
11/02/2026 04:24,17.2,439
11/02/2026 04:34,17.2,431
11/02/2026 04:44,17.2,439
11/02/2026 04:54,17.2,441
11/02/2026 05:04,17.2,439
11/02/2026 05:14,17.2,436
11/02/2026 05:24,17.2,437
11/02/2026 05:34,17.2,425
11/02/2026 05:44,17.2,439
11/02/2026 05:54,17.2,428
11/02/2026 06:04,17.2,440
11/02/2026 06:14,17.2,432
11/02/2026 06:24,17.2,427
11/02/2026 06:34,17.2,434
11/02/2026 06:44,17.2,439
11/02/2026 06:54,17.2,441
11/02/2026 07:04,17.2,445
11/02/2026 07:14,17.1,443
11/02/2026 07:24,17,439
11/02/2026 07:34,17,433
11/02/2026 07:44,16.9,429
11/02/2026 07:54,16.9,445
11/02/2026 08:04,16.8,453
11/02/2026 08:14,16.8,449
11/02/2026 08:24,16.8,448
11/02/2026 08:34,16.8,449
11/02/2026 08:44,16.8,441
11/02/2026 08:54,16.8,433
11/02/2026 09:04,16.7,451
11/02/2026 09:14,16.7,439
11/02/2026 09:24,16.7,448
11/02/2026 09:44,16.8,448
11/02/2026 09:54,16.8,443
11/02/2026 10:04,16.8,437
11/02/2026 10:14,16.8,436
11/02/2026 10:24,16.8,454
11/02/2026 10:34,16.8,461
11/02/2026 10:44,16.9,438
11/02/2026 10:54,16.8,451
11/02/2026 11:04,16.9,455
11/02/2026 11:34,16.9,463
11/02/2026 11:44,16.9,436
11/02/2026 11:54,16.9,456
11/02/2026 12:04,17,449
11/02/2026 12:14,17,438
11/02/2026 12:24,17,459
11/02/2026 12:34,17,454
11/02/2026 12:54,17,453
11/02/2026 13:04,17,453
11/02/2026 13:14,17,459
11/02/2026 13:24,17.1,454
11/02/2026 13:34,17,455
11/02/2026 13:44,17,465
11/02/2026 13:54,16.9,458
11/02/2026 14:04,16.8,449
11/02/2026 14:14,17,459
11/02/2026 14:24,17,448
11/02/2026 14:34,17,459
11/02/2026 14:44,17,463
11/02/2026 15:04,17,441
11/02/2026 15:24,17.1,460
11/02/2026 15:54,17.1,463
11/02/2026 16:04,17.1,449
11/02/2026 16:14,17.1,454
11/02/2026 16:34,17,456
11/02/2026 16:44,17,438
11/02/2026 17:04,17,445
11/02/2026 17:14,17,478
11/02/2026 17:24,17,451
11/02/2026 17:34,17,440
11/02/2026 17:44,17,437
11/02/2026 17:54,17,437
11/02/2026 18:04,17,440
11/02/2026 18:14,17,435
11/02/2026 18:24,17,438
11/02/2026 18:34,16.9,442
11/02/2026 18:44,16.9,434
11/02/2026 18:54,16.9,426
11/02/2026 19:04,16.9,424
11/02/2026 19:14,16.9,425
11/02/2026 19:24,16.9,420
11/02/2026 19:34,16.9,439
11/02/2026 19:44,16.9,425
11/02/2026 19:54,16.9,425
11/02/2026 20:04,16.8,433
11/02/2026 20:14,16.8,424
11/02/2026 20:24,16.9,431
11/02/2026 20:34,16.9,427
11/02/2026 20:44,16.9,428
11/02/2026 20:54,16.9,434
11/02/2026 21:04,17,417
11/02/2026 21:14,17,430
11/02/2026 21:24,17,431
11/02/2026 21:34,17,430
11/02/2026 21:44,17,426
11/02/2026 21:54,17.1,426
11/02/2026 22:04,17,433
11/02/2026 22:14,17.1,431
11/02/2026 22:24,17.1,442
11/02/2026 22:34,17,435
11/02/2026 22:44,17,432
11/02/2026 22:54,17,426
11/02/2026 23:04,17,440
11/02/2026 23:14,17,438
11/02/2026 23:24,17,442
11/02/2026 23:34,17,448
11/02/2026 23:44,17,438
11/02/2026 23:54,17,446
12/02/2026 00:04,17,450
12/02/2026 00:14,17,439
12/02/2026 00:24,17,451
12/02/2026 00:34,17,447
12/02/2026 00:44,16.9,434
12/02/2026 00:54,16.9,447
12/02/2026 01:04,16.9,429
12/02/2026 01:14,16.9,434
12/02/2026 01:24,16.9,427
12/02/2026 01:34,16.8,429
12/02/2026 01:44,16.8,425
12/02/2026 01:54,16.8,428
12/02/2026 02:04,16.8,437
12/02/2026 02:14,16.8,436
12/02/2026 02:24,16.8,429
12/02/2026 02:34,16.7,431
12/02/2026 02:44,16.7,444
12/02/2026 02:54,16.7,430
12/02/2026 03:04,16.7,430
12/02/2026 03:14,16.7,435
12/02/2026 03:24,16.7,429
12/02/2026 03:34,16.7,442
12/02/2026 03:44,16.6,441
12/02/2026 03:53,16.6,438
12/02/2026 04:04,16.6,439
12/02/2026 04:14,16.6,427
12/02/2026 04:24,16.6,437
12/02/2026 04:33,16.6,434
12/02/2026 04:43,16.6,442
12/02/2026 04:54,16.6,440
12/02/2026 05:04,16.5,438
12/02/2026 05:13,16.5,436
12/02/2026 05:24,16.5,447
12/02/2026 05:34,16.6,450
12/02/2026 05:43,16.6,439
12/02/2026 05:54,16.5,441
12/02/2026 06:03,16.5,440
12/02/2026 06:14,16.4,441
12/02/2026 06:24,16.5,447
12/02/2026 06:33,16.5,448
12/02/2026 06:44,16.4,452
12/02/2026 06:53,16.4,450
12/02/2026 07:03,16.4,453
12/02/2026 07:13,16.4,439
12/02/2026 07:23,16.3,458
12/02/2026 07:33,16.8,441
12/02/2026 07:43,17.2,446
12/02/2026 07:53,17.1,439
12/02/2026 08:03,16.9,465
12/02/2026 08:13,16.8,461
12/02/2026 08:23,16.8,452
12/02/2026 08:33,16.9,453
12/02/2026 08:43,16.9,453
12/02/2026 08:53,16.8,448
12/02/2026 09:03,16.9,467
12/02/2026 09:13,16.9,470
12/02/2026 09:23,16.9,456
12/02/2026 09:33,16.9,452
12/02/2026 09:43,16.9,448
12/02/2026 09:53,16.9,444
12/02/2026 10:03,16.9,460
12/02/2026 10:13,16.9,451
12/02/2026 10:23,16.9,459
12/02/2026 10:33,16.9,449
12/02/2026 10:43,16.9,448
12/02/2026 10:53,17,453
12/02/2026 11:03,16.9,455
12/02/2026 11:13,16.9,480
12/02/2026 11:23,16.9,471
12/02/2026 11:33,16.9,460
12/02/2026 11:43,17,571
12/02/2026 11:53,17,718
12/02/2026 12:03,16.9,571
12/02/2026 12:13,16.9,503
12/02/2026 12:23,16.9,484
12/02/2026 12:33,16.9,494
12/02/2026 12:43,16.9,502
12/02/2026 12:53,16.9,493
12/02/2026 13:03,16.8,498
12/02/2026 13:13,16.9,490
12/02/2026 13:23,16.8,489
12/02/2026 13:33,16.8,493
12/02/2026 13:43,16.9,491
12/02/2026 13:53,16.9,495
12/02/2026 14:03,16.8,491
12/02/2026 14:13,16.8,474
12/02/2026 14:23,16.9,517
12/02/2026 14:33,16.9,493
12/02/2026 14:33,16.9,493
12/02/2026 14:43,16.9,479
12/02/2026 15:03,16.9,467
12/02/2026 15:13,16.9,479
12/02/2026 15:23,16.9,484
12/02/2026 15:33,16.9,474
12/02/2026 15:43,16.9,477
12/02/2026 15:53,16.8,482
12/02/2026 16:03,16.8,475
12/02/2026 16:13,16.8,493
12/02/2026 16:23,16.8,497
12/02/2026 16:33,16.8,487
12/02/2026 16:43,16.8,486
12/02/2026 16:53,16.8,478
12/02/2026 17:03,16.8,476
12/02/2026 17:13,16.8,486
12/02/2026 17:23,16.8,473
12/02/2026 17:33,16.8,478
12/02/2026 17:43,16.8,473
12/02/2026 17:53,16.7,464
12/02/2026 18:03,16.7,463
12/02/2026 18:13,16.7,478
12/02/2026 18:23,16.7,457
12/02/2026 18:43,16.7,462
12/02/2026 18:53,16.6,469
12/02/2026 19:03,16.6,462
12/02/2026 19:13,16.6,463
12/02/2026 19:23,16.6,467
12/02/2026 19:33,16.6,459
12/02/2026 19:43,16.5,462
12/02/2026 19:53,16.5,471
12/02/2026 20:03,16.5,471
12/02/2026 20:13,16.5,462
12/02/2026 20:23,16.5,461
12/02/2026 20:33,16.5,463
12/02/2026 20:43,16.5,466
12/02/2026 20:53,16.5,470
12/02/2026 21:03,16.5,454
12/02/2026 21:13,16.5,472
12/02/2026 21:23,16.5,469
12/02/2026 21:33,16.5,468
12/02/2026 21:43,16.4,470
12/02/2026 21:53,16.4,473
12/02/2026 22:03,16.4,485
12/02/2026 22:13,16.4,476
12/02/2026 22:23,16.4,462
12/02/2026 22:33,16.4,473
12/02/2026 22:43,16.4,472
12/02/2026 22:53,16.4,479
12/02/2026 23:03,16.4,476
12/02/2026 23:13,16.4,469
12/02/2026 23:23,16.3,472
12/02/2026 23:33,16.3,471
12/02/2026 23:43,16.3,474
13/02/2026 00:03,16.3,474
13/02/2026 00:13,16.3,464
13/02/2026 00:23,16.3,449
13/02/2026 00:33,16.3,450
13/02/2026 00:43,16.3,446
13/02/2026 00:53,16.3,442
13/02/2026 01:03,16.3,440
13/02/2026 01:13,16.3,444
13/02/2026 01:23,16.2,442
13/02/2026 01:33,16.3,444
13/02/2026 01:43,16.3,429
13/02/2026 01:53,16.3,437
13/02/2026 02:03,16.2,442
13/02/2026 02:13,16.2,439
13/02/2026 02:23,16.3,450
13/02/2026 02:33,16.2,437
13/02/2026 02:43,16.2,438
13/02/2026 02:53,16.2,440
13/02/2026 03:03,16.2,440
13/02/2026 03:13,16.1,437
13/02/2026 03:23,16.1,435
13/02/2026 03:33,16.1,434
13/02/2026 03:43,16.1,438
13/02/2026 03:53,16.1,435
13/02/2026 04:03,16.1,457
13/02/2026 04:23,16.1,477
13/02/2026 04:33,16.1,479
13/02/2026 04:43,16,467
13/02/2026 04:53,16,485
13/02/2026 05:23,16,487
13/02/2026 05:33,15.9,486
13/02/2026 05:43,15.9,483
13/02/2026 05:53,15.9,469
13/02/2026 06:03,15.9,476
13/02/2026 06:13,15.9,480
13/02/2026 06:23,15.9,490
13/02/2026 06:33,15.8,499
13/02/2026 06:43,15.8,483
13/02/2026 06:53,15.8,488
13/02/2026 07:03,15.8,492
13/02/2026 07:13,15.8,480
13/02/2026 07:23,15.9,485
13/02/2026 07:33,15.9,486
13/02/2026 07:43,16,487
13/02/2026 07:53,16,487
13/02/2026 08:03,16,476
13/02/2026 08:13,16,487
13/02/2026 08:23,16,477
13/02/2026 08:33,16,482
13/02/2026 08:43,16,482
13/02/2026 08:53,16,473
13/02/2026 09:03,15.9,478
13/02/2026 09:13,15.9,476
13/02/2026 09:23,15.9,475
13/02/2026 09:33,15.9,484
13/02/2026 09:43,16,488
13/02/2026 09:53,15.9,477
13/02/2026 10:03,16,457
13/02/2026 10:13,16,468
13/02/2026 10:23,16,469
13/02/2026 10:33,16,468
13/02/2026 10:43,16,469
13/02/2026 10:53,16,479
13/02/2026 11:03,15.9,463
13/02/2026 11:13,15.9,479
13/02/2026 11:23,15.9,462
13/02/2026 11:33,15.8,470
13/02/2026 11:43,15.8,467
13/02/2026 11:53,15.8,472
13/02/2026 12:13,15.9,477
13/02/2026 12:23,15.9,478
13/02/2026 12:33,15.9,468
13/02/2026 12:43,16,471
13/02/2026 12:53,16.1,464
13/02/2026 13:03,16.1,473
13/02/2026 13:13,16.1,486
13/02/2026 13:23,16.2,470
13/02/2026 13:33,16.2,467
13/02/2026 13:43,16.2,463
13/02/2026 13:53,16.3,490
13/02/2026 14:03,16.2,477
13/02/2026 14:13,16.3,465
13/02/2026 14:23,16.2,462
13/02/2026 14:33,16.2,458
13/02/2026 14:43,16.2,466
13/02/2026 14:53,16.2,473
13/02/2026 15:03,16.2,457
13/02/2026 15:13,16.2,463
13/02/2026 15:23,16.3,455
13/02/2026 15:33,16.3,481
13/02/2026 15:43,16.3,491
13/02/2026 15:53,16.3,492
13/02/2026 16:03,16.3,489
13/02/2026 16:13,16.3,471
13/02/2026 16:23,16.3,454
13/02/2026 16:33,16.2,455
13/02/2026 16:43,16.2,442
13/02/2026 16:53,16.2,452
13/02/2026 17:03,16.1,467
13/02/2026 17:13,16.2,457
13/02/2026 17:33,16.2,461
13/02/2026 17:43,16.2,451
13/02/2026 17:53,16.2,471
13/02/2026 18:13,16.2,444
13/02/2026 18:23,16.1,462
13/02/2026 18:33,16.1,457
13/02/2026 18:43,16.2,459
13/02/2026 18:53,16.2,447
13/02/2026 19:03,16.3,453
13/02/2026 19:13,16.4,445
13/02/2026 19:23,16.4,441
13/02/2026 19:33,16.5,430
13/02/2026 19:43,16.6,449
13/02/2026 19:53,16.7,443
13/02/2026 20:03,16.8,449
13/02/2026 20:13,16.9,434
13/02/2026 20:23,17,435
13/02/2026 20:33,17.1,437
13/02/2026 20:43,17.2,439
13/02/2026 20:53,17.1,440
13/02/2026 21:03,16.9,444
13/02/2026 21:13,16.6,454
13/02/2026 21:23,16.5,449
13/02/2026 21:33,16.4,445
13/02/2026 21:43,16.2,447
13/02/2026 21:53,16.1,436
13/02/2026 22:03,16,430
13/02/2026 22:13,15.9,433
13/02/2026 22:23,15.9,448
13/02/2026 22:33,15.8,441
13/02/2026 22:43,15.7,441
13/02/2026 22:53,15.7,440
13/02/2026 23:03,15.6,435
13/02/2026 23:13,15.6,443
13/02/2026 23:23,15.5,439
13/02/2026 23:33,15.5,450
13/02/2026 23:43,15.5,445
13/02/2026 23:53,15.4,437
14/02/2026 00:03,15.4,428
14/02/2026 00:13,15.3,437
14/02/2026 00:23,15.3,433
14/02/2026 00:33,15.2,440
14/02/2026 00:43,15.2,439
14/02/2026 00:53,15.1,434
14/02/2026 01:03,15.1,433
14/02/2026 01:13,15.1,440
14/02/2026 01:23,15.1,439
14/02/2026 01:33,15,433
14/02/2026 01:43,14.9,438
14/02/2026 01:53,14.9,442
14/02/2026 02:03,14.9,434
14/02/2026 02:13,14.9,441
14/02/2026 02:23,14.9,431
14/02/2026 02:33,14.8,442
14/02/2026 02:43,14.8,438
14/02/2026 02:53,14.7,444
14/02/2026 03:03,14.7,427
14/02/2026 03:13,14.6,427
14/02/2026 03:23,14.6,436
14/02/2026 03:33,14.6,441
14/02/2026 03:43,14.6,436
14/02/2026 03:53,14.5,427
14/02/2026 04:03,14.5,427
14/02/2026 04:13,14.4,432
14/02/2026 04:23,14.4,432
14/02/2026 04:33,14.4,432
14/02/2026 04:43,14.4,431
14/02/2026 04:53,14.3,440
14/02/2026 05:03,14.3,436
14/02/2026 05:13,14.2,438
14/02/2026 05:23,14.2,432
14/02/2026 05:33,14.1,438
14/02/2026 05:43,14.1,435
14/02/2026 05:53,14,438
14/02/2026 06:03,13.9,436
14/02/2026 06:13,13.9,436
14/02/2026 06:23,13.9,445
14/02/2026 06:33,13.8,448
14/02/2026 06:43,13.8,444
14/02/2026 06:53,13.8,444
14/02/2026 07:03,13.7,438
14/02/2026 07:13,13.7,444
14/02/2026 07:23,13.7,446
14/02/2026 07:33,13.6,448
14/02/2026 07:43,13.6,447
14/02/2026 07:53,13.6,452
14/02/2026 08:03,13.6,448
14/02/2026 08:13,13.5,448
14/02/2026 08:23,13.6,452
14/02/2026 08:33,13.6,452
14/02/2026 08:43,13.6,448
14/02/2026 08:53,13.5,443
14/02/2026 09:03,13.6,440
14/02/2026 09:13,13.5,445
14/02/2026 09:23,13.5,444
14/02/2026 09:33,13.5,445
14/02/2026 09:43,13.5,449
14/02/2026 09:53,13.5,448
14/02/2026 10:03,13.6,449
14/02/2026 10:13,13.5,430
14/02/2026 10:23,13.5,442
14/02/2026 10:33,13.6,449
14/02/2026 10:43,13.5,437
14/02/2026 10:53,13.5,439
14/02/2026 11:03,13.6,434
14/02/2026 11:13,13.6,442
14/02/2026 11:23,13.6,448
14/02/2026 11:33,13.6,434
14/02/2026 11:43,13.6,447
14/02/2026 11:53,13.6,436
14/02/2026 12:03,13.6,446
14/02/2026 12:13,13.7,434
14/02/2026 12:23,13.7,448
14/02/2026 12:33,13.7,450
14/02/2026 12:43,13.7,459
14/02/2026 12:53,13.7,445
14/02/2026 13:03,13.8,445
14/02/2026 13:13,13.7,446
14/02/2026 13:23,13.8,433
14/02/2026 13:33,13.8,427
14/02/2026 13:43,13.8,437
14/02/2026 13:53,13.8,438
14/02/2026 14:03,13.8,441
14/02/2026 14:13,13.9,438
14/02/2026 14:23,13.9,442
14/02/2026 14:33,13.9,440
14/02/2026 14:43,13.8,435
14/02/2026 14:53,13.8,438
14/02/2026 15:03,13.9,438
14/02/2026 15:13,13.9,437
14/02/2026 15:23,13.9,442
14/02/2026 15:33,13.9,443
14/02/2026 15:43,13.9,468
14/02/2026 15:53,14,443
14/02/2026 16:03,13.9,440
14/02/2026 16:13,14,444
14/02/2026 16:23,14,449
14/02/2026 16:33,14,444
14/02/2026 16:43,14,459
14/02/2026 16:53,13.9,434
14/02/2026 17:03,13.9,450
14/02/2026 17:13,13.9,522
14/02/2026 17:23,13.9,573
14/02/2026 17:33,13.9,538
14/02/2026 17:43,13.9,550
14/02/2026 17:53,13.9,559
14/02/2026 18:03,13.9,532
14/02/2026 18:13,13.9,531
14/02/2026 18:23,13.9,525
14/02/2026 18:33,13.9,522
14/02/2026 18:43,13.9,527
14/02/2026 18:53,13.9,528
14/02/2026 19:03,13.9,526
14/02/2026 19:13,13.9,531
14/02/2026 19:23,13.9,514
14/02/2026 19:33,14,502
14/02/2026 19:43,13.9,513
14/02/2026 19:53,13.9,509
14/02/2026 20:03,13.9,505
14/02/2026 20:13,13.9,511
14/02/2026 20:23,14,506
14/02/2026 20:33,14,511
14/02/2026 20:43,14,517
14/02/2026 20:53,13.9,509
14/02/2026 21:03,13.9,507
14/02/2026 21:13,14,494
14/02/2026 21:23,14,496
14/02/2026 21:33,14,499
14/02/2026 21:43,14,495
14/02/2026 21:53,14,509
14/02/2026 22:03,14,485
14/02/2026 22:13,14,488
14/02/2026 22:23,14,490
14/02/2026 22:33,14,485
14/02/2026 22:43,14,475
14/02/2026 22:53,13.9,479
14/02/2026 23:03,13.9,484
14/02/2026 23:13,13.9,475
14/02/2026 23:23,13.9,478
14/02/2026 23:33,13.9,483
14/02/2026 23:43,13.9,474
14/02/2026 23:53,13.9,470
15/02/2026 00:03,13.9,471
15/02/2026 00:13,13.9,465
15/02/2026 00:23,13.9,471
15/02/2026 00:33,13.9,460
15/02/2026 00:43,13.9,462
15/02/2026 00:53,13.9,451
15/02/2026 01:03,13.8,456
15/02/2026 01:13,13.8,458
15/02/2026 01:23,13.8,453
15/02/2026 01:33,13.8,459
15/02/2026 01:43,13.8,449
15/02/2026 01:53,13.8,440
15/02/2026 02:03,13.9,453
15/02/2026 02:13,13.9,432
15/02/2026 02:23,13.9,431
15/02/2026 02:33,13.8,440
15/02/2026 02:43,13.8,439
15/02/2026 02:53,13.8,439
15/02/2026 03:03,13.8,436
15/02/2026 03:13,13.8,441
15/02/2026 03:23,13.9,435
15/02/2026 03:33,13.9,447
15/02/2026 03:43,13.8,428
15/02/2026 03:53,13.8,429
15/02/2026 04:03,13.8,434
15/02/2026 04:13,13.8,431
15/02/2026 04:23,13.8,433
15/02/2026 04:33,13.8,438
15/02/2026 04:43,13.8,429
15/02/2026 04:53,13.8,420
15/02/2026 05:03,13.8,433
15/02/2026 05:13,13.8,424
15/02/2026 05:23,13.8,431
15/02/2026 05:33,13.8,421
15/02/2026 05:43,13.8,433
15/02/2026 05:53,13.8,430
15/02/2026 06:03,13.8,435
15/02/2026 06:13,13.8,430
15/02/2026 06:23,13.8,430
15/02/2026 06:33,13.8,426
15/02/2026 06:43,13.7,413
15/02/2026 06:53,13.7,430
15/02/2026 07:03,13.7,434
15/02/2026 07:13,13.7,434
15/02/2026 07:23,13.7,432
15/02/2026 07:33,13.7,427
15/02/2026 07:43,13.7,426
15/02/2026 07:53,13.7,430
15/02/2026 08:03,13.7,438
15/02/2026 08:13,13.7,431
15/02/2026 08:23,13.7,422
15/02/2026 08:33,13.7,429
15/02/2026 08:43,13.7,440
15/02/2026 08:53,13.7,431
15/02/2026 09:03,13.7,429
15/02/2026 09:13,13.7,429
15/02/2026 09:23,13.7,434
15/02/2026 09:33,13.7,425
15/02/2026 09:43,13.7,442
15/02/2026 09:53,13.7,431
15/02/2026 10:03,13.7,435
15/02/2026 10:13,13.7,441
15/02/2026 10:23,13.7,440
15/02/2026 10:33,13.7,435
15/02/2026 10:43,13.7,437
15/02/2026 10:53,13.7,427
15/02/2026 11:03,13.7,427
15/02/2026 11:13,13.7,436
15/02/2026 11:23,13.8,424
15/02/2026 11:33,13.8,435
15/02/2026 11:43,13.7,435
15/02/2026 11:53,13.7,441
15/02/2026 12:03,13.8,447
15/02/2026 12:13,13.8,430
15/02/2026 12:23,13.8,435
15/02/2026 12:33,13.8,445
15/02/2026 12:43,13.9,447
15/02/2026 12:53,13.8,456
15/02/2026 13:03,13.9,463
15/02/2026 13:13,13.9,455
15/02/2026 13:23,13.9,458
15/02/2026 13:33,13.9,447
15/02/2026 13:43,13.9,457
15/02/2026 13:53,13.9,458
15/02/2026 14:03,14,452
15/02/2026 14:13,14,655
15/02/2026 14:23,14.1,555
15/02/2026 14:33,14.1,531
15/02/2026 14:43,14.2,511
15/02/2026 14:53,14.2,512
15/02/2026 15:03,14.2,519
15/02/2026 15:13,14.3,522
15/02/2026 15:23,14.3,524
15/02/2026 15:33,14.4,505
15/02/2026 15:43,14.4,503
15/02/2026 15:53,14.4,517
15/02/2026 16:03,14.5,520
15/02/2026 16:13,14.5,520
15/02/2026 16:23,14.5,520
15/02/2026 16:33,14.5,517
15/02/2026 16:43,14.5,502
15/02/2026 16:53,14.5,504
15/02/2026 17:03,14.5,517
15/02/2026 17:13,14.5,497
15/02/2026 17:23,14.6,493
15/02/2026 17:33,14.5,492
15/02/2026 17:43,14.6,489
15/02/2026 17:53,14.6,481
15/02/2026 18:03,14.6,482
15/02/2026 18:13,14.6,479
15/02/2026 18:23,14.6,468
15/02/2026 18:33,14.6,469
15/02/2026 18:43,14.6,470
15/02/2026 18:53,14.6,463
15/02/2026 19:03,14.6,461
15/02/2026 19:13,14.6,468
15/02/2026 19:23,14.6,465
15/02/2026 19:33,14.6,471
15/02/2026 19:43,14.6,467
15/02/2026 19:53,14.6,469
15/02/2026 20:03,14.5,461
15/02/2026 20:13,14.5,465
15/02/2026 20:23,14.5,457
15/02/2026 20:33,14.5,465
15/02/2026 20:43,14.6,454
15/02/2026 20:53,14.5,458
15/02/2026 21:03,14.5,448
15/02/2026 21:13,14.5,449
15/02/2026 21:23,14.5,446
15/02/2026 21:33,14.5,455
15/02/2026 21:43,14.5,438
15/02/2026 21:53,14.5,440
15/02/2026 22:03,14.5,450
15/02/2026 22:13,14.5,447
15/02/2026 22:23,14.5,452
15/02/2026 22:33,14.5,452
15/02/2026 22:43,14.5,443
15/02/2026 22:53,14.5,446
15/02/2026 23:03,14.5,445
15/02/2026 23:13,14.4,440
15/02/2026 23:23,14.4,442
15/02/2026 23:33,14.4,445
15/02/2026 23:43,14.4,443
15/02/2026 23:53,14.4,449
16/02/2026 00:03,14.4,438
16/02/2026 00:13,14.4,435
16/02/2026 00:23,14.4,438
16/02/2026 00:33,14.4,439
16/02/2026 00:43,14.3,432
16/02/2026 00:53,14.4,435
16/02/2026 01:03,14.3,437
16/02/2026 01:13,14.3,435
16/02/2026 01:23,14.3,447
16/02/2026 01:33,14.3,434
16/02/2026 01:43,14.3,430
16/02/2026 01:53,14.3,441
16/02/2026 02:03,14.2,425
16/02/2026 02:13,14.2,423
16/02/2026 02:23,14.2,434
16/02/2026 02:33,14.2,436
16/02/2026 02:43,14.2,431
16/02/2026 02:53,14.2,431
16/02/2026 03:03,14.1,439
16/02/2026 03:13,14.2,437
16/02/2026 03:23,14.2,433
16/02/2026 03:33,14.1,437
16/02/2026 03:43,14.2,432
16/02/2026 03:53,14.2,438
16/02/2026 04:03,14.1,437
16/02/2026 04:13,14.1,436
16/02/2026 04:23,14.1,426
16/02/2026 04:33,14.1,429
16/02/2026 04:43,14.1,434
16/02/2026 04:53,14.1,427
16/02/2026 05:03,14.1,443
16/02/2026 05:13,14.1,445
16/02/2026 05:23,14.1,423
16/02/2026 05:33,14.1,443
16/02/2026 05:43,14.1,444
16/02/2026 05:53,14.1,434
16/02/2026 06:03,14.1,437
16/02/2026 06:23,14,447
16/02/2026 06:33,14,437
16/02/2026 06:43,14,430
16/02/2026 06:53,14,432
16/02/2026 07:03,14,437
16/02/2026 07:13,14.1,436
16/02/2026 07:23,14.4,446
16/02/2026 07:33,14.7,443
16/02/2026 07:43,14.9,448
16/02/2026 07:53,15.1,447
16/02/2026 08:03,15.1,444
16/02/2026 08:13,15.2,443
16/02/2026 08:23,15.2,454
16/02/2026 08:33,15.2,458
16/02/2026 08:43,15.2,447
16/02/2026 08:53,15.3,459
16/02/2026 09:03,15.3,451
16/02/2026 09:13,15.3,453
16/02/2026 09:33,15.4,451
16/02/2026 09:43,15.3,442
16/02/2026 09:53,15.3,440
16/02/2026 10:03,15.3,452
16/02/2026 10:13,15.3,445
16/02/2026 10:23,15.3,433
16/02/2026 10:33,15.3,444
16/02/2026 10:43,15.3,444
16/02/2026 11:03,15.3,440
16/02/2026 11:13,15.3,468
16/02/2026 11:23,15.3,450
16/02/2026 11:33,15.4,451
16/02/2026 11:43,15.4,450
16/02/2026 11:53,15.4,460
16/02/2026 12:03,15.4,451
16/02/2026 12:13,15.4,451
16/02/2026 12:23,15.4,449
16/02/2026 12:43,15.4,555
16/02/2026 12:53,15.5,567
16/02/2026 13:03,15.5,513
16/02/2026 13:23,15.5,507
16/02/2026 13:33,15.6,504
16/02/2026 13:53,15.6,483
16/02/2026 14:03,15.6,486
16/02/2026 14:13,15.7,503
16/02/2026 14:33,15.7,481
16/02/2026 14:52,15.7,467
16/02/2026 15:03,15.7,460
16/02/2026 15:13,15.6,487
16/02/2026 15:23,15.7,476
16/02/2026 15:33,15.7,500
16/02/2026 15:43,15.6,480
16/02/2026 15:52,15.6,473
16/02/2026 16:03,15.7,471
16/02/2026 16:12,15.7,466
16/02/2026 16:22,15.7,498
16/02/2026 16:33,15.7,522
16/02/2026 16:42,15.7,469
16/02/2026 16:52,15.6,468
16/02/2026 17:02,15.6,465
16/02/2026 17:12,15.6,461
16/02/2026 17:22,15.6,469
16/02/2026 17:32,15.5,471
16/02/2026 17:42,15.5,465
16/02/2026 17:52,15.5,461
16/02/2026 18:02,15.5,466
16/02/2026 18:12,15.4,467
16/02/2026 18:22,15.5,454
16/02/2026 18:32,15.4,461
16/02/2026 18:42,15.4,471
16/02/2026 18:52,15.4,459
16/02/2026 19:02,15.4,462
16/02/2026 19:12,15.4,460
16/02/2026 19:22,15.4,457
16/02/2026 19:32,15.4,468
16/02/2026 19:42,15.4,462
16/02/2026 19:52,15.4,447
16/02/2026 20:02,15.4,452
16/02/2026 20:12,15.4,452
16/02/2026 20:22,15.4,445
16/02/2026 20:42,15.4,451
16/02/2026 20:52,15.4,445
16/02/2026 21:02,15.4,448
16/02/2026 21:12,15.4,458
16/02/2026 21:32,15.4,457
16/02/2026 21:42,15.3,450
16/02/2026 21:52,15.3,452
16/02/2026 22:02,15.3,448
16/02/2026 22:12,15.2,449
16/02/2026 22:22,15.1,439
16/02/2026 22:32,15.1,448
16/02/2026 22:42,15.1,449
16/02/2026 22:52,15.1,444
16/02/2026 23:12,14.9,427
16/02/2026 23:22,15,437
16/02/2026 23:32,14.9,438
16/02/2026 23:42,14.9,435
16/02/2026 23:52,14.8,437
17/02/2026 00:02,14.8,430
17/02/2026 00:12,14.8,444
17/02/2026 00:22,14.8,428
17/02/2026 00:32,14.7,440
17/02/2026 00:42,14.7,435
17/02/2026 00:52,14.7,435
17/02/2026 01:02,14.6,437
17/02/2026 01:12,14.6,434
17/02/2026 01:22,14.6,439
17/02/2026 01:32,14.5,430
17/02/2026 01:42,14.5,433
17/02/2026 01:52,14.5,435
17/02/2026 02:02,14.4,444
17/02/2026 02:12,14.4,439
17/02/2026 02:22,14.4,428
17/02/2026 02:32,14.3,435
17/02/2026 02:42,14.3,426
17/02/2026 02:52,14.3,435
17/02/2026 03:02,14.2,428
17/02/2026 03:12,14.2,433
17/02/2026 03:22,14.2,437
17/02/2026 03:32,14.2,434
17/02/2026 03:42,14.1,438
17/02/2026 03:52,14.1,429
17/02/2026 04:02,14.1,436
17/02/2026 04:12,14,426
17/02/2026 04:22,14,431
17/02/2026 04:32,14,443
17/02/2026 04:42,14,429
17/02/2026 04:52,13.9,435
17/02/2026 05:02,13.9,444
17/02/2026 05:12,13.8,437
17/02/2026 05:22,13.8,440
17/02/2026 05:42,13.8,439
17/02/2026 05:52,13.8,434
17/02/2026 06:02,13.7,452
17/02/2026 06:12,13.7,435
17/02/2026 06:22,13.6,442
17/02/2026 06:32,13.7,438
17/02/2026 06:42,13.6,441
17/02/2026 06:52,13.6,443
17/02/2026 07:02,13.6,444
17/02/2026 07:12,13.9,449
17/02/2026 07:22,14,446
17/02/2026 07:32,14.1,441
17/02/2026 07:42,14.2,448
17/02/2026 07:52,14.2,432
17/02/2026 08:02,14.2,448
17/02/2026 08:12,14.2,449
17/02/2026 08:22,14.2,453
17/02/2026 08:32,14.2,454
17/02/2026 08:42,14.2,457
17/02/2026 08:52,14.1,447
17/02/2026 09:02,14.1,456
17/02/2026 09:12,14,461
17/02/2026 09:22,13.8,451
17/02/2026 09:32,13.8,451
17/02/2026 09:42,13.8,451
17/02/2026 09:52,13.8,442
17/02/2026 10:02,13.9,446
17/02/2026 10:12,13.8,485
17/02/2026 10:32,14,475
17/02/2026 10:42,14,464
17/02/2026 10:52,14.1,459
17/02/2026 11:02,14.2,450
17/02/2026 11:12,14.2,451
17/02/2026 11:22,14.3,462
17/02/2026 11:32,14.5,460
17/02/2026 11:42,14.6,470
17/02/2026 11:52,14.7,471
17/02/2026 12:02,14.9,486
17/02/2026 12:12,15.1,467
17/02/2026 12:32,15.3,474
17/02/2026 12:42,15.4,463
17/02/2026 12:52,15.6,458
17/02/2026 13:12,15.7,485
17/02/2026 13:22,15.8,482
17/02/2026 13:32,15.9,462
17/02/2026 13:42,15.9,468
17/02/2026 14:02,15.8,463
17/02/2026 14:12,15.8,474
17/02/2026 14:22,15.8,481
17/02/2026 14:32,15.8,486
17/02/2026 14:42,15.8,489
17/02/2026 15:32,15.9,465
17/02/2026 15:52,15.9,474
17/02/2026 16:12,15.9,459
17/02/2026 16:32,15.9,454
17/02/2026 16:42,15.9,466
17/02/2026 16:52,15.9,475
17/02/2026 17:02,15.9,461
17/02/2026 17:12,15.9,459
17/02/2026 17:22,15.8,455
17/02/2026 17:32,15.6,452
17/02/2026 17:42,15.6,458
17/02/2026 17:52,15.4,467
17/02/2026 18:02,15.2,456
17/02/2026 18:12,15.1,438
17/02/2026 18:22,15.2,468
17/02/2026 18:32,15.2,456
17/02/2026 18:42,15.3,454
17/02/2026 18:52,15.3,462
17/02/2026 19:02,15.4,455
17/02/2026 19:22,14.8,441
17/02/2026 19:32,14.8,460
17/02/2026 19:42,15,449
17/02/2026 19:52,14.8,455
17/02/2026 20:12,14.2,455
17/02/2026 20:22,14.2,454
17/02/2026 20:32,15.2,468
17/02/2026 20:42,16.1,460
17/02/2026 20:52,16.5,457
17/02/2026 21:02,16.7,460
17/02/2026 21:12,16.1,463
17/02/2026 21:32,15.4,452
17/02/2026 21:42,15.1,462
17/02/2026 21:52,15,467
17/02/2026 22:02,14.9,458
17/02/2026 22:12,14.8,457
17/02/2026 22:22,14.7,462
17/02/2026 22:32,14.6,465
17/02/2026 22:42,14.5,459
17/02/2026 22:52,14.4,448
17/02/2026 23:02,14.3,459
17/02/2026 23:12,14.3,458
17/02/2026 23:22,14.2,450
17/02/2026 23:32,14.2,456
17/02/2026 23:42,14.1,461
17/02/2026 23:52,14.1,469
18/02/2026 00:02,14.1,468
18/02/2026 00:12,14,459
18/02/2026 00:22,14,452
18/02/2026 00:32,13.9,456
18/02/2026 00:42,13.9,448
18/02/2026 00:52,13.9,443
18/02/2026 01:02,13.8,448
18/02/2026 01:12,13.8,457
18/02/2026 01:22,13.7,454
18/02/2026 01:32,13.7,448
18/02/2026 01:42,13.7,453
18/02/2026 01:52,13.7,453
18/02/2026 02:02,13.6,453
18/02/2026 02:12,13.6,451
18/02/2026 02:22,13.6,445
18/02/2026 02:32,13.6,446
18/02/2026 02:42,13.6,446
18/02/2026 02:52,13.5,447
18/02/2026 03:02,13.5,447
18/02/2026 03:12,13.5,440
18/02/2026 03:22,13.5,447
18/02/2026 03:32,13.5,443
18/02/2026 03:42,13.5,444
18/02/2026 03:52,13.5,441
18/02/2026 04:02,13.6,437
18/02/2026 04:12,13.6,444
18/02/2026 04:22,13.5,440
18/02/2026 04:32,13.5,445
18/02/2026 04:42,13.5,450
18/02/2026 04:52,13.5,443
18/02/2026 05:02,13.5,450
18/02/2026 05:12,13.5,442
18/02/2026 05:22,13.5,459
18/02/2026 05:32,13.5,443
18/02/2026 05:42,13.5,454
18/02/2026 05:52,13.5,456
18/02/2026 06:02,13.5,443
18/02/2026 06:12,13.5,446
18/02/2026 06:22,13.4,447
18/02/2026 06:32,13.4,449
18/02/2026 06:42,13.4,456
18/02/2026 06:52,13.4,453
18/02/2026 07:02,13.4,455
18/02/2026 07:12,14.1,464
18/02/2026 07:22,15.2,452
18/02/2026 07:32,15.7,437
18/02/2026 07:42,16,460
18/02/2026 07:52,16.2,455
18/02/2026 08:02,16.5,465
18/02/2026 08:12,16.7,464
18/02/2026 08:22,16.7,478
18/02/2026 08:52,16,454
18/02/2026 09:02,15.7,454
18/02/2026 09:22,15.9,468
18/02/2026 09:42,15.8,498
18/02/2026 10:02,15.7,479
18/02/2026 10:12,15.9,472
18/02/2026 10:22,15.7,470
18/02/2026 10:32,15.6,459
18/02/2026 10:42,15.6,481
18/02/2026 10:52,15.7,460
18/02/2026 11:02,15.8,467
18/02/2026 11:12,15.7,457
18/02/2026 11:22,15.7,479
18/02/2026 11:32,15.7,477
18/02/2026 11:52,15.7,477
18/02/2026 12:02,15.6,472
18/02/2026 12:12,15.6,477
18/02/2026 12:22,15.5,469
18/02/2026 12:32,15.6,469
18/02/2026 12:42,15.6,472
18/02/2026 12:52,15.8,486
18/02/2026 13:22,15.6,476
18/02/2026 13:32,15.5,464
18/02/2026 13:42,15.5,471
18/02/2026 13:52,15.5,472
18/02/2026 14:02,15.4,469
18/02/2026 14:12,15.3,479
18/02/2026 14:22,15.3,468
18/02/2026 14:32,15.4,472
18/02/2026 14:42,15.4,497
18/02/2026 14:52,15.4,454
18/02/2026 15:02,15.4,463
18/02/2026 15:12,15.5,495
18/02/2026 15:22,15.6,472
18/02/2026 15:32,15.6,486
18/02/2026 15:42,15.5,473
18/02/2026 15:52,15.5,476
18/02/2026 16:02,15.5,472
18/02/2026 16:12,15.5,487
18/02/2026 16:22,15.5,499
18/02/2026 16:32,15.5,467
18/02/2026 16:42,15.5,459
18/02/2026 16:52,15.4,462
18/02/2026 17:02,15.5,470
18/02/2026 17:12,15.8,461
18/02/2026 17:22,15.9,460
18/02/2026 17:32,15.7,460
18/02/2026 17:42,15.7,468
18/02/2026 17:52,15.6,469
18/02/2026 18:02,15.5,460
18/02/2026 18:12,15.5,455
18/02/2026 18:22,15.5,450
18/02/2026 18:32,15.5,452
18/02/2026 18:42,15.5,447
18/02/2026 18:52,15.7,442
18/02/2026 19:02,15.7,456
18/02/2026 19:12,15.7,447
18/02/2026 19:32,15.5,444
18/02/2026 19:42,15.5,447
18/02/2026 19:52,15.5,444
18/02/2026 20:02,15.9,439
18/02/2026 20:12,15.8,435
18/02/2026 20:22,15.7,451
18/02/2026 20:32,15.7,440
18/02/2026 20:42,15.6,443
18/02/2026 20:52,15.5,438
18/02/2026 21:02,15.6,439
18/02/2026 21:12,15.5,432
18/02/2026 21:22,15.4,449
18/02/2026 21:32,15.4,442
18/02/2026 21:42,15.3,445
18/02/2026 21:52,15.3,430
18/02/2026 22:02,15.2,435
18/02/2026 22:12,15.1,440
18/02/2026 22:22,15.1,440
18/02/2026 22:32,15,440
18/02/2026 22:42,15,440
18/02/2026 22:52,14.9,432
18/02/2026 23:02,14.9,431
18/02/2026 23:12,14.9,437
18/02/2026 23:22,14.8,440
18/02/2026 23:32,14.8,443
18/02/2026 23:42,14.7,436
18/02/2026 23:52,14.8,440
19/02/2026 00:02,14.7,440
19/02/2026 00:12,14.7,446
19/02/2026 00:22,14.6,435
19/02/2026 00:32,14.6,440
19/02/2026 00:42,14.6,443
19/02/2026 00:52,14.6,430
19/02/2026 01:02,14.6,431
19/02/2026 01:12,14.5,442
19/02/2026 01:22,14.5,428
19/02/2026 01:32,14.4,434
19/02/2026 01:42,14.4,438
19/02/2026 01:52,14.4,434
19/02/2026 02:02,14.4,442
19/02/2026 02:12,14.4,432
19/02/2026 02:22,14.4,441
19/02/2026 02:32,14.4,427
19/02/2026 02:42,14.4,433
19/02/2026 02:52,14.4,430
19/02/2026 03:02,14.4,442
19/02/2026 03:12,14.4,442
19/02/2026 03:22,14.3,437
19/02/2026 03:32,14.3,434
19/02/2026 03:42,14.3,443
19/02/2026 03:52,14.4,430
19/02/2026 04:02,14.3,444
19/02/2026 04:12,14.3,435
19/02/2026 04:22,14.3,438
19/02/2026 04:32,14.3,438
19/02/2026 04:42,14.3,451
19/02/2026 04:52,14.3,442
19/02/2026 05:02,14.3,434
19/02/2026 05:12,14.2,441
19/02/2026 05:22,14.3,444
19/02/2026 05:32,14.3,446
19/02/2026 05:42,14.3,441
19/02/2026 06:02,14.3,446
19/02/2026 06:12,14.2,447
19/02/2026 06:22,14.1,451
19/02/2026 06:32,14.1,449
19/02/2026 06:42,14.1,442
19/02/2026 06:52,14.1,447
19/02/2026 07:02,14.1,450
19/02/2026 07:12,14.4,444
19/02/2026 07:22,14.7,446
19/02/2026 07:32,14.9,446
19/02/2026 07:42,15,446
19/02/2026 07:52,15.1,451
19/02/2026 08:02,15.1,450
19/02/2026 08:12,15.1,452
19/02/2026 08:22,15.1,460
19/02/2026 08:32,15.1,467
19/02/2026 08:42,15,460
19/02/2026 08:52,15,451
19/02/2026 09:02,15,456
19/02/2026 09:12,15,464
19/02/2026 09:22,15,464
19/02/2026 09:32,15,460
19/02/2026 09:42,15,459
19/02/2026 09:52,15,460
19/02/2026 10:02,14.9,462
19/02/2026 10:12,14.9,471
19/02/2026 10:22,14.9,476
19/02/2026 10:32,14.9,477
19/02/2026 10:42,14.9,470
19/02/2026 10:52,14.9,474
19/02/2026 11:02,15,476
19/02/2026 11:12,14.9,484
19/02/2026 11:22,15,473
19/02/2026 11:32,15,472
19/02/2026 11:42,15,478
19/02/2026 11:52,14.9,468
19/02/2026 12:02,15,468
19/02/2026 12:12,15,478
19/02/2026 12:22,15,459
19/02/2026 12:32,15,463
19/02/2026 12:42,15,467
19/02/2026 12:52,15,469
19/02/2026 13:02,15,467
19/02/2026 13:12,15,464
19/02/2026 13:22,15,467
19/02/2026 13:32,15,457
19/02/2026 13:42,15,465
19/02/2026 13:52,15,453
19/02/2026 14:12,15.1,497
19/02/2026 14:22,15,469
19/02/2026 14:32,15,463
19/02/2026 14:42,15,461
19/02/2026 14:52,15.1,504
19/02/2026 15:02,15.1,476
19/02/2026 15:12,15,513
19/02/2026 15:22,15,506
19/02/2026 15:32,15,492
19/02/2026 15:42,15,489
19/02/2026 15:52,15,480
19/02/2026 16:02,15,471
19/02/2026 16:12,15,465
19/02/2026 16:22,15,465
19/02/2026 16:32,15,468
19/02/2026 16:52,15,473
19/02/2026 17:02,15,477
19/02/2026 17:22,15,470
19/02/2026 17:32,15,458
19/02/2026 17:42,15,471
19/02/2026 17:52,14.9,483
19/02/2026 18:02,14.9,484
19/02/2026 18:22,14.9,473
19/02/2026 18:32,14.9,471
19/02/2026 18:42,14.9,463
19/02/2026 18:52,14.9,465
19/02/2026 19:02,14.8,461
19/02/2026 19:12,14.8,451
19/02/2026 19:32,14.8,456
19/02/2026 19:52,14.8,460
19/02/2026 20:02,14.7,463
19/02/2026 20:22,14.8,456
19/02/2026 20:32,14.8,462
19/02/2026 20:42,14.8,469
19/02/2026 20:52,14.8,459
19/02/2026 21:02,14.8,458
19/02/2026 21:12,14.9,464
19/02/2026 21:22,14.8,461
19/02/2026 21:32,14.9,460
19/02/2026 21:42,14.8,472
19/02/2026 21:52,14.8,466
19/02/2026 22:02,14.7,465
19/02/2026 22:12,14.7,465
19/02/2026 22:22,14.7,464
19/02/2026 22:32,14.7,469
19/02/2026 22:42,14.7,465
19/02/2026 22:52,14.6,459
19/02/2026 23:02,14.6,461
19/02/2026 23:12,14.6,467
19/02/2026 23:22,14.6,459
19/02/2026 23:32,14.6,458
19/02/2026 23:42,14.6,467
19/02/2026 23:52,14.5,466
20/02/2026 00:02,14.5,459
20/02/2026 00:12,14.5,472
20/02/2026 00:22,14.5,458
20/02/2026 00:32,14.5,461
20/02/2026 00:42,14.5,461
20/02/2026 00:52,14.5,464
20/02/2026 01:02,14.5,457
20/02/2026 01:12,14.4,458
20/02/2026 01:22,14.5,458
20/02/2026 01:32,14.4,458
20/02/2026 01:42,14.4,462
20/02/2026 01:52,14.4,459
20/02/2026 02:02,14.4,463
20/02/2026 02:12,14.4,466
20/02/2026 02:22,14.4,463
20/02/2026 02:32,14.4,460
20/02/2026 02:42,14.4,470
20/02/2026 02:52,14.4,462
20/02/2026 03:02,14.4,462
20/02/2026 03:12,14.4,459
20/02/2026 03:22,14.4,467
20/02/2026 03:32,14.4,466
20/02/2026 03:42,14.4,464
20/02/2026 03:52,14.4,456
20/02/2026 04:02,14.4,463
20/02/2026 04:12,14.4,452
20/02/2026 04:22,14.4,467
20/02/2026 04:32,14.4,471
20/02/2026 04:42,14.4,475
20/02/2026 05:12,14.4,470
20/02/2026 05:22,14.3,467
20/02/2026 05:32,14.3,473
20/02/2026 05:42,14.3,467
20/02/2026 05:52,14.3,471
20/02/2026 06:02,14.3,461
20/02/2026 06:12,14.4,468
20/02/2026 06:22,14.4,464
20/02/2026 06:32,14.4,464
20/02/2026 06:42,14.4,467
20/02/2026 06:52,14.4,471
20/02/2026 07:02,14.4,472
20/02/2026 07:12,14.6,471
20/02/2026 07:22,14.7,466
20/02/2026 07:32,14.7,469
20/02/2026 07:42,14.7,469
20/02/2026 07:52,14.7,469
20/02/2026 08:02,14.7,469
20/02/2026 08:12,14.7,470
20/02/2026 08:22,14.8,464
20/02/2026 08:32,14.7,461
20/02/2026 08:42,14.8,457
20/02/2026 08:52,14.8,484
20/02/2026 09:02,14.7,473
20/02/2026 09:22,14.7,467
20/02/2026 09:32,14.7,472
20/02/2026 09:42,14.7,463
20/02/2026 09:52,14.7,464
20/02/2026 10:02,14.8,468
20/02/2026 10:12,14.8,456
20/02/2026 10:22,14.8,458
20/02/2026 10:32,14.8,466
20/02/2026 10:42,14.8,464
20/02/2026 10:52,14.8,472
20/02/2026 11:02,14.9,457
20/02/2026 11:12,14.9,473
20/02/2026 11:22,15,453
20/02/2026 11:32,15.1,453
20/02/2026 11:42,15.2,462
20/02/2026 11:52,15.2,458
20/02/2026 12:02,15.3,464
20/02/2026 12:12,15.4,471
20/02/2026 12:22,15.5,461
20/02/2026 12:42,15.6,452
20/02/2026 12:52,15.7,491
20/02/2026 13:02,15.8,507
20/02/2026 13:12,15.9,486
20/02/2026 13:32,16,473
20/02/2026 13:42,16,504
20/02/2026 13:52,16,470
20/02/2026 14:02,16,470
20/02/2026 14:12,16,492
20/02/2026 14:22,16,470
20/02/2026 14:32,16,472
20/02/2026 14:42,16,471
20/02/2026 15:02,16,462
20/02/2026 15:12,16,468
20/02/2026 15:22,16,473
20/02/2026 15:32,16,480
20/02/2026 15:42,16,466
20/02/2026 15:52,16,455
20/02/2026 16:02,16,468
20/02/2026 16:12,16,464
20/02/2026 16:22,16,470
20/02/2026 16:32,16,465
20/02/2026 16:52,16.1,464
20/02/2026 17:02,16.1,455
20/02/2026 17:12,16,458
20/02/2026 17:22,15.9,448
20/02/2026 17:32,15.9,454
20/02/2026 17:42,16,472
20/02/2026 17:52,16,450
20/02/2026 18:02,16,468
20/02/2026 18:12,16,459
20/02/2026 18:22,16,452
20/02/2026 18:32,16,453
20/02/2026 18:42,16,447
20/02/2026 18:52,16,451
20/02/2026 19:32,16,453
20/02/2026 19:42,16,451
20/02/2026 20:02,16,453
20/02/2026 20:12,16,451
20/02/2026 20:22,16,462
20/02/2026 20:52,16.4,448
20/02/2026 21:02,16.5,451
20/02/2026 21:12,16.6,451
20/02/2026 21:22,16.5,453
20/02/2026 21:32,16.5,451
20/02/2026 21:42,16.4,456
20/02/2026 21:52,16.4,456
20/02/2026 22:02,16.4,462
20/02/2026 22:12,16.3,451
20/02/2026 22:22,16.3,458
20/02/2026 22:32,16.2,457
20/02/2026 22:42,16.2,464
20/02/2026 22:52,16.2,455
20/02/2026 23:02,16.2,452
20/02/2026 23:12,16.2,452
20/02/2026 23:22,16.1,465
20/02/2026 23:32,16.1,459
20/02/2026 23:42,16.1,449
20/02/2026 23:52,16.1,460
21/02/2026 00:02,16.1,451
21/02/2026 00:12,16.1,460
21/02/2026 00:22,16,454
21/02/2026 00:32,16,456
21/02/2026 00:42,16,451
21/02/2026 00:52,16,454
21/02/2026 01:02,16,459
21/02/2026 01:12,16,458
21/02/2026 01:22,16,458
21/02/2026 01:32,16,449
21/02/2026 01:42,15.9,447
21/02/2026 01:52,16,453
21/02/2026 02:02,16,452
21/02/2026 02:11,15.9,450
21/02/2026 02:22,16,455
21/02/2026 02:32,16,450
21/02/2026 02:42,16,459
21/02/2026 02:52,16,454
21/02/2026 03:02,15.9,462
21/02/2026 03:12,15.9,446
21/02/2026 03:22,16,455
21/02/2026 03:32,16,449
21/02/2026 03:42,15.9,450
21/02/2026 03:51,16,445
21/02/2026 04:02,16,465
21/02/2026 04:12,16,450
21/02/2026 04:22,16,449
21/02/2026 04:31,16,449
21/02/2026 04:42,16,454
21/02/2026 04:52,16,447
21/02/2026 05:01,16,454
21/02/2026 05:11,16,454
21/02/2026 05:22,16,450
21/02/2026 05:31,16,449
21/02/2026 05:41,16,453
21/02/2026 05:51,16,438
21/02/2026 06:01,16.1,448
21/02/2026 06:11,16.1,452
21/02/2026 06:21,16.1,446
21/02/2026 06:31,16,446
21/02/2026 06:41,16.1,452
21/02/2026 06:51,16.1,442
21/02/2026 07:01,16.1,444
21/02/2026 07:11,16.1,452
21/02/2026 07:21,16.1,446
21/02/2026 07:31,16.1,453
21/02/2026 07:41,16.1,449
21/02/2026 07:51,16.1,445
21/02/2026 08:01,16.1,454
21/02/2026 08:11,16.1,455
21/02/2026 08:21,16.1,453
21/02/2026 08:31,16.1,454
21/02/2026 08:41,16.2,452
21/02/2026 08:51,16.1,451
21/02/2026 09:01,16.2,447
21/02/2026 09:11,16.2,446
21/02/2026 09:21,16.2,449
21/02/2026 09:31,16.2,444
21/02/2026 09:41,16.3,441
21/02/2026 09:51,16.3,457
21/02/2026 10:01,16.3,442
21/02/2026 10:11,16.3,453
21/02/2026 10:21,16.4,444
21/02/2026 10:31,16.4,451
21/02/2026 10:41,16.4,441
21/02/2026 10:51,16.5,445
21/02/2026 11:01,16.5,448
21/02/2026 11:11,16.5,452
21/02/2026 11:21,16.6,447
21/02/2026 11:31,16.6,459
21/02/2026 11:41,16.6,449
21/02/2026 11:51,16.7,444
21/02/2026 12:11,16.7,449
21/02/2026 12:21,16.8,449
21/02/2026 12:31,16.8,443
21/02/2026 12:41,16.6,439
21/02/2026 12:51,16.3,436
21/02/2026 13:01,16.3,440
21/02/2026 13:11,16.3,445
21/02/2026 13:21,16.2,439
21/02/2026 13:31,16.3,452
21/02/2026 13:41,16.3,442
21/02/2026 13:51,16.3,452
21/02/2026 14:01,16.3,455
21/02/2026 14:11,16.3,444
21/02/2026 14:21,16.4,454
21/02/2026 14:31,16.4,450
21/02/2026 14:41,16.4,434
21/02/2026 14:51,16.4,445
21/02/2026 15:01,16.4,457
21/02/2026 15:11,16.5,442
21/02/2026 15:21,16.5,436
21/02/2026 15:31,16.5,441
21/02/2026 15:41,16.5,442
21/02/2026 15:51,16.6,441
21/02/2026 16:01,16.6,434
21/02/2026 16:11,16.6,453
21/02/2026 16:21,16.9,447
21/02/2026 16:31,17,441
21/02/2026 16:41,17,448
21/02/2026 16:51,17.1,450
21/02/2026 17:01,17.1,451
21/02/2026 17:11,17.1,447
21/02/2026 17:21,17.1,458
21/02/2026 17:31,17.2,453
21/02/2026 17:41,17.1,459
21/02/2026 18:31,17.2,451
21/02/2026 19:21,17.3,462
21/02/2026 20:41,17.4,456
21/02/2026 20:51,17.4,455
21/02/2026 21:31,17.5,438
21/02/2026 21:41,17.4,449
21/02/2026 22:11,17.5,450
21/02/2026 22:51,17.5,446
21/02/2026 23:31,17.5,442
22/02/2026 13:41,18,436
22/02/2026 13:51,18,421
22/02/2026 14:11,18,433
22/02/2026 14:21,18,432
22/02/2026 14:31,18,421
22/02/2026 14:41,18,432
22/02/2026 14:51,18,414
22/02/2026 15:01,18,431
22/02/2026 15:11,18,445
22/02/2026 15:21,18.1,433
22/02/2026 15:31,18.1,435
22/02/2026 15:41,18.1,443
22/02/2026 15:51,18.1,425
22/02/2026 16:01,18.1,450
22/02/2026 16:11,18.1,449
22/02/2026 16:21,18.2,430
22/02/2026 16:31,18.1,441
22/02/2026 16:41,18.1,436
22/02/2026 16:51,18.1,435
22/02/2026 17:01,18.1,435
22/02/2026 17:11,18.1,440
22/02/2026 17:21,18.1,431
22/02/2026 17:31,18,437
22/02/2026 17:41,18,424
22/02/2026 17:51,18,427
22/02/2026 18:11,18,432
22/02/2026 18:31,18,440
22/02/2026 19:41,18,440
22/02/2026 22:11,17.7,437
22/02/2026 22:41,17.6,427
23/02/2026 00:01,17.4,429
23/02/2026 00:21,17.3,440
23/02/2026 00:41,17.3,440
23/02/2026 00:51,17.3,439
23/02/2026 01:31,17.2,432
23/02/2026 02:01,17.1,429
23/02/2026 02:21,17,429
23/02/2026 03:11,16.9,433
23/02/2026 04:11,16.8,431
23/02/2026 04:31,16.7,435
23/02/2026 05:11,16.7,419
23/02/2026 05:21,16.7,431
23/02/2026 05:31,16.6,421
23/02/2026 05:51,16.6,425
23/02/2026 06:11,16.5,431
23/02/2026 06:51,16.5,431
23/02/2026 07:01,16.4,438
23/02/2026 07:11,16.5,427
23/02/2026 07:21,16.4,436
23/02/2026 07:31,16.5,441
23/02/2026 07:41,16.6,435
23/02/2026 08:01,16.8,445
23/02/2026 08:11,16.8,440
23/02/2026 08:21,16.7,453
23/02/2026 08:31,16.8,428
23/02/2026 08:41,16.8,438
23/02/2026 08:51,16.9,433
23/02/2026 09:01,17,451
23/02/2026 09:31,16.9,434
23/02/2026 09:51,16.8,434
23/02/2026 10:01,16.8,450
23/02/2026 10:21,16.8,447
23/02/2026 10:31,16.8,446
23/02/2026 10:41,16.7,454
23/02/2026 10:51,16.8,451
23/02/2026 11:01,16.7,446
23/02/2026 11:11,16.7,441
23/02/2026 11:21,16.7,451
23/02/2026 11:31,16.7,443
23/02/2026 11:41,16.7,437
23/02/2026 12:01,16.8,443
23/02/2026 12:11,16.8,444
23/02/2026 12:21,16.8,447
23/02/2026 12:31,16.8,442
23/02/2026 12:41,16.9,473
23/02/2026 12:51,16.9,466
23/02/2026 13:01,16.9,446
23/02/2026 13:11,16.9,449
23/02/2026 13:21,16.9,448
23/02/2026 13:41,16.9,477
23/02/2026 13:51,16.9,481
23/02/2026 14:01,16.9,466
23/02/2026 14:11,17,490
23/02/2026 14:41,17,457
23/02/2026 15:01,17,463
23/02/2026 15:11,17,452
23/02/2026 15:21,17,461
23/02/2026 15:31,17,456
23/02/2026 15:41,17,460
23/02/2026 15:51,17,456
23/02/2026 16:01,17,454
23/02/2026 16:11,16.9,454
23/02/2026 16:21,16.9,454
23/02/2026 16:31,16.9,459
23/02/2026 16:41,16.9,461
23/02/2026 17:01,17,449
23/02/2026 17:11,17,451
23/02/2026 17:21,17,470
23/02/2026 17:31,17,463
23/02/2026 17:41,17,449
23/02/2026 17:51,17,457
23/02/2026 18:01,17,451
23/02/2026 18:11,17.1,477
23/02/2026 18:21,17,468
23/02/2026 18:31,17,451
23/02/2026 18:41,17,456
23/02/2026 18:51,17,447
23/02/2026 19:01,17,452
23/02/2026 19:21,16.9,450
23/02/2026 19:41,16.9,444
23/02/2026 19:51,16.9,448
23/02/2026 20:01,16.9,443
23/02/2026 20:11,16.9,443
23/02/2026 20:31,16.9,450
23/02/2026 20:41,16.9,440
23/02/2026 20:51,16.9,448
23/02/2026 21:01,17,437
23/02/2026 21:11,17,456
23/02/2026 21:21,17.1,455
23/02/2026 21:31,17.2,443
23/02/2026 21:41,17.2,455
23/02/2026 21:51,17.3,442
23/02/2026 22:01,17.3,438
23/02/2026 22:11,17.4,433
23/02/2026 22:21,17.4,437
23/02/2026 22:31,17.4,437
23/02/2026 22:41,17.4,445
23/02/2026 22:51,17.5,433
23/02/2026 23:01,17.5,429
23/02/2026 23:11,17.5,443
23/02/2026 23:21,17.5,445
23/02/2026 23:31,17.5,443
23/02/2026 23:41,17.6,442
23/02/2026 23:51,17.6,430
24/02/2026 00:01,17.6,435
24/02/2026 00:11,17.6,447
24/02/2026 00:21,17.6,436
24/02/2026 00:31,17.6,441
24/02/2026 00:41,17.7,435
24/02/2026 00:51,17.7,440
24/02/2026 01:01,17.7,437
24/02/2026 01:11,17.7,438
24/02/2026 01:21,17.7,437
24/02/2026 01:31,17.7,442
24/02/2026 01:41,17.7,441
24/02/2026 01:51,17.7,436
24/02/2026 02:01,17.7,446
24/02/2026 02:11,17.7,437
24/02/2026 02:21,17.7,443
24/02/2026 02:31,17.7,437
24/02/2026 02:41,17.7,438
24/02/2026 02:51,17.7,426
24/02/2026 03:01,17.7,445
24/02/2026 03:11,17.7,442
24/02/2026 03:21,17.7,443
24/02/2026 03:31,17.6,431
24/02/2026 03:41,17.7,440
24/02/2026 03:51,17.7,436
24/02/2026 04:01,17.7,437
24/02/2026 04:11,17.7,432
24/02/2026 04:21,17.7,450
24/02/2026 04:31,17.6,447
24/02/2026 04:51,17.7,438
24/02/2026 05:01,17.7,446
24/02/2026 05:11,17.7,450
24/02/2026 05:21,17.7,441
24/02/2026 05:31,17.6,442
24/02/2026 05:41,17.6,442
24/02/2026 05:51,17.6,446
24/02/2026 06:01,17.7,455
24/02/2026 06:11,17.7,443
24/02/2026 06:21,17.7,450
24/02/2026 06:31,17.6,445
24/02/2026 07:21,17.5,455
24/02/2026 07:31,17.4,452
24/02/2026 07:41,17.4,457
24/02/2026 07:51,17.3,452
24/02/2026 08:11,17.3,458
24/02/2026 08:21,17.3,460
24/02/2026 08:31,17.2,444
24/02/2026 08:41,17.2,448
24/02/2026 08:51,17.2,445
24/02/2026 09:01,17.1,455
24/02/2026 09:11,17.1,454
24/02/2026 09:21,17.1,444
24/02/2026 09:31,17.2,450
24/02/2026 09:51,17.3,440
24/02/2026 10:01,17.3,447
24/02/2026 10:21,17.3,462
24/02/2026 10:41,17.3,457
24/02/2026 10:51,17.4,474
24/02/2026 11:01,17.5,464
24/02/2026 11:11,17.5,459
24/02/2026 11:31,17.5,441
24/02/2026 11:41,17.6,451
24/02/2026 11:51,17.7,448
24/02/2026 12:01,17.7,461
24/02/2026 12:11,17.7,438
24/02/2026 12:21,17.8,446
24/02/2026 12:31,17.8,439
24/02/2026 12:41,17.8,435
24/02/2026 12:51,17.9,447
24/02/2026 13:01,17.9,458
24/02/2026 13:11,17.9,448
24/02/2026 13:21,18,471
24/02/2026 13:31,18.1,476
24/02/2026 13:41,18.2,518
24/02/2026 13:51,18.2,451
24/02/2026 14:01,18.2,446
24/02/2026 14:11,18.2,469
24/02/2026 14:21,18.2,457
24/02/2026 14:31,18.3,453
24/02/2026 14:41,18.3,459
24/02/2026 14:51,18.3,458
24/02/2026 15:01,18.3,453
24/02/2026 15:11,18.3,443
24/02/2026 15:21,18.3,443
24/02/2026 15:31,18.4,444
24/02/2026 15:41,18.4,443
24/02/2026 16:01,18.3,449
24/02/2026 16:11,18.3,443
24/02/2026 16:21,18.3,446
24/02/2026 16:31,18.3,450
24/02/2026 16:41,18.3,469
24/02/2026 16:51,18.3,467
24/02/2026 17:01,18.2,457
24/02/2026 17:11,18.2,442
24/02/2026 17:21,18.1,452
24/02/2026 17:31,18.1,453
24/02/2026 17:41,18.1,457
24/02/2026 17:51,18.1,436
24/02/2026 18:01,17.9,450
24/02/2026 18:11,17.8,459
24/02/2026 18:21,17.7,442
24/02/2026 18:51,17.5,453
24/02/2026 19:01,17.4,442
24/02/2026 19:21,17.3,445
24/02/2026 19:31,17.2,452
24/02/2026 19:41,17.2,461
24/02/2026 19:51,17.2,452
24/02/2026 20:01,17.1,450
24/02/2026 20:11,17.1,448
24/02/2026 20:21,17.1,456
24/02/2026 21:31,16.9,456
24/02/2026 21:41,16.9,436
24/02/2026 22:21,17,443
24/02/2026 22:31,17,445
24/02/2026 22:41,17.1,445
24/02/2026 22:51,17,440
24/02/2026 23:01,17.1,451
24/02/2026 23:11,17.1,444
24/02/2026 23:51,17,445
25/02/2026 00:01,17,438
25/02/2026 00:11,17,442
25/02/2026 00:21,17,420
25/02/2026 00:31,17,434
25/02/2026 00:41,17,445
25/02/2026 00:51,17,439
25/02/2026 01:01,17,438
25/02/2026 01:11,17,443
25/02/2026 01:21,17,442
25/02/2026 01:31,17,436
25/02/2026 01:51,16.9,429
25/02/2026 02:01,16.9,439
25/02/2026 02:11,16.9,429
25/02/2026 02:21,16.9,440
25/02/2026 02:31,16.9,446
25/02/2026 02:41,16.9,436
25/02/2026 02:51,16.9,442
25/02/2026 03:01,16.9,440
25/02/2026 03:11,16.9,440
25/02/2026 03:21,16.8,435
25/02/2026 03:41,16.8,435
25/02/2026 03:51,16.8,442
25/02/2026 04:01,16.8,424
25/02/2026 04:11,16.8,452
25/02/2026 04:21,16.8,433
25/02/2026 04:31,16.8,446
25/02/2026 04:41,16.8,433
25/02/2026 05:11,16.7,441
25/02/2026 05:21,16.8,446
25/02/2026 05:31,16.7,447
25/02/2026 05:41,16.7,444
25/02/2026 05:51,16.7,437
25/02/2026 06:21,16.7,452
25/02/2026 06:41,16.7,449
25/02/2026 06:51,16.7,444
25/02/2026 07:01,16.7,445
25/02/2026 07:11,16.6,443
25/02/2026 07:21,16.5,443
25/02/2026 07:31,16.5,444
25/02/2026 07:41,16.5,437
25/02/2026 07:51,16.5,449
25/02/2026 08:01,16.4,446
25/02/2026 08:11,16.4,457
25/02/2026 08:21,16.4,448
25/02/2026 08:31,16.4,451
25/02/2026 08:51,16.4,453
25/02/2026 09:01,16.4,452
25/02/2026 09:11,16.4,453
25/02/2026 09:21,16.4,463
25/02/2026 09:31,16.4,454
25/02/2026 09:41,16.4,459
25/02/2026 10:01,16.4,451
25/02/2026 10:11,16.4,456
25/02/2026 10:41,16.5,452
25/02/2026 10:51,16.5,470
25/02/2026 11:01,16.6,477
25/02/2026 11:11,16.6,471
25/02/2026 11:21,16.7,502
25/02/2026 11:31,16.8,502
25/02/2026 11:41,16.9,477
25/02/2026 11:51,16.9,490
25/02/2026 12:11,17.2,469
25/02/2026 12:21,17.3,470
25/02/2026 12:31,17.4,458
25/02/2026 12:41,17.5,448
25/02/2026 12:51,17.7,450
25/02/2026 13:01,17.8,453
25/02/2026 13:11,17.9,457
25/02/2026 13:41,18.1,452
25/02/2026 13:51,18.2,458
25/02/2026 14:01,18.4,459
25/02/2026 14:11,18.4,459
25/02/2026 14:21,18.5,491
25/02/2026 14:31,18.6,502
25/02/2026 14:41,18.7,475
25/02/2026 14:51,18.7,471
25/02/2026 15:01,18.8,471
25/02/2026 15:11,18.9,448
25/02/2026 15:21,18.9,447
25/02/2026 15:31,18.9,453
25/02/2026 15:41,19,447
25/02/2026 15:51,19,463
25/02/2026 16:01,19,463
25/02/2026 16:11,19.1,458
25/02/2026 16:21,19.1,446
25/02/2026 16:31,19.1,446
25/02/2026 16:41,19.2,469
25/02/2026 17:01,19.2,447
25/02/2026 17:11,19.2,450
25/02/2026 17:21,19.1,442
25/02/2026 17:31,19.1,451
25/02/2026 17:41,19.1,448
25/02/2026 17:51,19.1,447
25/02/2026 18:01,19,446
25/02/2026 18:11,19,453
25/02/2026 18:21,19,443
25/02/2026 18:31,18.9,444
25/02/2026 18:41,18.9,447
25/02/2026 18:51,18.8,455
25/02/2026 19:01,18.8,457
25/02/2026 19:11,18.7,442
25/02/2026 19:21,18.6,450
25/02/2026 19:31,18.6,445
25/02/2026 19:41,18.5,447
25/02/2026 19:51,18.5,443
25/02/2026 20:11,18.4,450
25/02/2026 20:21,18.3,451
25/02/2026 20:31,18.3,451
25/02/2026 20:51,18.2,437
25/02/2026 21:01,18.2,443
25/02/2026 21:11,18.3,444
25/02/2026 21:21,18.3,452
25/02/2026 21:31,18.4,462
25/02/2026 21:41,18.4,468
25/02/2026 21:51,18.4,450
25/02/2026 22:01,18.5,440
25/02/2026 22:11,18.6,465
25/02/2026 22:21,18.6,451
25/02/2026 22:41,18.6,457
25/02/2026 22:51,18.6,447
25/02/2026 23:01,18.6,452
25/02/2026 23:11,18.6,455
25/02/2026 23:21,18.6,453
25/02/2026 23:31,18.6,444
25/02/2026 23:41,18.6,444
26/02/2026 00:11,18.6,455
26/02/2026 00:21,18.6,447
26/02/2026 00:41,18.6,447
26/02/2026 00:51,18.5,441
26/02/2026 01:01,18.6,443
26/02/2026 04:10,18.4,430
26/02/2026 04:20,18.4,427
26/02/2026 04:30,18.4,436
26/02/2026 04:51,18.3,441
26/02/2026 05:01,18.3,432
26/02/2026 05:11,18.3,440
26/02/2026 05:20,18.3,429
26/02/2026 05:30,18.3,430
26/02/2026 05:40,18.3,439
26/02/2026 05:50,18.3,444
26/02/2026 06:00,18.3,438
26/02/2026 06:10,18.3,445
26/02/2026 06:20,18.3,439
26/02/2026 06:30,18.3,434
26/02/2026 06:40,18.3,444
26/02/2026 06:50,18.3,437
26/02/2026 07:00,18.3,435
26/02/2026 07:10,18.2,424
26/02/2026 07:20,18.1,437
26/02/2026 07:30,17.9,432
26/02/2026 07:40,17.9,440
26/02/2026 07:50,17.8,434
26/02/2026 08:00,17.8,430
26/02/2026 08:10,17.8,435
26/02/2026 08:20,17.8,449
26/02/2026 08:40,17.7,436
26/02/2026 08:50,17.7,427
26/02/2026 09:00,17.6,437
26/02/2026 09:30,17.5,437
26/02/2026 09:40,17.5,437
26/02/2026 09:50,17.5,432
26/02/2026 10:00,17.5,447
26/02/2026 10:20,17.6,465
26/02/2026 10:30,17.6,443
26/02/2026 10:50,17.6,473
26/02/2026 11:10,17.6,461
26/02/2026 11:20,17.6,453
26/02/2026 11:30,17.5,448
26/02/2026 11:50,17.6,450
26/02/2026 12:00,17.6,459
26/02/2026 12:20,17.6,437
26/02/2026 12:30,17.6,455
26/02/2026 12:40,17.7,453
26/02/2026 12:50,17.7,453
26/02/2026 13:00,17.7,454
26/02/2026 13:10,17.8,453
26/02/2026 13:20,17.8,456
26/02/2026 13:30,17.8,455
26/02/2026 13:40,17.8,457
26/02/2026 13:50,17.9,468
26/02/2026 14:00,17.8,474
26/02/2026 14:10,17.9,450
26/02/2026 14:20,17.9,467
26/02/2026 14:30,17.8,466
26/02/2026 14:40,17.8,438
26/02/2026 14:50,17.8,451
26/02/2026 15:00,17.9,507
26/02/2026 15:10,17.9,488
26/02/2026 15:20,17.8,464
26/02/2026 15:40,17.6,451
26/02/2026 15:50,17.6,463
26/02/2026 16:00,17.6,441
26/02/2026 16:10,17.7,536
26/02/2026 16:20,17.7,489
26/02/2026 16:30,17.6,480
26/02/2026 16:40,17.6,460
26/02/2026 16:50,17.5,442
26/02/2026 17:00,17.5,464
26/02/2026 17:10,17.5,456
26/02/2026 17:20,17.5,445
26/02/2026 17:30,17.5,444
26/02/2026 17:40,17.5,445
26/02/2026 17:50,17.5,438
26/02/2026 18:00,17.5,428
26/02/2026 18:10,17.5,456
26/02/2026 18:20,17.5,446
26/02/2026 18:30,17.5,430
26/02/2026 18:40,17.4,435
26/02/2026 18:50,17.5,437
26/02/2026 19:00,17.4,423
26/02/2026 19:10,17.4,446
26/02/2026 19:20,17.4,431
26/02/2026 19:30,17.4,434
26/02/2026 19:40,17.4,443
26/02/2026 19:50,17.4,427
26/02/2026 20:00,17.4,440
26/02/2026 20:10,17.5,439
26/02/2026 20:20,17.5,423
26/02/2026 20:30,17.5,440
26/02/2026 20:40,17.5,420
26/02/2026 20:50,17.5,425
26/02/2026 21:00,17.5,432
26/02/2026 21:10,17.6,436
26/02/2026 21:20,17.8,442
26/02/2026 21:30,17.9,451
26/02/2026 21:40,17.9,439
26/02/2026 21:50,18,449
26/02/2026 22:00,18.1,456
26/02/2026 22:10,18.1,443
26/02/2026 22:20,18.2,444
26/02/2026 22:40,18.2,448
26/02/2026 22:50,18.3,442
26/02/2026 23:00,18.3,430
26/02/2026 23:10,18.3,441
26/02/2026 23:20,18.3,431
26/02/2026 23:30,18.3,427
26/02/2026 23:40,18.4,431
26/02/2026 23:50,18.4,427
27/02/2026 00:00,18.4,441
27/02/2026 00:10,18.4,427
27/02/2026 00:20,18.4,439
27/02/2026 00:30,18.4,429
27/02/2026 00:40,18.4,429
27/02/2026 00:50,18.4,433
27/02/2026 01:00,18.5,421
27/02/2026 01:10,18.4,433
27/02/2026 01:20,18.4,440
27/02/2026 01:30,18.4,436
27/02/2026 01:40,18.4,439
27/02/2026 01:50,18.5,430
27/02/2026 02:00,18.5,427
27/02/2026 02:10,18.5,419
27/02/2026 02:20,18.5,418
27/02/2026 02:30,18.5,426
27/02/2026 02:40,18.4,424
27/02/2026 02:50,18.4,432
27/02/2026 03:00,18.4,434
27/02/2026 03:20,18.4,437
27/02/2026 03:30,18.4,441
27/02/2026 03:40,18.4,434
27/02/2026 03:50,18.4,427
27/02/2026 04:00,18.4,435
27/02/2026 04:10,18.4,430
27/02/2026 04:20,18.4,422
27/02/2026 04:30,18.4,422
27/02/2026 04:40,18.4,433
27/02/2026 04:50,18.4,436
27/02/2026 05:00,18.4,435
27/02/2026 05:10,18.4,431
27/02/2026 05:20,18.4,416
27/02/2026 05:30,18.3,429
27/02/2026 05:40,18.3,424
27/02/2026 05:50,18.3,434
27/02/2026 06:00,18.3,429
27/02/2026 06:10,18.3,428
27/02/2026 06:20,18.3,429
27/02/2026 06:30,18.3,432
27/02/2026 06:40,18.2,429
27/02/2026 06:50,18.3,433
27/02/2026 07:00,18.3,422
27/02/2026 07:10,18.2,431
27/02/2026 07:20,18,440
27/02/2026 07:30,18,429
27/02/2026 07:40,17.9,430
27/02/2026 07:50,17.9,425
27/02/2026 08:00,17.9,426
27/02/2026 08:10,17.8,436
27/02/2026 08:20,17.8,436
27/02/2026 08:30,17.8,436
27/02/2026 08:40,17.7,421
27/02/2026 08:50,17.7,429
27/02/2026 09:00,17.7,439
27/02/2026 09:10,17.7,440
27/02/2026 09:20,17.7,442
27/02/2026 09:30,17.7,430
27/02/2026 09:50,17.6,438
27/02/2026 10:00,17.6,441
27/02/2026 10:10,17.6,441
27/02/2026 10:30,17.6,445
27/02/2026 10:40,17.6,444
27/02/2026 10:50,17.6,443
27/02/2026 11:10,17.6,455
27/02/2026 11:20,17.7,460
27/02/2026 11:50,17.8,453
27/02/2026 12:00,17.8,454
27/02/2026 12:10,17.8,458
27/02/2026 12:20,17.7,451
27/02/2026 12:30,17.8,467
27/02/2026 12:40,17.8,451
27/02/2026 12:50,17.8,472
27/02/2026 13:00,17.8,456
27/02/2026 13:10,17.8,455
27/02/2026 13:20,17.8,452
27/02/2026 13:30,17.9,438
27/02/2026 13:40,17.9,452
27/02/2026 13:50,17.9,472
27/02/2026 14:00,18,474
27/02/2026 14:10,18,452
27/02/2026 14:30,18,448
27/02/2026 14:40,18,455
27/02/2026 14:50,18.1,497
27/02/2026 15:00,18.1,478
27/02/2026 15:10,18.1,465
27/02/2026 15:20,18.1,459
27/02/2026 15:30,18.1,454
27/02/2026 15:40,18.1,459
27/02/2026 15:50,18.1,491
27/02/2026 16:00,18.1,491
27/02/2026 16:10,18.1,482
27/02/2026 16:20,18.1,453
27/02/2026 16:30,18.1,460
27/02/2026 16:40,18.1,458
27/02/2026 16:50,18.1,448
27/02/2026 17:00,18.1,468
27/02/2026 17:10,18.1,459
27/02/2026 17:20,18.1,443
27/02/2026 17:30,18.1,464
27/02/2026 17:40,18.1,446
27/02/2026 17:50,18.1,441
27/02/2026 18:00,18.1,447
27/02/2026 18:10,18,435
27/02/2026 18:40,17.9,431
27/02/2026 18:50,17.9,432
27/02/2026 19:00,17.9,438
27/02/2026 19:10,17.9,441
27/02/2026 19:20,17.9,428
27/02/2026 19:30,17.8,436
27/02/2026 19:40,17.8,436
27/02/2026 19:50,17.8,445
27/02/2026 20:00,17.8,437
27/02/2026 20:10,17.8,452
27/02/2026 20:20,17.8,449
27/02/2026 20:30,17.8,449
27/02/2026 20:40,17.8,446
27/02/2026 21:00,17.8,430
27/02/2026 21:10,17.9,434
27/02/2026 21:20,17.9,446
27/02/2026 21:30,18,441
27/02/2026 21:40,18,442
27/02/2026 21:50,18.1,440
27/02/2026 22:00,18.1,447
27/02/2026 22:10,18.1,446
27/02/2026 22:20,18.1,442
27/02/2026 22:30,18.1,446
27/02/2026 22:40,18.1,450
27/02/2026 22:50,18.1,435
27/02/2026 23:00,18.1,441
27/02/2026 23:10,18.1,439
27/02/2026 23:20,18.2,433
27/02/2026 23:30,18.2,437
27/02/2026 23:40,18.2,438
27/02/2026 23:50,18.1,445
28/02/2026 00:00,18.2,443
28/02/2026 00:10,18.2,440
28/02/2026 00:20,18.2,437
28/02/2026 00:30,18.1,436
28/02/2026 00:40,18.2,433
28/02/2026 00:50,18.1,438
28/02/2026 01:00,18.1,426
28/02/2026 01:10,18.1,434
28/02/2026 01:20,18.1,454
28/02/2026 01:30,18.1,431
28/02/2026 01:40,18.1,430
28/02/2026 01:50,18.1,432
28/02/2026 02:00,18.1,436
28/02/2026 02:10,18.1,431
28/02/2026 02:20,18,433
28/02/2026 02:30,18,432
28/02/2026 02:40,18,428
28/02/2026 02:50,18,435
28/02/2026 03:00,18,425
28/02/2026 03:10,18,420
28/02/2026 03:20,18,432
28/02/2026 03:30,18,424
28/02/2026 03:40,18,424
28/02/2026 03:50,17.9,439
28/02/2026 04:00,17.9,421
28/02/2026 04:10,18,428
28/02/2026 04:20,18,438
28/02/2026 04:30,17.9,429
28/02/2026 04:40,17.9,429
28/02/2026 04:50,17.9,431
28/02/2026 05:00,17.9,419
28/02/2026 05:10,17.9,422
28/02/2026 05:20,17.9,423
28/02/2026 05:30,17.9,435
28/02/2026 05:40,17.9,432
28/02/2026 05:50,17.9,439
28/02/2026 06:00,17.9,446
28/02/2026 06:10,17.8,433
28/02/2026 06:20,17.8,439
28/02/2026 06:30,17.8,446
28/02/2026 06:40,17.8,433
28/02/2026 06:50,17.8,426
28/02/2026 07:00,17.7,428
28/02/2026 07:10,17.7,426
28/02/2026 07:20,17.7,432
28/02/2026 07:30,17.6,436
28/02/2026 07:40,17.6,426
28/02/2026 07:50,17.6,423
28/02/2026 08:00,17.5,426
28/02/2026 08:10,17.5,416
28/02/2026 08:20,17.5,425
28/02/2026 08:30,17.5,420
28/02/2026 08:40,17.5,429
28/02/2026 08:50,17.4,434
28/02/2026 09:00,17.4,434
28/02/2026 09:10,17.4,431
28/02/2026 09:20,17.4,425
28/02/2026 09:30,17.4,426
28/02/2026 09:40,17.4,425
28/02/2026 09:50,17.4,438
28/02/2026 10:00,17.3,433
28/02/2026 10:10,17.3,434
28/02/2026 10:20,17.3,435
28/02/2026 10:30,17.4,432
28/02/2026 11:00,17.4,433
28/02/2026 11:10,17.3,425
28/02/2026 11:20,17.4,427
28/02/2026 11:30,17.4,437
28/02/2026 11:40,17.4,438
28/02/2026 11:50,17.4,428
28/02/2026 12:00,17.4,423
28/02/2026 12:10,17.4,436
28/02/2026 12:20,17.4,423
28/02/2026 12:30,17.4,443
28/02/2026 12:50,17.5,431
28/02/2026 13:00,17.5,428
28/02/2026 13:20,17.5,423
28/02/2026 13:30,17.5,426
28/02/2026 13:40,17.5,424
28/02/2026 13:50,17.5,431
28/02/2026 14:00,17.5,424
28/02/2026 14:10,17.6,419
28/02/2026 14:20,17.6,429
28/02/2026 14:40,17.6,440
28/02/2026 14:50,17.6,428
28/02/2026 15:00,17.6,423
28/02/2026 15:10,17.6,424
28/02/2026 15:20,17.7,435
28/02/2026 15:30,17.7,433
28/02/2026 15:40,17.7,438
28/02/2026 15:50,17.8,450
28/02/2026 16:00,17.7,448
28/02/2026 16:10,17.8,456
28/02/2026 16:20,17.8,441
28/02/2026 16:30,17.8,425
28/02/2026 16:40,17.8,443
28/02/2026 16:50,17.8,430
28/02/2026 17:00,17.8,435
28/02/2026 17:10,17.8,436
28/02/2026 17:20,17.9,433
28/02/2026 17:30,17.9,443
28/02/2026 17:40,17.9,431
28/02/2026 17:50,17.8,422
28/02/2026 18:00,17.8,425
28/02/2026 18:10,17.7,438
28/02/2026 18:20,17.7,433
28/02/2026 18:30,17.6,434
28/02/2026 18:40,17.6,437
28/02/2026 18:50,17.5,433
28/02/2026 19:00,17.5,447
28/02/2026 19:10,17.5,440
28/02/2026 19:20,17.4,444
28/02/2026 19:30,17.4,444
28/02/2026 19:40,17.4,448
28/02/2026 19:50,17.3,446
28/02/2026 20:00,17.3,435
28/02/2026 20:10,17.2,452
28/02/2026 20:20,17.2,443
28/02/2026 20:30,17.2,451
28/02/2026 20:40,17.2,451
28/02/2026 20:50,17.2,451
28/02/2026 21:00,17.1,449
28/02/2026 21:10,17.1,448
28/02/2026 21:20,17.1,448
28/02/2026 21:30,17.1,445
28/02/2026 21:40,17.1,449
28/02/2026 21:50,17.1,451
28/02/2026 22:00,17.1,452
28/02/2026 22:10,17.1,462
28/02/2026 22:20,17,450
28/02/2026 22:30,17,454
28/02/2026 22:40,17,448
28/02/2026 22:50,17,436
28/02/2026 23:00,17,449
28/02/2026 23:10,17,441
28/02/2026 23:20,16.9,439
28/02/2026 23:30,16.9,441
28/02/2026 23:40,17,435
28/02/2026 23:50,17,441