Timestamp,CIB Heating CT Circuit Flow Temp,CIB Heating CT Circuit LTHW CT Low Temp Alarm,CIB Heating CT Circuit Pumps CT-01 Enable,CIB Heating CT Circuit Pumps CT-01 Fault,CIB Heating CT Circuit Pumps CT-02 Enable,CIB Heating CT Circuit Pumps CT-02 Fault,CIB Heating CT Circuit Pumps DPS,CIB Heating CT Circuit Return Temp,CIB Heating CT Circuit Time Schedule
2025-12-13T00:00:00Z London,55.85174528757731,AAAB,AAAA,AAAA,AAAB,AAAA,AAAB,54.662510553995766,AAAB
2025-12-13T01:00:00Z London,55.994964281717934,AAAB,AAAA,AAAA,AAAB,AAAA,AAAB,54.78527005513509,AAAB
2025-12-13T02:00:00Z London,56.189333279927574,AAAB,AAAA,AAAA,AAAB,AAAA,AAAB,54.948951403299965,AAAB
2025-12-13T03:00:00Z London,56.736636797587074,AAAB,AAAA,AAAA,AAAB,AAAA,AAAB,55.54484494527181,AAAB
2025-12-13T04:00:00Z London,57.08445612589518,AAAB,AAAA,AAAA,AAAB,AAAA,AAAB,55.88243579864502,AAAB
2025-12-13T05:00:00Z London,57.4476203918457,AAAB,AAAA,AAAA,AAAB,AAAA,AAAB,56.20467948913574,AAAB
2025-12-13T06:00:00Z London,57.59084129333496,AAAB,AAAA,AAAA,AAAB,AAAA,AAAB,56.34789848327637,AAAB
2025-12-13T07:00:00Z London,57.31718889872233,AAAB,AAAA,AAAA,AAAB,AAAA,AAAB,55.90800921122233,AAAB
2025-12-13T08:00:00Z London,56.800576527913414,AAAB,AAAA,AAAA,AAAB,AAAA,AAAB,55.309557596842446,AAAB
2025-12-13T09:00:00Z London,56.7008310953776,AAAB,AAAA,AAAA,AAAB,AAAA,AAAB,55.191914876302086,AAAB
2025-12-13T10:00:00Z London,56.11260986328125,AAAB,AAAA,AAAA,AAAB,AAAA,AAAB,54.672739028930664,AAAB
2025-12-13T11:00:00Z London,55.45533434549967,AAAB,AAAA,AAAA,AAAB,AAAA,AAAB,54.028252601623535,AAAB
2025-12-13T12:00:00Z London,54.71621831258138,AAAB,AAAA,AAAA,AAAB,AAAA,AAAB,53.33517328898112,AAAB
2025-12-13T13:00:00Z London,54.44512367248535,AAAB,AAAA,AAAA,AAAB,AAAA,AAAB,53.01804161071777,AAAB
2025-12-13T14:00:00Z London,54.01546414693197,AAAB,AAAA,AAAA,AAAB,AAAA,AAAB,52.596056620279946,AAAB
2025-12-13T15:00:00Z London,54.061501820882164,AAAB,AAAA,AAAA,AAAB,AAAA,AAAB,52.66255124409994,AAAB
2025-12-13T16:00:00Z London,54.30701986948649,AAAB,AAAA,AAAA,AAAB,AAAA,AAAB,52.88505299886068,AAAB
2025-12-13T17:00:00Z London,55.125417709350586,AAAB,AAAA,AAAA,AAAB,AAAA,AAAB,53.5934788386027,AAAB
2025-12-13T18:00:00Z London,56.163760821024574,AAAB,AAAA,AAAA,AAAB,AAAA,AAAB,54.68297004699707,AAAB
2025-12-13T19:00:00Z London,56.57807413736979,AAAB,AAAA,AAAA,AAAB,AAAA,AAAB,55.07938130696615,AAAB
2025-12-13T20:00:00Z London,56.869627952575684,AAAB,AAAA,AAAA,AAAB,AAAA,AAAB,55.36582374572754,AAAB
2025-12-13T21:00:00Z London,57.07422637939453,AAAB,AAAA,AAAA,AAAB,AAAA,AAAB,55.61645634969076,AAAB
2025-12-13T22:00:00Z London,57.30695819854736,AAAB,AAAA,AAAA,AAAB,AAAA,AAAB,56.038442293802895,AAAB
2025-12-13T23:00:00Z London,57.383681297302246,AAAB,AAAA,AAAA,AAAB,AAAA,AAAB,56.1253973642985,AAAB
2025-12-14T00:00:00Z London,57.37089443206787,AAAB,AAAA,AAAA,AAAB,AAAA,AAAB,56.0947068532308,AAAB
2025-12-14T01:00:00Z London,57.50388526916504,AAAB,AAAA,AAAA,AAAB,AAAA,AAAB,56.209794998168945,AAAB
2025-12-14T02:00:00Z London,57.64710489908854,AAAB,AAAA,AAAA,AAAB,AAAA,AAAB,56.33255259195963,AAAB
2025-12-14T03:00:00Z London,57.65989112854004,AAAB,AAAA,AAAA,AAAB,AAAA,AAAB,56.37091636657715,AAAB
2025-12-14T04:00:00Z London,57.72894414265951,AAAB,AAAA,AAAA,AAAB,AAAA,AAAB,56.42973836263021,AAAB
2025-12-14T05:00:00Z London,57.71615727742513,AAAB,AAAA,AAAA,AAAB,AAAA,AAAB,56.42206700642904,AAAB
2025-12-14T06:00:00Z London,57.78009478251139,AAAB,AAAA,AAAA,AAAB,AAAA,AAAB,56.49367459615072,AAAB
2025-12-14T07:00:00Z London,57.76986503601074,AAAB,AAAA,AAAA,AAAB,AAAA,AAAB,56.31976636250814,AAAB
2025-12-14T08:00:00Z London,57.49876912434896,AAAB,AAAA,AAAA,AAAB,AAAA,AAAB,55.982178688049316,AAAB
2025-12-14T09:00:00Z London,57.11003049214681,AAAB,AAAA,AAAA,AAAB,AAAA,AAAB,55.626686096191406,AAAB
2025-12-14T10:00:00Z London,56.555057525634766,AAAB,AAAA,AAAA,AAAB,AAAA,AAAB,55.08193874359131,AAAB
2025-12-14T11:00:00Z London,55.55507723490397,AAAB,AAAA,AAAA,AAAB,AAAA,AAAB,54.09219106038412,AAAB
2025-12-14T12:00:00Z London,55.0947265625,AAAB,AAAA,AAAA,AAAB,AAAA,AAAB,53.64718691507975,AAAB
2025-12-14T13:00:00Z London,54.93871879577637,AAAB,AAAA,AAAA,AAAB,AAAA,AAAB,53.52698485056559,AAAB
2025-12-14T14:00:00Z London,55.138203938802086,AAAB,AAAA,AAAA,AAAB,AAAA,AAAB,53.65485858917236,AAAB
2025-12-14T15:00:00Z London,55.34024556477865,AAAB,AAAA,AAAA,AAAB,AAAA,AAAB,53.900376637776695,AAAB
2025-12-14T16:00:00Z London,55.7034117380778,AAAB,AAAA,AAAA,AAAB,AAAA,AAAB,54.21495056152344,AAAB
2025-12-14T17:00:00Z London,55.734103202819824,AAAB,AAAA,AAAA,AAAB,AAAA,AAAB,54.29167366027832,AAAB
2025-12-14T18:00:00Z London,55.519273122151695,AAAB,AAAA,AAAA,AAAB,AAAA,AAAB,54.08195877075195,AAAB
2025-12-14T19:00:00Z London,55.27375030517578,AAAB,AAAA,AAAA,AAAB,AAAA,AAAB,53.82876777648926,AAAB
2025-12-14T20:00:00Z London,55.020559310913086,AAAB,AAAA,AAAA,AAAB,AAAA,AAAB,53.60882377624512,AAAB
2025-12-14T21:00:00Z London,54.915703455607094,AAAB,AAAA,AAAA,AAAB,AAAA,AAAB,53.51675351460775,AAAB
2025-12-14T22:00:00Z London,54.64716625213623,AAAB,AAAA,AAAA,AAAB,AAAA,AAAB,53.447702407836914,AAAB
2025-12-14T23:00:00Z London,54.43489487965902,AAAB,AAAA,AAAA,AAAB,AAAA,AAAB,53.25844860076904,AAAB
2025-12-15T00:00:00Z London,54.353055000305176,AAAB,AAAA,AAAA,AAAB,AAAA,AAAB,53.117788314819336,AAAB
2025-12-15T01:00:00Z London,54.28144327799479,AAAB,AAAA,AAAA,AAAB,AAAA,AAAB,53.09988276163737,AAAB
2025-12-15T02:00:00Z London,54.355611165364586,AAAB,AAAA,AAAA,AAAB,AAAA,AAAB,53.17404874165853,AAAB
2025-12-15T03:00:00Z London,54.424665768941246,AAAB,AAAA,AAAA,AAAB,AAAA,AAAB,53.227758725484215,AAAB
2025-12-15T04:00:00Z London,54.53463617960612,AAAB,AAAA,AAAA,AAAB,AAAA,AAAB,53.40678151448568,AAAB
2025-12-15T05:00:00Z London,54.65739663441976,AAAB,AAAA,AAAA,AAAB,AAAA,AAAB,53.46048959096273,AAAB
2025-12-15T06:00:00Z London,54.68297100067139,AAAB,AAAA,AAAA,AAAB,AAAA,AAAB,53.480950673421226,AAAB
2025-12-15T07:00:00Z London,54.654836654663086,AAAB,AAAA,AAAA,AAAB,AAAA,AAAB,53.13568878173828,AAAB
2025-12-15T08:00:00Z London,53.52442646026611,AAAB,AAAA,AAAA,AAAB,AAAA,AAAB,52.19708824157715,AAAB
2025-12-15T09:00:00Z London,53.18683942159017,AAAB,AAAA,AAAA,AAAB,AAAA,AAAB,51.80579058329264,AAAB
2025-12-15T10:00:00Z London,52.72137705485026,AAAB,AAAAAfAB,AAAA,AAABAfAA,AAAA,AAAB,51.365901947021484,AAAB
2025-12-15T11:00:00Z London,51.92343552907308,AAAB,AAAB,AAAA,AAAA,AAAA,AAAB,50.59354114532471,AAAB
2025-12-15T12:00:00Z London,51.777661641438804,AAAB,AAAB,AAAA,AAAA,AAAA,AAAB,50.40940284729004,AAAB
2025-12-15T13:00:00Z London,51.757198651631676,AAAB,AAAB,AAAA,AAAA,AAAA,AAAB,50.40684700012207,AAAB
2025-12-15T14:00:00Z London,51.75720024108887,AAAB,AAAB,AAAA,AAAA,AAAA,AAAB,50.41451772054037,AAAB
2025-12-15T15:00:00Z London,51.85949865976969,AAAB,AAAB,AAAA,AAAA,AAAA,AAAB,50.516814549764,AAAB
2025-12-15T16:00:00Z London,52.06665515899658,AAAB,AAAB,AAAA,AAAA,AAAA,AAAB,50.65492248535156,AAAB
2025-12-15T17:00:00Z London,52.57815488179525,AAAB,AAAB,AAAA,AAAA,AAAA,AAAB,51.12038548787435,AAAB
2025-12-15T18:00:00Z London,53.327501932779946,AAAB,AAAB,AAAA,AAAA,AAAA,AAAB,51.95668379465739,AAAB
2025-12-15T19:00:00Z London,53.62672678629557,AAAB,AAAB,AAAA,AAAA,AAAA,AAAB,52.21499093373617,AAAB
2025-12-15T20:00:00Z London,53.69322204589844,AAAB,AAAB,AAAA,AAAA,AAAA,AAAB,52.33007621765137,AAAB
2025-12-15T21:00:00Z London,53.777618408203125,AAAB,AAAB,AAAA,AAAA,AAAA,AAAB,52.47841453552246,AAAB
2025-12-15T22:00:00Z London,53.93874168395996,AAAB,AAAB,AAAA,AAAA,AAAA,AAAB,52.75462214152018,AAAB
2025-12-15T23:00:00Z London,53.80830955505371,AAAB,AAAB,AAAA,AAAA,AAAA,AAAB,52.68045425415039,AAAB
2025-12-16T00:00:00Z London,53.948970794677734,AAAB,AAAB,AAAA,AAAA,AAAA,AAAB,52.7878672281901,AAAB
2025-12-16T01:00:00Z London,53.923393885294594,AAAB,AAAB,AAAA,AAAA,AAAA,AAAB,52.77763875325521,AAAB
2025-12-16T02:00:00Z London,53.693220138549805,AAAB,AAAB,AAAA,AAAA,AAAA,AAAB,52.5500233968099,AAAB
2025-12-16T03:00:00Z London,53.52442773183187,AAAB,AAAB,AAAA,AAAA,AAAA,AAAB,52.401686350504555,AAAB
2025-12-16T04:00:00Z London,53.83132457733154,AAAB,AAAB,AAAA,AAAA,AAAA,AAAB,52.7085870107015,AAAB
2025-12-16T05:00:00Z London,53.9361826578776,AAAB,AAAB,AAAA,AAAA,AAAA,AAAB,52.80577023824056,AAAB
2025-12-16T06:00:00Z London,54.051270167032875,AAAB,AAAB,AAAA,AAAA,AAAA,AAAB,52.9055118560791,AAAB
2025-12-16T07:00:00Z London,53.626726150512695,AAAB,AAAB,AAAA,AAAA,AAAA,AAAB,52.28148587544759,AAAB
2025-12-16T08:00:00Z London,52.68301137288412,AAAB,AAAB,AAAA,AAAA,AAAA,AAAB,51.37357743581136,AAAB
2025-12-16T09:00:00Z London,52.15872573852539,AAAB,AAAB,AAAA,AAAA,AAAA,AAAB,50.91578483581543,AAAB
2025-12-16T10:00:00Z London,51.91832160949707,AAAB,AAAB,AAAA,AAAA,AAAA,AAAB,50.65236218770345,AAAB
2025-12-16T11:00:00Z London,51.24825795491537,AAAB,AAAB,AAAA,AAAA,AAAA,AAAB,49.99820899963379,AAAB
2025-12-16T12:00:00Z London,50.8288304011027,AAAB,AAAB,AAAA,AAAA,AAAA,AAAB,49.616738637288414,AAAB
2025-12-16T13:00:00Z London,51.07690684000651,AAAB,AAAB,AAAA,AAAA,AAAA,AAAB,49.81057866414388,AAAB
2025-12-16T14:00:00Z London,52.624189376831055,AAAB,AAAB,AAAA,AAAA,AAAA,AAAB,51.19199307759603,AAAB
2025-12-16T15:00:00Z London,53.02571487426758,AAAB,AAAB,AAAA,AAAA,AAAA,AAAB,51.63699595133463,AAAB
2025-12-16T16:00:00Z London,53.50908279418945,AAAB,AAAB,AAAA,AAAA,AAAA,AAAB,52.00527572631836,AAAB
2025-12-16T17:00:00Z London,54.33259550730387,AAAB,AAAB,AAAA,AAAA,AAAA,AAAB,52.81600125630697,AAAB
2025-12-16T18:00:00Z London,55.416970570882164,AAAB,AAAB,AAAA,AAAA,AAAA,AAAB,53.90293629964193,AAAB
2025-12-16T19:00:00Z London,55.77246284484863,AAAB,AAAB,AAAA,AAAA,AAAA,AAAB,54.29423141479492,AAAB
2025-12-16T20:00:00Z London,55.92335573832194,AAAB,AAAB,AAAA,AAAA,AAAA,AAAB,54.463026682535805,AAAB
2025-12-16T21:00:00Z London,56.35812950134277,AAAB,AAAB,AAAA,AAAA,AAAA,AAAB,54.9412784576416,AAAB
2025-12-16T22:00:00Z London,57.25069332122803,AAAB,AAAB,AAAA,AAAA,AAAA,AAAB,55.9412571589152,AAAB
2025-12-16T23:00:00Z London,57.89773941040039,AAAB,AAAB,AAAA,AAAA,AAAA,AAAB,56.532039642333984,AAAB
2025-12-17T00:00:00Z London,58.17906411488851,AAAB,AAAB,AAAA,AAAA,AAAA,AAAB,56.910546938578285,AAAB
2025-12-17T01:00:00Z London,58.71613566080729,AAAB,AAAB,AAAA,AAAA,AAAA,AAAB,57.4015858968099,AAAB
2025-12-17T02:00:00Z London,58.93096733093262,AAAB,AAAB,AAAA,AAAA,AAAA,AAAB,57.626644134521484,AAAB
2025-12-17T03:00:00Z London,59.023036321004234,AAAB,AAAB,AAAA,AAAA,AAAA,AAAB,57.66245079040527,AAAB
2025-12-17T04:00:00Z London,59.04861068725586,AAAB,AAAB,AAAA,AAAA,AAAA,AAAB,57.71871693929037,AAAB
2025-12-17T05:00:00Z London,59.13556702931722,AAAB,AAAB,AAAA,AAAA,AAAA,AAAB,57.78265253702799,AAAB
2025-12-17T06:00:00Z London,59.15602684020996,AAAB,AAAB,AAAA,AAAA,AAAA,AAAB,57.836360931396484,AAAB
2025-12-17T07:00:00Z London,56.67525895436605,AAAB,AAAB,AAAA,AAAA,AAAA,AAAB,54.217507680257164,AAAB
2025-12-17T08:00:00Z London,51.33521270751953,AAAB,AAAB,AAAA,AAAA,AAAA,AAAB,49.521738052368164,AAAB
2025-12-17T09:00:00Z London,51.376132011413574,AAAB,AAAB,AAAA,AAAA,AAAA,AAAB,49.65199947357178,AAAB
2025-12-17T10:00:00Z London,52.50910218556722,AAAB,AAAB,AAAA,AAAA,AAAA,AAAB,50.276442209879555,AAAB
2025-12-17T11:00:00Z London,54.11520862579346,AAAB,AAAB,AAAA,AAAA,AAAA,AAAB,52.662550608317055,AAAB
2025-12-17T12:00:00Z London,54.55253950754801,AAAB,AAAB,AAAA,AAAA,AAAA,AAAB,53.0717519124349,AAAB
2025-12-17T13:00:00Z London,53.82876777648926,AAAB,AAAB,AAAA,AAAA,AAAA,AAAB,52.49631563822428,AAAB
2025-12-17T14:00:00Z London,53.376092274983726,AAAB,AAAB,AAAA,AAAA,AAAA,AAAB,51.89786116282145,AAAB
2025-12-17T15:00:00Z London,53.058963775634766,AAAB,AAAB,AAAA,AAAA,AAAA,AAAB,51.64978472391764,AAAB
2025-12-17T16:00:00Z London,52.972007751464844,AAAB,AAAB,AAAA,AAAA,AAAA,AAAB,51.58584849039713,AAAB
2025-12-17T17:00:00Z London,54.03848171234131,AAAB,AAAB,AAAA,AAAA,AAAA,AAAB,52.55769634246826,AAAB
2025-12-17T18:00:00Z London,54.560211499532066,AAAB,AAAB,AAAA,AAAA,AAAA,AAAB,53.08965174357096,AAAB
2025-12-17T19:00:00Z London,55.030789057413735,AAAB,AAAB,AAAA,AAAA,AAAA,AAAB,53.56023120880127,AAAB
2025-12-17T20:00:00Z London,55.18168195088705,AAAB,AAAB,AAAA,AAAA,AAAA,AAAB,53.757158279418945,AAAB
2025-12-17T21:00:00Z London,55.018001556396484,AAAB,AAAB,AAAA,AAAA,AAAA,AAAB,53.60626729329427,AAAB
2025-12-17T22:00:00Z London,55.051249186197914,AAAB,AAAB,AAAA,AAAA,AAAA,AAAB,53.85690148671468,AAAB
2025-12-17T23:00:00Z London,54.85432116190592,AAAB,AAAB,AAAA,AAAA,AAAA,AAAB,53.70089244842529,AAAB
2025-12-18T00:00:00Z London,54.89524269104004,AAAB,AAAB,AAAA,AAAA,AAAA,AAAB,53.68810590108236,AAAB
2025-12-18T01:00:00Z London,55.381168365478516,AAAB,AAAB,AAAA,AAAA,AAAA,AAAB,54.15357208251953,AAAB
2025-12-18T02:00:00Z London,55.70596853892008,AAAB,AAAB,AAAA,AAAA,AAAA,AAAB,54.49627431233724,AAAB
2025-12-18T03:00:00Z London,55.606228510538735,AAAB,AAAB,AAAA,AAAA,AAAA,AAAB,54.396531105041504,AAAB
2025-12-18T04:00:00Z London,55.442545572916664,AAAB,AAAB,AAAA,AAAA,AAAA,AAAB,54.25842889149984,AAAB
2025-12-18T05:00:00Z London,55.21748606363932,AAAB,AAAB,AAAA,AAAA,AAAA,AAAB,54.02569452921549,AAAB
2025-12-18T06:00:00Z London,54.81340185801188,AAAB,AAAB,AAAA,AAAA,AAAA,AAAB,53.631842931111656,AAAB
2025-12-18T07:00:00Z London,54.20471954345703,AAAB,AAAB,AAAA,AAAA,AAAA,AAAB,52.94131851196289,AAAB
2025-12-18T08:00:00Z London,53.86201477050781,AAAB,AAAB,AAAA,AAAA,AAAA,AAAB,52.39657402038574,AAAB
2025-12-18T09:00:00Z London,53.45281728108724,AAAB,AAAB,AAAA,AAAA,AAAA,AAAB,52.220105489095054,AAAB
2025-12-18T10:00:00Z London,53.4553747177124,AAAB,AAAB,AAAA,AAAA,AAAA,AAAB,52.0308510462443,AAAB
2025-12-18T11:00:00Z London,53.08453782399496,AAAB,AAAB,AAAA,AAAA,AAAA,AAAB,51.82113838195801,AAAB
2025-12-18T12:00:00Z London,53.396551767985024,AAAB,AAAB,AAAA,AAAA,AAAA,AAAB,51.94901212056478,AAAB
2025-12-18T13:00:00Z London,53.40934085845947,AAAB,AAAB,AAAA,AAAA,AAAA,AAAB,52.0666561126709,AAAB
2025-12-18T14:00:00Z London,53.391438802083336,AAAB,AAAB,AAAA,AAAA,AAAA,AAAB,51.974586486816406,AAAB
2025-12-18T15:00:00Z London,53.63184070587158,AAAB,AAAB,AAAA,AAAA,AAAA,AAAB,52.2277774810791,AAAB
2025-12-18T16:00:00Z London,53.61649703979492,AAAB,AAAB,AAAA,AAAA,AAAA,AAAB,52.240565617879234,AAAB
2025-12-18T17:00:00Z London,54.053826649983726,AAAB,AAAB,AAAA,AAAA,AAAA,AAAB,52.72648811340332,AAAB
2025-12-18T18:00:00Z London,53.94129753112793,AAAB,AAAB,AAAA,AAAA,AAAA,AAAB,52.56281026204427,AAAB
2025-12-18T19:00:00Z London,53.36841996510824,AAAB,AAAB,AAAA,AAAA,AAAA,AAAB,52.01550547281901,AAAB
2025-12-18T20:00:00Z London,53.378650983174644,AAAB,AAAB,AAAA,AAAA,AAAA,AAAB,52.02829456329346,AAAB
2025-12-18T21:00:00Z London,53.70345115661621,AAAB,AAAB,AAAA,AAAA,AAAA,AAAB,52.35309600830078,AAAB
2025-12-18T22:00:00Z London,53.92339515686035,AAAB,AAAB,AAAA,AAAA,AAAA,AAAB,52.74183464050293,AAAB
2025-12-18T23:00:00Z London,53.86201477050781,AAAB,AAAB,AAAA,AAAA,AAAA,AAAB,52.695796966552734,AAAB
2025-12-19T00:00:00Z London,54.30190181732178,AAAB,AAAB,AAAA,AAAA,AAAA,AAAB,53.09732405344645,AAAB
2025-12-19T01:00:00Z London,54.580671628316246,AAAB,AAAB,AAAA,AAAA,AAAA,AAAB,53.35563309987386,AAAB
2025-12-19T02:00:00Z London,54.88501103719076,AAAB,AAAB,AAAA,AAAA,AAAA,AAAB,53.68299102783203,AAAB
2025-12-19T03:00:00Z London,55.526943842569985,AAAB,AAAB,AAAA,AAAA,AAAA,AAAB,54.24308236440023,AAAB
2025-12-19T04:00:00Z London,56.051228841145836,AAAB,AAAB,AAAA,AAAA,AAAA,AAAB,54.79294204711914,AAAB
2025-12-19T05:00:00Z London,56.37858772277832,AAAB,AAAB,AAAA,AAAA,AAAA,AAAB,55.11262893676758,AAAB
2025-12-19T06:00:00Z London,56.506463368733726,AAAB,AAAB,AAAA,AAAA,AAAA,AAAB,55.243062337239586,AAAB
2025-12-19T07:00:00Z London,55.98984972635905,AAAB,AAAB,AAAA,AAAA,AAAA,AAAB,54.680412928263344,AAAB
2025-12-19T08:00:00Z London,55.12285900115967,AAAB,AAAB,AAAA,AAAA,AAAA,AAAB,53.659973780314125,AAAB
2025-12-19T09:00:00Z London,54.56532541910807,AAAB,AAAB,AAAA,AAAA,AAAA,AAAB,53.06407864888509,AAAB
2025-12-19T10:00:00Z London,54.1407839457194,AAAB,AAAB,AAAA,AAAA,AAAA,AAAB,52.677895863850914,AAAB
2025-12-19T11:00:00Z London,53.91828155517578,AAAB,AAAB,AAAA,AAAA,AAAA,AAAB,52.50142733256022,AAAB
2025-12-19T12:00:00Z London,53.58580684661865,AAAB,AAAB,AAAA,AAAA,AAAA,AAAB,52.189414978027344,AAAB
2025-12-19T13:00:00Z London,53.309597651163735,AAAB,AAAB,AAAA,AAAA,AAAA,AAAB,51.95924186706543,AAAB
2025-12-19T14:00:00Z London,53.06152025858561,AAAB,AAAB,AAAA,AAAA,AAAA,AAAB,51.716278394063316,AAAB
2025-12-19T15:00:00Z London,53.10755729675293,AAAB,AAAB,AAAA,AAAA,AAAA,AAAB,51.73418299357096,AAAB
2025-12-19T16:00:00Z London,53.6574182510376,AAAB,AAAB,AAAA,AAAA,AAAA,AAAB,52.26102670033773,AAAB
2025-12-19T17:00:00Z London,54.24052619934082,AAAB,AAAB,AAAA,AAAA,AAAA,AAAB,52.795541763305664,AAAB
2025-12-19T18:00:00Z London,55.286539713541664,AAAB,AAAB,AAAA,AAAA,AAAA,AAAB,53.78785006205241,AAAB
2025-12-19T19:00:00Z London,55.88754940032959,AAAB,AAAB,AAAA,AAAA,AAAA,AAAB,54.42978000640869,AAAB
2025-12-19T20:00:00Z London,56.31720987955729,AAAB,AAAB,AAAA,AAAA,AAAA,AAAB,54.89012781778971,AAAB
2025-12-19T21:00:00Z London,56.68804423014323,AAAB,AAAB,AAAA,AAAA,AAAA,AAAB,55.19958368937174,AAAB
2025-12-19T22:00:00Z London,57.048651377360024,AAAB,AAAB,AAAA,AAAA,AAAA,AAAB,55.787808100382485,AAAB
2025-12-19T23:00:00Z London,57.27115249633789,AAAB,AAAB,AAAA,AAAA,AAAA,AAAB,56.01286697387695,AAAB
2025-12-20T00:00:00Z London,57.457850774129234,AAAB,AAAB,AAAA,AAAA,AAAA,AAAB,56.20212268829346,AAAB
2025-12-20T01:00:00Z London,57.68291028340658,AAAB,AAAB,AAAA,AAAA,AAAA,AAAB,56.38370577494303,AAAB
2025-12-20T02:00:00Z London,57.82868766784668,AAAB,AAAB,AAAA,AAAA,AAAA,AAAB,56.54738426208496,AAAB
2025-12-20T03:00:00Z London,57.84147644042969,AAAB,AAAB,AAAA,AAAA,AAAA,AAAB,56.55249786376953,AAAB
2025-12-20T04:00:00Z London,57.85937754313151,AAAB,AAAB,AAAA,AAAA,AAAA,AAAB,56.601088205973305,AAAB
2025-12-20T05:00:00Z London,57.90541203816732,AAAB,AAAB,AAAA,AAAA,AAAA,AAAB,56.59085909525553,AAAB
2025-12-20T06:00:00Z London,58.023057301839195,AAAB,AAAB,AAAA,AAAA,AAAA,AAAB,56.739197413126625,AAAB
2025-12-20T07:00:00Z London,57.28394158681234,AAAB,AAAB,AAAA,AAAA,AAAA,AAAB,55.21493021647135,AAAB
2025-12-20T08:00:00Z London,56.87474377950033,AAAB,AAAB,AAAA,AAAA,AAAA,AAAB,55.19702593485514,AAAB
2025-12-20T09:00:00Z London,56.82359504699707,AAAB,AAAB,AAAA,AAAA,AAAA,AAAB,55.204697608947754,AAAB
2025-12-20T10:00:00Z London,56.419507344563804,AAAB,AAAB,AAAA,AAAA,AAAA,AAAB,54.562768618265785,AAAB
2025-12-20T11:00:00Z London,55.7571169535319,AAAB,AAAB,AAAA,AAAA,AAAA,AAAB,54.30957889556885,AAAB
2025-12-20T12:00:00Z London,55.26352310180664,AAAB,AAAB,AAAA,AAAA,AAAA,AAAB,53.36330636342367,AAAB
2025-12-20T13:00:00Z London,55.06915156046549,AAAB,AAAB,AAAA,AAAA,AAAA,AAAB,53.62416966756185,AAAB
2025-12-20T14:00:00Z London,55.05636405944824,AAAB,AAAB,AAAA,AAAA,AAAA,AAAB,53.509083112080894,AAAB
2025-12-20T15:00:00Z London,55.130531311035156,AAAB,AAAB,AAAA,AAAA,AAAA,AAAB,53.10499827067057,AAAB
2025-12-20T16:00:00Z London,55.50392723083496,AAAB,AAAB,AAAA,AAAA,AAAA,AAAB,54.01546573638916,AAAB
2025-12-20T17:00:00Z London,56.00775337219238,AAAB,AAAB,AAAA,AAAA,AAAA,AAAB,54.05638599395752,AAAB
2025-12-20T18:00:00Z London,56.40672302246094,AAAB,AAAB,AAAA,AAAA,AAAA,AAAB,54.879896799723305,AAAB
2025-12-20T19:00:00Z London,56.53459866841634,AAAB,AAAB,AAAA,AAAA,AAAA,AAAB,54.52440388997396,AAAB
2025-12-20T20:00:00Z London,56.792903900146484,AAAB,AAAB,AAAA,AAAA,AAAA,AAAB,55.24561882019043,AAAB
2025-12-20T21:00:00Z London,56.841495513916016,AAAB,AAAB,AAAA,AAAA,AAAA,AAAB,55.342803955078125,AAAB
2025-12-20T22:00:00Z London,56.803135553995766,AAAB,AAAB,AAAA,AAAA,AAAA,AAAB,55.51927185058594,AAAB
2025-12-20T23:00:00Z London,56.938679695129395,AAAB,AAAB,AAAA,AAAA,AAAA,AAAB,55.68806552886963,AAAB
2025-12-21T00:00:00Z London,57.01284726460775,AAAB,AAAB,AAAA,AAAA,AAAA,AAAB,55.73410224914551,AAAB
2025-12-21T01:00:00Z London,56.95658175150553,AAAB,AAAB,AAAA,AAAA,AAAA,AAAB,55.690623919169106,AAAB
2025-12-21T02:00:00Z London,56.91821829477946,AAAB,AAAB,AAAA,AAAA,AAAA,AAAB,55.64203071594238,AAAB
2025-12-21T03:00:00Z London,56.79801877339681,AAAB,AAAB,AAAA,AAAA,AAAA,AAAB,55.54996109008789,AAAB
2025-12-21T04:00:00Z London,56.685486475626625,AAAB,AAAB,AAAA,AAAA,AAAA,AAAB,55.434874852498375,AAAB
2025-12-21T05:00:00Z London,56.70594914754232,AAAB,AAAB,AAAA,AAAA,AAAA,AAAB,55.447662353515625,AAAB
2025-12-21T06:00:00Z London,56.51669406890869,AAAB,AAAB,AAAA,AAAA,AAAA,AAAB,55.281423568725586,AAAB
2025-12-21T07:00:00Z London,56.02054023742676,AAAB,AAAB,AAAA,AAAA,AAAA,AAAB,53.76994768778483,AAAB
2025-12-21T08:00:00Z London,55.931026776631676,AAAB,AAAB,AAAA,AAAA,AAAA,AAAB,54.24052460988363,AAAB
2025-12-21T09:00:00Z London,55.69062423706055,AAAB,AAAB,AAAA,AAAA,AAAA,AAAB,54.20216019948324,AAAB
2025-12-21T10:00:00Z London,55.39651107788086,AAAB,AAAB,AAAA,AAAA,AAAA,AAAB,53.53977012634277,AAAB
2025-12-21T11:00:00Z London,55.30955696105957,AAAB,AAAB,AAAA,AAAA,AAAA,AAAB,53.82876745859782,AAAB
2025-12-21T12:00:00Z London,55.181681315104164,AAAB,AAAB,AAAA,AAAA,AAAA,AAAB,53.71367963155111,AAAB
2025-12-21T13:00:00Z London,55.14331817626953,AAAB,AAAB,AAAA,AAAA,AAAA,AAAB,53.232872009277344,AAAB
2025-12-21T14:00:00Z London,55.278865814208984,AAAB,AAAB,AAAA,AAAA,AAAA,AAAB,53.7341423034668,AAAB
2025-12-21T15:00:00Z London,55.557634353637695,AAAB,AAAB,AAAA,AAAA,AAAA,AAAB,54.05382792154948,AAAB
2025-12-21T16:00:00Z London,56.10749499003092,AAAB,AAAB,AAAA,AAAA,AAAA,AAAB,54.23285166422526,AAAB
2025-12-21T17:00:00Z London,56.21746571858724,AAAB,AAAB,AAAA,AAAA,AAAA,AAAB,54.729004859924316,AAAB
2025-12-21T18:00:00Z London,56.11260827382406,AAAB,AAAB,AAAA,AAAA,AAAA,AAAB,54.49115816752116,AAAB
2025-12-21T19:00:00Z London,55.67527834574381,AAAB,AAAB,AAAA,AAAA,AAAA,AAAB,53.91060892740885,AAAB
2025-12-21T20:00:00Z London,55.37604904174805,AAAB,AAAB,AAAA,AAAA,AAAA,AAAB,53.91828282674154,AAAB
2025-12-21T21:00:00Z London,55.296770095825195,AAAB,AAAB,AAAA,AAAA,AAAA,AAAB,53.885032653808594,AAAB
2025-12-21T22:00:00Z London,55.3965098063151,AAAB,AAAB,AAAA,AAAA,AAAA,AAAB,54.18426195780436,AAAB
2025-12-21T23:00:00Z London,55.48858133951823,AAAB,AAAB,AAAA,AAAA,AAAA,AAAB,54.266098976135254,AAAB
2025-12-22T00:00:00Z London,55.37860933939616,AAAB,AAAB,AAAA,AAAA,AAAA,AAABA1AA,54.15101305643717,AAAB
2025-12-22T01:00:00Z London,55.29421170552572,AAAB,AAABAVAA,AAAA,AAAAAVAB,AAAA,AAAAAVAB,53.98733297983805,AAAB
2025-12-22T02:00:00Z London,55.5729783376058,AAAB,AAAA,AAAA,AAAB,AAAA,AAAB,54.38630294799805,AAAB
2025-12-22T03:00:00Z London,55.877319971720375,AAAB,AAAA,AAAA,AAAB,AAAA,AAAB,54.66506830851237,AAAB
2025-12-22T04:00:00Z London,56.07169055938721,AAAB,AAAA,AAAA,AAAB,AAAA,AAAB,54.844093322753906,AAAB
2025-12-22T05:00:00Z London,56.06146049499512,AAAB,AAAA,AAAA,AAAB,AAAA,AAAB,54.81340217590332,AAAB
2025-12-22T06:00:00Z London,55.88755098978678,AAAB,AAAA,AAAA,AAAB,AAAA,AAAB,54.703431129455566,AAAB
2025-12-22T07:00:00Z London,55.70596726735433,AAAB,AAAA,AAAA,AAAB,AAAA,AAAB,53.862015088399254,AAAB
2025-12-22T08:00:00Z London,54.5627695719401,AAAB,AAAA,AAAA,AAAB,AAAA,AAAB,53.025717417399086,AAAB
2025-12-22T09:00:00Z London,54.432338078816734,AAAB,AAAA,AAAA,AAAB,AAAA,AAAB,52.83646138509115,AAAB
2025-12-22T10:00:00Z London,53.923397064208984,AAAB,AAAA,AAAA,AAAB,AAAA,AAAB,52.179185231526695,AAAB
2025-12-22T11:00:00Z London,53.800636291503906,AAAB,AAAA,AAAA,AAAB,AAAA,AAAB,52.3812255859375,AAAB
2025-12-22T12:00:00Z London,53.43235715230306,AAAB,AAAA,AAAA,AAAB,AAAA,AAAB,52.117804209391274,AAAB
2025-12-22T13:00:00Z London,53.31471188863119,AAAB,AAAA,AAAA,AAAB,AAAA,AAAB,51.882516860961914,AAAB
2025-12-22T14:00:00Z London,53.440029780069985,AAAB,AAAA,AAAA,AAAB,AAAA,AAAB,51.920878092447914,AAAB
2025-12-22T15:00:00Z London,53.54744497934977,AAAB,AAAA,AAAA,AAAB,AAAA,AAAB,52.13315232594808,AAAB
2025-12-22T16:00:00Z London,54.14589627583822,AAAB,AAAA,AAAA,AAAB,AAAA,AAAB,52.45795281728109,AAAB
2025-12-22T17:00:00Z London,54.49115753173828,AAAB,AAAA,AAAA,AAAB,AAAA,AAAB,53.14080301920573,AAAB
2025-12-22T18:00:00Z London,55.07426834106445,AAAB,AAAA,AAAA,AAAB,AAAA,AAAB,53.44003105163574,AAAB
2025-12-22T19:00:00Z London,55.70852533976237,AAAB,AAAA,AAAA,AAAB,AAAA,AAAB,54.107536951700844,AAAB
2025-12-22T20:00:00Z London,56.26861699422201,AAAB,AAAA,AAAA,AAAB,AAAA,AAAB,54.79038651784261,AAAB
2025-12-22T21:00:00Z London,56.59597587585449,AAAB,AAAA,AAAA,AAAB,AAAA,AAAB,54.81340344746908,AAAB
2025-12-22T22:00:00Z London,56.826150258382164,AAAB,AAAA,AAAA,AAAB,AAAA,AAAB,55.67016410827637,AAAB
2025-12-22T23:00:00Z London,56.67525672912598,AAAB,AAAA,AAAA,AAAB,AAAA,AAAB,55.53717549641927,AAAB
2025-12-23T00:00:00Z London,56.59341939290365,AAAB,AAAA,AAAA,AAAB,AAAA,AAAB,55.43231709798177,AAAB
2025-12-23T01:00:00Z London,56.708505630493164,AAAB,AAAA,AAAA,AAAB,AAAA,AAAB,55.519269943237305,AAAB
2025-12-23T02:00:00Z London,56.83893712361654,AAAB,AAAA,AAAA,AAAB,AAAA,AAAB,55.6215705871582,AAAB
2025-12-23T03:00:00Z London,56.99494489034017,AAAB,AAAA,AAAA,AAAB,AAAA,AAAB,55.780135790506996,AAAB
2025-12-23T04:00:00Z London,57.202101389567055,AAAB,AAAA,AAAA,AAAB,AAAA,AAAB,56.00263690948486,AAAB
2025-12-23T05:00:00Z London,57.65222040812174,AAAB,AAAA,AAAA,AAAB,AAAA,AAAB,56.404162089029946,AAAB
2025-12-23T06:00:00Z London,57.80055491129557,AAAB,AAAA,AAAA,AAAB,AAAA,AAAB,56.56272506713867,AAAB
2025-12-23T07:00:00Z London,57.08445676167806,AAAB,AAAA,AAAA,AAAB,AAAA,AAAB,54.84920756022135,AAAB
2025-12-23T08:00:00Z London,55.31211280822754,AAAB,AAAA,AAAA,AAAB,AAAA,AAAB,53.70089340209961,AAAB
2025-12-23T09:00:00Z London,55.08960978190104,AAAB,AAAA,AAAA,AAAB,AAAA,AAAB,53.181724548339844,AAAB
2025-12-23T10:00:00Z London,55.27119382222494,AAAB,AAAA,AAAA,AAAB,AAAA,AAAB,53.52954133351644,AAAB
2025-12-23T11:00:00Z London,55.65993436177572,AAAB,AAAA,AAAA,AAAB,AAAA,AAAB,53.54232915242513,AAAB
2025-12-23T12:00:00Z London,55.73154322306315,AAAB,AAAA,AAAA,AAAB,AAAA,AAAB,54.20727856953939,AAAB
2025-12-23T13:00:00Z London,55.327460606892906,AAAB,AAAA,AAAA,AAAB,AAAA,AAAB,53.463046073913574,AAAB
2025-12-23T14:00:00Z London,51.785990397135414,AAAB,AAAA,AAAA,AAAB,AAAA,AAAB,50.612114588419594,AAAB
2025-12-23T15:00:00Z London,48.67357540130615,AAAB,AAAA,AAAA,AAAB,AAAA,AAAB,47.07372570037842,AAAB
2025-12-23T16:00:00Z London,54.4576530456543,AAAB,AAAA,AAAA,AAAB,AAAA,AAAB,52.47561264038086,AAAB
2025-12-23T17:00:00Z London,57.93865807851156,AAAB,AAAA,AAAA,AAAB,AAAA,AAAB,55.9412571589152,AAAB
2025-12-23T18:00:00Z London,59.47315502166748,AAAB,AAAA,AAAA,AAAB,AAAA,AAAB,58.15860335032145,AAAB
2025-12-23T19:00:00Z London,59.81074364980062,AAAB,AAAA,AAAA,AAAB,AAAA,AAAB,58.54222838083903,AAAB
2025-12-23T20:00:00Z London,59.92420927683512,AAABAUAAA1AB,AAAA,AAAA,AAAB,AAAA,AAAB,58.6266237894694,AAAB
2025-12-23T21:00:00Z London,60.02170753479004,AAABAQAA,AAAA,AAAA,AAAB,AAAA,AAAB,58.68033091227213,AAAB
2025-12-23T22:00:00Z London,60.1972770690918,AAAA,AAAA,AAAA,AAAB,AAAA,AAAB,58.85679912567139,AAAB
2025-12-23T23:00:00Z London,60.38829485575358,AAAA,AAAA,AAAA,AAAB,AAAA,AAAB,58.9974619547526,AAAB
2025-12-24T00:00:00Z London,60.497893969217934,AAAA,AAAA,AAAA,AAAB,AAAA,AAAB,59.10743490854899,AAAB
2025-12-24T01:00:00Z London,60.673252741495766,AAAA,AAAA,AAAA,AAAB,AAAA,AAAB,59.20717589060465,AAAB
2025-12-24T02:00:00Z London,60.61062494913737,AAAA,AAAA,AAAA,AAAB,AAAA,AAAB,59.1739288965861,AAAB
2025-12-24T03:00:00Z London,60.350719134012856,AAAA,AAAA,AAAA,AAAB,AAAA,AAAB,58.99234708150228,AAAB
2025-12-24T04:00:00Z London,60.3632443745931,AAAA,AAAA,AAAA,AAAB,AAAA,AAAB,58.982116063435875,AAAB
2025-12-24T05:00:00Z London,60.71396064758301,AAAA,AAAA,AAAA,AAAB,AAAA,AAAB,59.22507953643799,AAAB
2025-12-24T06:00:00Z London,60.86426989237467,AAAA,AAAA,AAAA,AAAB,AAAA,AAAB,59.422006607055664,AAAB
2025-12-24T07:00:00Z London,61.24317137400309,AAAA,AAAA,AAAA,AAAB,AAAA,AAAB,59.677754720052086,AAAB
2025-12-24T08:00:00Z London,61.521867752075195,AAAA,AAAA,AAAA,AAAB,AAAA,AAAB,59.910485903422035,AAAB
2025-12-24T09:00:00Z London,61.32145722707113,AAAA,AAAA,AAAA,AAAB,AAAA,AAAB,59.777235984802246,AAAB
2025-12-24T10:00:00Z London,61.7723814646403,AAAA,AAAA,AAAA,AAAB,AAAA,AAAB,60.104482332865395,AAAB
2025-12-24T11:00:00Z London,61.44671376546224,AAAA,AAAA,AAAA,AAAB,AAAA,AAAB,59.80051294962565,AAAB
2025-12-24T12:00:00Z London,61.14609718322754,AAAA,AAAA,AAAA,AAAB,AAAA,AAAB,59.54732322692871,AAAB
2025-12-24T13:00:00Z London,61.40913645426432,AAAA,AAAA,AAAA,AAAB,AAAA,AAAB,59.79028447469076,AAAB
2025-12-24T14:00:00Z London,61.302669525146484,AAAA,AAAA,AAAA,AAAB,AAAA,AAAB,59.754478454589844,AAAB
2025-12-24T15:00:00Z London,61.53752644856771,AAAA,AAAA,AAAA,AAAB,AAAA,AAAB,59.91560045878092,AAAB
2025-12-24T16:00:00Z London,61.95400428771973,AAAA,AAAA,AAAA,AAAB,AAAA,AAAB,60.19727929433187,AAAB
2025-12-24T17:00:00Z London,62.13562552134196,AAAA,AAAA,AAAA,AAAB,AAAA,AAAB,60.472842852274574,AAAB
2025-12-24T18:00:00Z London,62.542710622151695,AAAA,AAAA,AAAA,AAAB,AAAA,AAAB,60.84548123677572,AAAB
2025-12-24T19:00:00Z London,62.658573150634766,AAAA,AAAA,AAAA,AAAB,AAAA,AAAB,60.90184783935547,AAAB
2025-12-24T20:00:00Z London,62.858985582987465,AAAA,AAAA,AAAA,AAAB,AAAA,AAAB,61.11791451772054,AAAB
2025-12-24T21:00:00Z London,62.952927589416504,AAAA,AAAA,AAAA,AAAB,AAAA,AAAB,61.23690923055013,AAAB
2025-12-24T22:00:00Z London,63.0406068166097,AAAA,AAAA,AAAA,AAAB,AAAA,AAAB,61.31832695007324,AAAB
2025-12-24T23:00:00Z London,63.14081223805746,AAAA,AAAA,AAAA,AAAB,AAAA,AAAB,61.37782287597656,AAAB
2025-12-25T00:00:00Z London,63.35688018798828,AAAA,AAAA,AAAA,AAAB,AAAA,AAAB,61.634599685668945,AAAB
2025-12-25T01:00:00Z London,63.49153105417887,AAAA,AAAA,AAAA,AAAB,AAAA,AAAB,61.734806060791016,AAAB
2025-12-25T02:00:00Z London,63.64496994018555,AAAA,AAAA,AAAA,AAAB,AAAA,AAAB,61.92268943786621,AAAB
2025-12-25T03:00:00Z London,63.814066886901855,AAAA,AAAA,AAAA,AAAB,AAAA,AAAB,62.085524559020996,AAAB
2025-12-25T04:00:00Z London,63.923667907714844,AAAA,AAAA,AAAA,AAAB,AAAA,AAAB,62.20138740539551,AAAB
2025-12-25T05:00:00Z London,63.81719843546549,AAAA,AAAA,AAAA,AAAB,AAAA,AAAB,62.11997095743815,AAAB
2025-12-25T06:00:00Z London,63.892354329427086,AAAA,AAAA,AAAA,AAAB,AAAA,AAAB,62.163808504740395,AAAB
2025-12-25T07:00:00Z London,63.983163833618164,AAAA,AAAA,AAAA,AAAB,AAAA,AAAB,62.289064725240074,AAAB
2025-12-25T08:00:00Z London,64.0426607131958,AAAA,AAAA,AAAA,AAAB,AAAA,AAAB,62.332906087239586,AAAB
2025-12-25T09:00:00Z London,63.50092442830404,AAAA,AAAA,AAAA,AAAB,AAAA,AAAB,61.65965016682943,AAAB
2025-12-25T10:00:00Z London,63.54163360595703,AAAA,AAAA,AAAA,AAAB,AAAA,AAAB,61.74733066558838,AAAB
2025-12-25T11:00:00Z London,63.068790117899574,AAAA,AAAA,AAAA,AAAB,AAAA,AAAB,61.30580075581869,AAAB
2025-12-25T12:00:00Z London,62.492607752482094,AAAA,AAAA,AAAA,AAAB,AAAA,AAAB,60.779723167419434,AAAB
2025-12-25T13:00:00Z London,62.257750829060875,AAAA,AAAA,AAAA,AAAB,AAAA,AAAB,60.53233846028646,AAAB
2025-12-25T14:00:00Z London,62.15441576639811,AAAA,AAAA,AAAA,AAAB,AAAA,AAAB,60.45718542734782,AAAB
2025-12-25T15:00:00Z London,62.276540756225586,AAAA,AAAA,AAAA,AAAB,AAAA,AAAB,60.554259300231934,AAAB
2025-12-25T16:00:00Z London,62.561500549316406,AAAA,AAAA,AAAA,AAAB,AAAA,AAAB,60.864270528157554,AAAB
2025-12-25T17:00:00Z London,62.86524772644043,AAAA,AAAA,AAAA,AAAB,AAAA,AAAB,61.11791515350342,AAAB
2025-12-25T18:00:00Z London,62.90908718109131,AAAA,AAAA,AAAA,AAAB,AAAA,AAAB,61.133572578430176,AAAB
2025-12-25T19:00:00Z London,62.94666353861491,AAAA,AAAA,AAAA,AAAB,AAAA,AAAB,61.164886474609375,AAAB
2025-12-25T20:00:00Z London,63.01868693033854,AAAA,AAAA,AAAA,AAAB,AAAA,AAAB,61.24943478902181,AAAB
2025-12-25T21:00:00Z London,62.92787583669027,AAAA,AAAA,AAAA,AAAB,AAAA,AAAB,61.16801770528158,AAAB
2025-12-25T22:00:00Z London,62.85272185007731,AAAA,AAAA,AAAA,AAAB,AAAA,AAAB,61.12417761484782,AAAB
2025-12-25T23:00:00Z London,63.02495002746582,AAAA,AAAA,AAAA,AAAB,AAAA,AAAB,61.258828481038414,AAAB
2025-12-26T00:00:00Z London,63.118892669677734,AAAA,AAAA,AAAA,AAAB,AAAA,AAAB,61.343377113342285,AAAB
2025-12-26T01:00:00Z London,63.15333779652914,AAAA,AAAA,AAAA,AAAB,AAAA,AAAB,61.393479347229004,AAAB
2025-12-26T02:00:00Z London,63.20030911763509,AAAA,AAAA,AAAA,AAAB,AAAA,AAAB,61.48742071787516,AAAB
2025-12-26T03:00:00Z London,63.21909681955973,AAAA,AAAA,AAAA,AAAB,AAAA,AAAB,61.51247310638428,AAAB
2025-12-26T04:00:00Z London,63.12515417734782,AAAA,AAAA,AAAA,AAAB,AAAA,AAAB,61.36216672261556,AAAB
2025-12-26T05:00:00Z London,63.024949073791504,AAAA,AAAA,AAAA,AAAB,AAAA,AAAB,61.26196034749349,AAAB
2025-12-26T06:00:00Z London,62.79948743184408,AAAA,AAAA,AAAA,AAAB,AAAA,AAAB,61.03963088989258,AAAB
2025-12-26T07:00:00Z London,62.658573150634766,AAAA,AAAA,AAAA,AAAB,AAAA,AAAB,60.99579048156738,AAAB
2025-12-26T08:00:00Z London,62.46755727132162,AAAA,AAAA,AAAA,AAAB,AAAA,AAAB,60.84548250834147,AAAB
2025-12-26T09:00:00Z London,62.36108843485514,AAAA,AAAA,AAAA,AAAB,AAAA,AAAB,60.6701234181722,AAAB
2025-12-26T10:00:00Z London,62.29219627380371,AAAA,AAAA,AAAA,AAAB,AAAA,AAAB,60.59809939066569,AAAB
2025-12-26T11:00:00Z London,62.13562552134196,AAAA,AAAA,AAAA,AAAB,AAAA,AAAB,60.3945566813151,AAAB
2025-12-26T12:00:00Z London,61.8224843343099,AAAA,AAAA,AAAA,AAAB,AAAA,AAAB,60.11586125691732,AAAB
2025-12-26T13:00:00Z London,61.728542963663735,AAAA,AAAA,AAAA,AAAB,AAAA,AAAB,60.013773600260414,AAAB
2025-12-26T14:00:00Z London,61.57823467254639,AAAA,AAAA,AAAA,AAAB,AAAA,AAAB,59.90025615692139,AAAB
2025-12-26T15:00:00Z London,61.7097536722819,AAAA,AAAA,AAAA,AAAB,AAAA,AAAB,59.95855522155762,AAAB
2025-12-26T16:00:00Z London,61.82874711354574,AAAA,AAAA,AAAA,AAAB,AAAA,AAAB,60.10646724700928,AAAB
2025-12-26T17:00:00Z London,62.05107720692953,AAAA,AAAA,AAAA,AAAB,AAAA,AAAB,60.234856923421226,AAAB
2025-12-26T18:00:00Z London,62.20451800028483,AAAA,AAAA,AAAA,AAAB,AAAA,AAAB,60.48850059509277,AAAB
2025-12-26T19:00:00Z London,62.232699712117515,AAAA,AAAA,AAAA,AAAB,AAAA,AAAB,60.48850059509277,AAAB
2025-12-26T20:00:00Z London,62.46755854288737,AAAA,AAAA,AAAA,AAAB,AAAA,AAAB,60.72022374471029,AAAB
2025-12-26T21:00:00Z London,62.48947811126709,AAAA,AAAA,AAAA,AAAB,AAAA,AAAB,60.74214458465576,AAAB
2025-12-26T22:00:00Z London,62.62412897745768,AAAA,AAAA,AAAA,AAAB,AAAA,AAAB,60.88305918375651,AAAB
2025-12-26T23:00:00Z London,62.893430391947426,AAAA,AAAA,AAAA,AAAB,AAAA,AAAB,61.1022580464681,AAAB
2025-12-27T00:00:00Z London,63.71386210123698,AAAA,AAAA,AAAA,AAAB,AAAA,AAAB,61.903899828592934,AAAB
2025-12-27T01:00:00Z London,63.917405446370445,AAAA,AAAA,AAAA,AAAB,AAAA,AAAB,62.195122400919594,AAAB
2025-12-27T02:00:00Z London,63.94245529174805,AAAA,AAAA,AAAA,AAAB,AAAA,AAAB,62.238962173461914,AAAB
2025-12-27T03:00:00Z London,64.17730967203777,AAAA,AAAA,AAAA,AAAB,AAAA,AAAB,62.43624369303385,AAAB
2025-12-27T04:00:00Z London,64.27438735961914,AAAA,AAAA,AAAA,AAAB,AAAA,AAAB,62.451900482177734,AAAB
2025-12-27T05:00:00Z London,64.28378295898438,AAAA,AAAA,AAAA,AAAB,AAAA,AAAB,62.47382100423177,AAAB
2025-12-27T06:00:00Z London,64.2211519877116,AAAA,AAAA,AAAA,AAAB,AAAA,AAAB,62.4581626256307,AAAB
2025-12-27T07:00:00Z London,64.14286677042644,AAAA,AAAA,AAAA,AAAB,AAAA,AAAB,62.34229882558187,AAAB
2025-12-27T08:00:00Z London,64.092760403951,AAAA,AAAA,AAAA,AAAB,AAAA,AAAB,62.310985247294106,AAAB
2025-12-27T09:00:00Z London,63.50718752543131,AAAA,AAAA,AAAA,AAAB,AAAA,AAAB,61.775513331095375,AAAB
2025-12-27T10:00:00Z London,62.60533777872721,AAAA,AAAA,AAAA,AAAB,AAAA,AAAB,61.00205167134603,AAAB
2025-12-27T11:00:00Z London,61.756723403930664,AAAA,AAAA,AAAA,AAAB,AAAA,AAAB,60.053070068359375,AAAB
2025-12-27T12:00:00Z London,60.95194880167643,AAAA,AAAA,AAAA,AAAB,AAAA,AAAB,59.42200597127279,AAAB
2025-12-27T13:00:00Z London,60.328795433044434,AAAA,AAAA,AAAA,AAAB,AAAA,AAAB,58.91818046569824,AAAB
2025-12-27T14:00:00Z London,59.82384363810221,AAAAAFAB,AAAA,AAAA,AAAB,AAAA,AAAB,58.40412394205729,AAAB
2025-12-27T15:00:00Z London,59.910485903422035,AAAB,AAAA,AAAA,AAAB,AAAA,AAAB,58.51665242513021,AAAB
2025-12-27T16:00:00Z London,59.9934720993042,AAABAyAA,AAAA,AAAA,AAAB,AAAA,AAAB,58.5984910329183,AAAB
2025-12-27T17:00:00Z London,60.026196797688804,AAAAAxAB,AAAA,AAAA,AAAB,AAAA,AAAB,58.629180908203125,AAAB
2025-12-27T18:00:00Z London,59.86956596374512,AAAB,AAAA,AAAA,AAAB,AAAA,AAAB,58.54990005493164,AAAB
2025-12-27T19:00:00Z London,59.97849082946777,AAABAmAA,AAAA,AAAA,AAAB,AAAA,AAAB,58.613837560017906,AAAB
2025-12-27T20:00:00Z London,60.46345043182373,AAAA,AAAA,AAAA,AAAB,AAAA,AAAB,58.97444375356039,AAAB
2025-12-27T21:00:00Z London,60.35698223114014,AAAA,AAAA,AAAA,AAAB,AAAA,AAAB,58.92073726654053,AAAB
2025-12-27T22:00:00Z London,60.341324170430504,AAAA,AAAA,AAAA,AAAB,AAAA,AAAB,58.89771874745687,AAAB
2025-12-27T23:00:00Z London,60.504156748453774,AAAA,AAAA,AAAA,AAAB,AAAA,AAAB,59.00513490041097,AAAB
2025-12-28T00:00:00Z London,60.732750256856285,AAAA,AAAA,AAAA,AAAB,AAAA,AAAB,59.19694582621256,AAAB
2025-12-28T01:00:00Z London,60.544864654541016,AAAA,AAAA,AAAA,AAAB,AAAA,AAAB,59.084415435791016,AAAB
2025-12-28T02:00:00Z London,60.4603157043457,AAAA,AAAA,AAAA,AAAB,AAAA,AAAB,58.96421432495117,AAAB
2025-12-28T03:00:00Z London,60.48849868774414,AAAA,AAAA,AAAA,AAAB,AAAA,AAAB,59.00769170125326,AAAB
2025-12-28T04:00:00Z London,60.53547032674154,AAAA,AAAA,AAAA,AAAB,AAAA,AAAB,59.03838094075521,AAAB
2025-12-28T05:00:00Z London,60.56678708394369,AAAA,AAAA,AAAA,AAAB,AAAA,AAAB,59.063955307006836,AAAB
2025-12-28T06:00:00Z London,60.60436185201009,AAAA,AAAA,AAAA,AAAB,AAAA,AAAB,59.10231908162435,AAAB
2025-12-28T07:00:00Z London,60.52920786539713,AAAA,AAAA,AAAA,AAAB,AAAA,AAAB,59.076744079589844,AAAB
2025-12-28T08:00:00Z London,60.40081914265951,AAAA,AAAA,AAAA,AAAB,AAAA,AAAB,58.941195805867515,AAAB
2025-12-28T09:00:00Z London,60.25364303588867,AAAA,AAAA,AAAA,AAAB,AAAA,AAAB,58.82610893249512,AAAB
2025-12-28T10:00:00Z London,60.00855509440104,AAAAAKAB,AAAA,AAAA,AAAB,AAAA,AAAB,58.618950525919594,AAAB
2025-12-28T11:00:00Z London,59.84143352508545,AAAB,AAAA,AAAA,AAAB,AAAA,AAAB,58.42969799041748,AAAB
2025-12-28T12:00:00Z London,59.76982339223226,AAAB,AAAA,AAAA,AAAB,AAAA,AAAB,58.38622156778971,AAAB
2025-12-28T13:00:00Z London,59.78772513071696,AAAB,AAAA,AAAA,AAAB,AAAA,AAAB,58.47317600250244,AAAB
2025-12-28T14:00:00Z London,59.8312021891276,AAAB,AAAA,AAAA,AAAB,AAAA,AAAB,58.48340574900309,AAAB
2025-12-28T15:00:00Z London,59.88235410054525,AAAB,AAAA,AAAA,AAAB,AAAA,AAAB,58.56268628438314,AAAB
2025-12-28T16:00:00Z London,59.93266773223877,AAABAmAA,AAAA,AAAA,AAAB,AAAA,AAAB,58.572916984558105,AAAB
2025-12-28T17:00:00Z London,60.01878547668457,AAAAAKABAjAA,AAAA,AAAA,AAAB,AAAA,AAAB,58.67521731058756,AAAB
2025-12-28T18:00:00Z London,60.084546407063804,AAAA,AAAA,AAAA,AAAB,AAAA,AAAB,58.71869373321533,AAAB
2025-12-28T19:00:00Z London,60.28495724995931,AAAA,AAAA,AAAA,AAAB,AAAA,AAAB,58.83378028869629,AAAB
2025-12-28T20:00:00Z London,60.59809843699137,AAAA,AAAA,AAAA,AAAB,AAAA,AAAB,59.05116844177246,AAAB
2025-12-28T21:00:00Z London,60.70769786834717,AAAA,AAAA,AAAA,AAAB,AAAA,AAAB,59.232751528422035,AAAB
2025-12-28T22:00:00Z London,60.83921877543131,AAAA,AAAA,AAAA,AAAB,AAAA,AAAB,59.32482083638509,AAAB
2025-12-28T23:00:00Z London,61.15549182891846,AAAA,AAAA,AAAA,AAAB,AAAA,AAAB,59.531978607177734,AAAB
2025-12-29T00:00:00Z London,61.57197125752767,AAAA,AAAA,AAAA,AAABAiAA,AAAA,AAABAFAA,59.24809583028158,AAAB
2025-12-29T01:00:00Z London,55.725844065348305,AAAAAGAB,AAAA,AAAA,AAAA,AAAA,AAAA,52.24109013875326,AAAB
2025-12-29T02:00:00Z London,51.9566847483317,AAAB,AAAA,AAAA,AAAA,AAAA,AAAA,36.77330493927002,AAAB
2025-12-29T03:00:00Z London,45.43089771270752,AAAB,AAAA,AAAA,AAAA,AAAA,AAAA,32.23420683542887,AAAB
2025-12-29T04:00:00Z London,52.5755983988444,AAAB,AAAA,AAAA,AAAA,AAAA,AAAA,28.09795904159546,AAAB
2025-12-29T05:00:00Z London,58.25067392985026,AAAB,AAAA,AAAA,AAAA,AAAA,AAAA,33.03657468159994,AAAB
2025-12-29T06:00:00Z London,59.84528064727783,AAABAMAAArAB,AAAA,AAAA,AAAA,AAAA,AAAA,35.87563419342041,AAAB
2025-12-29T07:00:00Z London,59.58306757609049,AAABAiAA,AAAA,AAAA,AAAA,AAAA,AAAA,37.083658854166664,AAAB
2025-12-29T08:00:00Z London,59.794088999430336,AAAAAHABA6AA,AAAA,AAAA,AAAA,AAAA,AAAA,36.914862314860024,AAAB
2025-12-29T09:00:00Z London,59.76502068837484,AAAAAfAB,AAAA,AAAA,AAAA,AAAA,AAAA,37.03688367207845,AAAB
2025-12-29T10:00:00Z London,58.97955926259359,AAAB,AAAA,AAAA,AAAA,AAAA,AAAA,37.10603014628092,AAAB
2025-12-29T11:00:00Z London,59.21996339162191,AAAB,AAAA,AAAA,AAAA,AAAA,AAAA,36.790806452433266,AAAB
2025-12-29T12:00:00Z London,58.74938519795736,AAAB,AAAA,AAAA,AAAA,AAAA,AAAA,36.54879379272461,AAAB
2025-12-29T13:00:00Z London,59.04093933105469,AAAB,AAAA,AAAA,AAAA,AAAA,AAAA,36.70538806915283,AAAB
2025-12-29T14:00:00Z London,58.874701817830406,AAAB,AAAA,AAAA,AAAA,AAAA,AAAA,36.65658060709635,AAAB
2025-12-29T15:00:00Z London,59.025593757629395,AAAB,AAAA,AAAA,AAAA,AAAA,AAAA,36.84164683024088,AAAB
2025-12-29T16:00:00Z London,58.977000872294106,AAAB,AAAA,AAAA,AAAA,AAAA,AAAA,36.51828670501709,AAAB
2025-12-29T17:00:00Z London,58.299264907836914,AAAB,AAAA,AAAA,AAAA,AAAA,AAAA,36.75419807434082,AAAB
2025-12-29T18:00:00Z London,58.792860984802246,AAAB,AAAA,AAAA,AAAA,AAAA,AAAA,36.55692927042643,AAAB
2025-12-29T19:00:00Z London,58.4501568476359,AAAB,AAAA,AAAA,AAAA,AAAA,AAAA,36.61183897654215,AAAB
2025-12-29T20:00:00Z London,58.388776779174805,AAAB,AAAA,AAAA,AAAA,AAAA,AAAA,36.327117919921875,AAAB
2025-12-29T21:00:00Z London,58.685447692871094,AAAB,AAAA,AAAA,AAAA,AAAA,AAAA,36.55082702636719,AAAB
2025-12-29T22:00:00Z London,58.82099469502767,AAAB,AAAA,AAAA,AAAA,AAAA,AAAA,36.54879506429037,AAAB
2025-12-29T23:00:00Z London,58.8465690612793,AAAB,AAAA,AAAA,AAAA,AAAA,AAAA,36.65251445770264,AAAB
2025-12-30T00:00:00Z London,59.081859270731606,AAAB,AAAA,AAAA,AAAA,AAAA,AAAA,36.96163749694824,AAAB
2025-12-30T01:00:00Z London,59.01792049407959,AAAB,AAAA,AAAA,AAAA,AAAA,AAAA,36.69115416208903,AAAB
2025-12-30T02:00:00Z London,59.28134314219157,AAAB,AAAA,AAAA,AAAA,AAAA,AAAA,36.96773910522461,AAAB
2025-12-30T03:00:00Z London,59.894455909729004,AAABAMAAAsAB,AAAA,AAAA,AAAA,AAAA,AAAA,37.30940246582031,AAAB
2025-12-30T04:00:00Z London,60.16804885864258,AAABAIAA,AAAA,AAAA,AAAA,AAAA,AAAA,37.24229049682617,AAAB
2025-12-30T05:00:00Z London,60.14529196421305,AAAAAIABAfAA,AAAA,AAAA,AAAA,AAAA,AAAA,37.18127568562826,AAAB
2025-12-30T06:00:00Z London,60.80477428436279,AAAA,AAAA,AAAA,AAAA,AAAA,AAAA,37.76495202382406,AAAB
2025-12-30T07:00:00Z London,60.779723167419434,AAAA,AAAA,AAAA,AAAA,AAAA,AAAA,37.89307530721029,AAAB
2025-12-30T08:00:00Z London,60.87366485595703,AAAA,AAAA,AAAA,AAAA,AAAA,AAAA,37.91544723510742,AAAB
2025-12-30T09:00:00Z London,60.757801373799644,AAAA,AAAA,AAAA,AAAA,AAAA,AAAA,37.673434575398765,AAAB
2025-12-30T10:00:00Z London,59.984803199768066,AAAAAsAB,AAAA,AAAA,AAAA,AAAA,AAAA,37.39481735229492,AAAB
2025-12-30T11:00:00Z London,59.07929992675781,AAAB,AAAA,AAAA,AAAA,AAAA,AAAA,37.48226674397787,AAAB
2025-12-30T12:00:00Z London,58.711021423339844,AAAB,AAAA,AAAA,AAAA,AAAA,AAAA,37.433457374572754,AAAB
2025-12-30T13:00:00Z London,58.43992773691813,AAAB,AAAA,AAAA,AAAA,AAAA,AAAA,37.059255599975586,AAAB
2025-12-30T14:00:00Z London,58.65987332661947,AAAB,AAAA,AAAA,AAAA,AAAA,AAAA,36.945366859436035,AAAB
2025-12-30T15:00:00Z London,58.685448010762535,AAAB,AAAA,AAAA,AAAA,AAAA,AAAA,36.92299715677897,AAAB
2025-12-30T16:00:00Z London,59.10487620035807,AAAB,AAAA,AAAA,AAAA,AAAA,AAAA,37.069423039754234,AAAB
2025-12-30T17:00:00Z London,59.39387321472168,AAAB,AAAA,AAAA,AAAA,AAAA,AAAA,36.95553493499756,AAAB
2025-12-30T18:00:00Z London,59.723992029825844,AAABAjAA,AAAA,AAAA,AAAA,AAAA,AAAA,37.490400314331055,AAAB
2025-12-30T19:00:00Z London,60.21825091044108,AAAAAIABAfAA,AAAA,AAAA,AAAA,AAAA,AAAA,37.58191808064779,AAAB
2025-12-30T20:00:00Z London,60.698306719462074,AAAA,AAAA,AAAA,AAAA,AAAA,AAAA,37.657164573669434,AAAB
2025-12-30T21:00:00Z London,61.20559628804525,AAAA,AAAA,AAAA,AAAA,AAAA,AAAA,37.55548095703125,AAAB
2025-12-30T22:00:00Z London,61.25256601969401,AAAA,AAAA,AAAA,AAAA,AAAA,AAAA,37.815795262654625,AAAB
2025-12-30T23:00:00Z London,61.61894162495931,AAAA,AAAA,AAAA,AAAA,AAAA,AAAA,38.42590872446696,AAAB
2025-12-31T00:00:00Z London,61.70036029815674,AAAA,AAAA,AAAA,AAAA,AAAA,AAAA,38.50522422790527,AAAB
2025-12-31T01:00:00Z London,61.87258656819662,AAAA,AAAA,AAAA,AAAA,AAAA,AAAA,38.45437876383463,AAAB
2025-12-31T02:00:00Z London,61.98218631744385,AAAA,AAAA,AAAA,AAAA,AAAA,AAAA,38.22457059224447,AAAB
2025-12-31T03:00:00Z London,61.79743258158366,AAAA,AAAA,AAAA,AAAA,AAAA,AAAA,37.899176915486656,AAAB
2025-12-31T04:00:00Z London,61.80369599660238,AAAA,AAAA,AAAA,AAAA,AAAA,AAAA,38.456413904825844,AAAB
2025-12-31T05:00:00Z London,61.954003969828285,AAAA,AAAA,AAAA,AAAA,AAAA,AAAA,38.59063847859701,AAAB
2025-12-31T06:00:00Z London,62.257752418518066,AAAA,AAAA,AAAA,AAAA,AAAA,AAAA,38.59877268473307,AAAB
2025-12-31T07:00:00Z London,61.80369472503662,AAAA,AAAA,AAAA,AAAA,AAAA,AAAA,38.41574160257975,AAAB
2025-12-31T08:00:00Z London,61.97279357910156,AAAA,AAAA,AAAA,AAAA,AAAA,AAAA,38.181864738464355,AAAB
2025-12-31T09:00:00Z London,62.19825553894043,AAAA,AAAA,AAAA,AAAA,AAAA,AAAA,38.17779668172201,AAAB
2025-12-31T10:00:00Z London,61.79117170969645,AAAA,AAAA,AAAA,AAAA,AAAA,AAAA,38.64554977416992,AAAB
2025-12-31T11:00:00Z London,61.703490575154625,AAAA,AAAA,AAAA,AAAA,AAAA,AAAA,38.716729482014976,AAAB
2025-12-31T12:00:00Z London,61.22751331329346,AAAA,AAAA,AAAA,AAAA,AAAA,AAAA,38.5275936126709,AAAB
2025-12-31T13:00:00Z London,61.27761681874593,AAAA,AAAA,AAAA,AAAA,AAAA,AAAA,38.99127928415934,AAAB
2025-12-31T14:00:00Z London,61.36842918395996,AAAA,AAAA,AAAA,AAAA,AAAA,AAAA,38.769606272379555,AAAB
2025-12-31T15:00:00Z London,61.672176361083984,AAAA,AAAA,AAAA,AAAA,AAAA,AAAA,38.87739372253418,AAAB
2025-12-31T16:00:00Z London,61.910162607828774,AAAA,AAAA,AAAA,AAAA,AAAA,AAAA,38.81637954711914,AAAB
2025-12-31T17:00:00Z London,62.03542105356852,AAAA,AAAA,AAAA,AAAA,AAAA,AAAA,38.41167132059733,AAAB
2025-12-31T18:00:00Z London,62.10744444529215,AAAA,AAAA,AAAA,AAAA,AAAA,AAAA,38.747233390808105,AAAB
2025-12-31T19:00:00Z London,61.7974328994751,AAAA,AAAA,AAAA,AAAA,AAAA,AAAA,39.01771863301595,AAAB
2025-12-31T20:00:00Z London,61.88511244455973,AAAA,AAAA,AAAA,AAAA,AAAA,AAAA,39.05432542165121,AAAB
2025-12-31T21:00:00Z London,62.24209435780843,AAAA,AAAA,AAAA,AAAA,AAAA,AAAA,39.01975282033285,AAAB
2025-12-31T22:00:00Z London,61.897637367248535,AAAA,AAAA,AAAA,AAAA,AAAA,AAAA,38.93230438232422,AAAB
2025-12-31T23:00:00Z London,62.61786715189616,AAAA,AAAA,AAAA,AAAA,AAAA,AAAA,38.93840217590332,AAAB
2026-01-01T00:00:00Z London,62.68675740559896,AAAA,AAAA,AAAA,AAAA,AAAA,AAAA,38.86112403869629,AAAB
2026-01-01T01:00:00Z London,62.07299931844076,AAAA,AAAA,AAAA,AAAA,AAAA,AAAA,38.753335316975914,AAAB
2026-01-01T02:00:00Z London,62.25775305430094,AAAA,AAAA,AAAA,AAAA,AAAA,AAAA,38.33235772450765,AAAB
2026-01-01T03:00:00Z London,62.069865226745605,AAAA,AAAA,AAAA,AAAA,AAAA,AAAA,38.70859591166178,AAAB
2026-01-01T04:00:00Z London,61.99784437815348,AAAA,AAAA,AAAA,AAAA,AAAA,AAAA,39.17227840423584,AAAB
2026-01-01T05:00:00Z London,62.09491729736328,AAAA,AAAA,AAAA,AAAA,AAAA,AAAA,39.139739990234375,AAAB
2026-01-01T06:00:00Z London,62.17320315043131,AAAA,AAAA,AAAA,AAAA,AAAA,AAAA,38.962809244791664,AAAB
2026-01-01T07:00:00Z London,62.47068945566813,AAAA,AAAA,AAAA,AAAA,AAAA,AAAA,38.40150388081869,AAAB
2026-01-01T08:00:00Z London,61.92582257588705,AAAA,AAAA,AAAA,AAAA,AAAA,AAAA,38.86315663655599,AAAB
2026-01-01T09:00:00Z London,61.97279167175293,AAAA,AAAA,AAAA,AAAA,AAAA,AAAA,39.052292823791504,AAAB
2026-01-01T10:00:00Z London,61.828746477762856,AAAA,AAAA,AAAA,AAAA,AAAA,AAAA,39.06042798360189,AAAB
2026-01-01T11:00:00Z London,61.15549278259277,AAAA,AAAA,AAAA,AAAA,AAAA,AAAA,38.676056226094566,AAAB
2026-01-01T12:00:00Z London,60.52607727050781,AAAA,AAAA,AAAA,AAAA,AAAA,AAAA,38.79808044433594,AAAB
2026-01-01T13:00:00Z London,59.18963495890299,AAAAAKAB,AAAA,AAAA,AAAA,AAAA,AAAA,38.10865147908529,AAAB
2026-01-01T14:00:00Z London,59.62148920694987,AAAB,AAAA,AAAA,AAAA,AAAA,AAAA,37.8707062403361,AAAB
2026-01-01T15:00:00Z London,59.64450867970785,AAAB,AAAA,AAAA,AAAA,AAAA,AAAA,38.03543567657471,AAAB
2026-01-01T16:00:00Z London,59.44758001963297,AAAB,AAAA,AAAA,AAAA,AAAA,AAAA,37.76901944478353,AAAB
2026-01-01T17:00:00Z London,59.42200533548991,AAAB,AAAA,AAAA,AAAA,AAAA,AAAA,38.185930252075195,AAAB
2026-01-01T18:00:00Z London,59.268555323282875,AAAB,AAAA,AAAA,AAAA,AAAA,AAAA,37.88290659586588,AAAB
2026-01-01T19:00:00Z London,59.84910615285238,AAAB,AAAA,AAAA,AAAA,AAAA,AAAA,38.30998865763346,AAAB
2026-01-01T20:00:00Z London,60.530145009358726,AAABAFAA,AAAA,AAAA,AAAA,AAAA,AAAA,38.080178578694664,AAAB
2026-01-01T21:00:00Z London,60.604363123575844,AAAA,AAAA,AAAA,AAAA,AAAA,AAAA,38.21440315246582,AAAB
2026-01-01T22:00:00Z London,60.60123062133789,AAAA,AAAA,AAAA,AAAA,AAAA,AAAA,38.828582763671875,AAAB
2026-01-01T23:00:00Z London,61.16175619761149,AAAA,AAAA,AAAA,AAAA,AAAA,AAAA,38.65165106455485,AAAB
2026-01-02T00:00:00Z London,61.3966121673584,AAAA,AAAA,AAAA,AAAA,AAAA,AAAA,38.405571619669594,AAAB
2026-01-02T01:00:00Z London,61.67530822753906,AAAA,AAAA,AAAA,AAAA,AAAA,AAAA,39.07262674967448,AAAB
2026-01-02T02:00:00Z London,61.75985558827718,AAAA,AAAA,AAAA,AAAA,AAAA,AAAA,39.117371241251625,AAAB
2026-01-02T03:00:00Z London,61.19619878133138,AAAA,AAAA,AAAA,AAAA,AAAA,AAAA,38.82044919331869,AAAB
2026-01-02T04:00:00Z London,60.89245287577311,AAAA,AAAA,AAAA,AAAA,AAAA,AAAA,38.7004591623942,AAAB
2026-01-02T05:00:00Z London,61.55944633483887,AAAA,AAAA,AAAA,AAAA,AAAA,AAAA,39.02381896972656,AAAB
2026-01-02T06:00:00Z London,61.95087210337321,AAAA,AAAA,AAAA,AAAA,AAAA,AAAA,39.02992216746012,AAAB
2026-01-02T07:00:00Z London,61.62207349141439,AAAA,AAAA,AAAA,AAAA,AAAA,AAAA,38.60487683614095,AAAB
2026-01-02T08:00:00Z London,61.944610277811684,AAAA,AAAA,AAAA,AAAA,AAAA,AAAA,38.25507640838623,AAAB
2026-01-02T09:00:00Z London,61.52186965942383,AAAA,AAAA,AAAA,AAAA,AAAA,AAAA,38.828582763671875,AAAB
2026-01-02T10:00:00Z London,61.672176361083984,AAAA,AAAA,AAAA,AAAA,AAAA,AAAA,38.90179761250814,AAAB
2026-01-02T11:00:00Z London,61.578233083089195,AAAA,AAAA,AAAA,AAAA,AAAA,AAAA,38.913997650146484,AAAB
2026-01-02T12:00:00Z London,61.73793570200602,AAAA,AAAA,AAAA,AAAA,AAAA,AAAA,38.131020863850914,AAAB
2026-01-02T13:00:00Z London,61.177412033081055,AAAA,AAAA,AAAA,AAAA,AAAA,AAAA,38.873324394226074,AAAB
2026-01-02T14:00:00Z London,61.28074804941813,AAAA,AAAA,AAAA,AAAA,AAAA,AAAA,38.79807758331299,AAAB
2026-01-02T15:00:00Z London,61.64712651570638,AAAA,AAAA,AAAA,AAAA,AAAA,AAAA,38.16559282938639,AAAB
2026-01-02T16:00:00Z London,61.29640579223633,AAAA,AAAA,AAAA,AAAA,AAAA,AAAA,38.724863052368164,AAAB
2026-01-02T17:00:00Z London,61.68470255533854,AAAA,AAAA,AAAA,AAAA,AAAA,AAAA,38.87739245096842,AAAB
2026-01-02T18:00:00Z London,61.7911704381307,AAAA,AAAA,AAAA,AAAA,AAAA,AAAA,38.547932624816895,AAAB
2026-01-02T19:00:00Z London,62.066734313964844,AAAA,AAAA,AAAA,AAAA,AAAA,AAAA,38.23677317301432,AAAB
2026-01-02T20:00:00Z London,62.072997093200684,AAAA,AAAA,AAAA,AAAA,AAAA,AAAA,38.897731145222984,AAAB
2026-01-02T21:00:00Z London,61.496816635131836,AAAA,AAAA,AAAA,AAAA,AAAA,AAAA,38.91806825002035,AAAB
2026-01-02T22:00:00Z London,62.110574086507164,AAAA,AAAA,AAAA,AAAA,AAAA,AAAA,38.77570724487305,AAAB
2026-01-02T23:00:00Z London,62.04794788360596,AAAA,AAAA,AAAA,AAAA,AAAA,AAAA,38.64554786682129,AAAB
2026-01-03T00:00:00Z London,61.92268816630045,AAAA,AAAA,AAAA,AAAA,AAAA,AAAA,38.23067156473795,AAAB
2026-01-03T01:00:00Z London,62.035420417785645,AAAA,AAAA,AAAA,AAAA,AAAA,AAAA,38.13712247212728,AAAB
2026-01-03T02:00:00Z London,61.72541046142578,AAAA,AAAA,AAAA,AAAA,AAAA,AAAA,38.73503335316976,AAAB
2026-01-03T03:00:00Z London,61.49681727091471,AAAA,AAAA,AAAA,AAAA,AAAA,AAAA,38.90586280822754,AAAB
2026-01-03T04:00:00Z London,61.76298745473226,AAAA,AAAA,AAAA,AAAA,AAAA,AAAA,38.85502179463705,AAAB
2026-01-03T05:00:00Z London,62.03542137145996,AAAA,AAAA,AAAA,AAAA,AAAA,AAAA,38.958740234375,AAAB
2026-01-03T06:00:00Z London,62.06047058105469,AAAA,AAAA,AAAA,AAAA,AAAA,AAAA,38.95467185974121,AAAB
2026-01-03T07:00:00Z London,61.78490734100342,AAAA,AAAA,AAAA,AAAA,AAAA,AAAA,38.87129211425781,AAAB
2026-01-03T08:00:00Z London,61.90390078226725,AAAA,AAAA,AAAA,AAAA,AAAA,AAAA,38.82858403523763,AAAB
2026-01-03T09:00:00Z London,62.267144521077476,AAAA,AAAA,AAAA,AAAA,AAAA,AAAA,38.840786616007485,AAAB
2026-01-03T10:00:00Z London,61.875719706217446,AAAA,AAAA,AAAA,AAAA,AAAA,AAAA,38.89366181691488,AAAB
2026-01-03T11:00:00Z London,61.478029568990074,AAAA,AAAA,AAAA,AAAA,AAAA,AAAA,38.83061854044596,AAAB
2026-01-03T12:00:00Z London,61.44984531402588,AAAA,AAAA,AAAA,AAAA,AAAA,AAAA,38.287618001302086,AAAB
2026-01-03T13:00:00Z London,61.690965016682945,AAAA,AAAA,AAAA,AAAA,AAAA,AAAA,38.93026987711588,AAAB
2026-01-03T14:00:00Z London,61.512474060058594,AAAA,AAAA,AAAA,AAAA,AAAA,AAAA,38.57843780517578,AAAB
2026-01-03T15:00:00Z London,61.214988708496094,AAAA,AAAA,AAAA,AAAA,AAAA,AAAA,38.60894266764323,AAAB
2026-01-03T16:00:00Z London,61.52186902364095,AAAA,AAAA,AAAA,AAAA,AAAA,AAAA,38.80011240641276,AAAB
2026-01-03T17:00:00Z London,61.71914927164713,AAAA,AAAA,AAAA,AAAA,AAAA,AAAA,38.560133934020996,AAAB
2026-01-03T18:00:00Z London,61.5938917795817,AAAA,AAAA,AAAA,AAAA,AAAA,AAAA,38.00086243947347,AAAB
2026-01-03T19:00:00Z London,61.80682786305746,AAAA,AAAA,AAAA,AAAA,AAAA,AAAA,38.7980759938558,AAAB
2026-01-03T20:00:00Z London,61.653388341267906,AAAA,AAAA,AAAA,AAAA,AAAA,AAAA,39.01568476359049,AAAB
2026-01-03T21:00:00Z London,62.104312896728516,AAAA,AAAA,AAAA,AAAA,AAAA,AAAA,39.084832191467285,AAAB
2026-01-03T22:00:00Z London,61.4842898050944,AAAA,AAAA,AAAA,AAAA,AAAA,AAAA,39.06856155395508,AAAB
2026-01-03T23:00:00Z London,62.091787338256836,AAAA,AAAA,AAAA,AAAA,AAAA,AAAA,39.03805605570475,AAAB
2026-01-04T00:00:00Z London,62.22643788655599,AAAA,AAAA,AAAA,AAAA,AAAA,AAAA,38.9912805557251,AAAB
2026-01-04T01:00:00Z London,62.060471852620445,AAAA,AAAA,AAAA,AAAA,AAAA,AAAA,39.0034818649292,AAAB
2026-01-04T02:00:00Z London,61.92582162221273,AAAA,AAAA,AAAA,AAAA,AAAA,AAAA,39.090932846069336,AAAB
2026-01-04T03:00:00Z London,61.835009256998696,AAAA,AAAA,AAAA,AAAA,AAAA,AAAA,39.12550481160482,AAAB
2026-01-04T04:00:00Z London,62.28280448913574,AAAA,AAAA,AAAA,AAAA,AAAA,AAAA,39.08483123779297,AAAB
2026-01-04T05:00:00Z London,62.26714579264323,AAAA,AAAA,AAAA,AAAA,AAAA,AAAA,39.14991124471029,AAAB
2026-01-04T06:00:00Z London,62.611602783203125,AAAA,AAAA,AAAA,AAAA,AAAA,AAAA,39.233290672302246,AAAB
2026-01-04T07:00:00Z London,62.73059527079264,AAAA,AAAA,AAAA,AAAA,AAAA,AAAA,39.147877057393394,AAAB
2026-01-04T08:00:00Z London,62.66170406341553,AAAA,AAAA,AAAA,AAAA,AAAA,AAAA,39.21498775482178,AAAB
2026-01-04T09:00:00Z London,62.53957970937093,AAAA,AAAA,AAAA,AAAA,AAAA,AAAA,39.1844809850057,AAAB
2026-01-04T10:00:00Z London,62.31098556518555,AAAA,AAAA,AAAA,AAAA,AAAA,AAAA,39.166177113850914,AAAB
2026-01-04T11:00:00Z London,62.18885898590088,AAAA,AAAA,AAAA,AAAA,AAAA,AAAA,39.176347732543945,AAAB
2026-01-04T12:00:00Z London,61.70348993937174,AAAA,AAAA,AAAA,AAAA,AAAA,AAAA,38.4787851969401,AAAB
2026-01-04T13:00:00Z London,61.41853141784668,AAAA,AAAA,AAAA,AAAA,AAAA,AAAA,39.029919942220054,AAAB
2026-01-04T14:00:00Z London,61.35590362548828,AAAA,AAAA,AAAA,AAAA,AAAA,AAAA,38.58047008514404,AAAB
2026-01-04T15:00:00Z London,60.98326396942139,AAAA,AAAA,AAAA,AAAA,AAAA,AAAA,39.11126867930094,AAAB
2026-01-04T16:00:00Z London,61.24317200978597,AAAA,AAAA,AAAA,AAAA,AAAA,AAAA,38.7085927327474,AAAB
2026-01-04T17:00:00Z London,61.221253077189125,AAAA,AAAA,AAAA,AAAA,AAAA,AAAA,38.702493031819664,AAAB
2026-01-04T18:00:00Z London,61.390347480773926,AAAA,AAAA,AAAA,AAAA,AAAA,AAAA,39.121437072753906,AAAB
2026-01-04T19:00:00Z London,61.24943447113037,AAAA,AAAA,AAAA,AAAA,AAAA,AAAA,38.462514877319336,AAAB
2026-01-04T20:00:00Z London,61.70662307739258,AAAA,AAAA,AAAA,AAAA,AAAA,AAAA,38.90179634094238,AAAB
2026-01-04T21:00:00Z London,61.21185715993246,AAAA,AAAA,AAAA,AAAA,AAAA,AAAA,39.19871966044108,AAAB
2026-01-04T22:00:00Z London,61.803695360819496,AAAA,AAAA,AAAA,AAAA,AAAA,AAAA,38.84281953175863,AAAB
2026-01-04T23:00:00Z London,61.63146813710531,AAAA,AAAA,AAAA,AAAA,AAAA,AAAA,38.181863149007164,AAAB
2026-01-05T00:00:00Z London,61.58449618021647,AAAA,AAAA,AAAA,AAAA,AAAA,AAAA,38.25507799784342,AAAB
2026-01-05T01:00:00Z London,61.83187961578369,AAAA,AAAA,AAAA,AAAA,AAAA,AAAA,38.83468532562256,AAAB
2026-01-05T02:00:00Z London,61.910163243611656,AAAA,AAAA,AAAA,AAAA,AAAA,AAAA,38.84892018636068,AAAB
2026-01-05T03:00:00Z London,61.71601645151774,AAAA,AAAA,AAAA,AAAA,AAAA,AAAA,38.812313397725426,AAAB
2026-01-05T04:00:00Z London,61.52499866485596,AAAA,AAAA,AAAA,AAAA,AAAA,AAAA,38.554031689961754,AAAB
2026-01-05T05:00:00Z London,61.81308968861898,AAAA,AAAA,AAAA,AAAA,AAAA,AAAA,38.248976389567055,AAAB
2026-01-05T06:00:00Z London,61.6252056757609,AAAA,AAAA,AAAA,AAAA,AAAA,AAAA,37.89511171976725,AAAB
2026-01-05T07:00:00Z London,61.125739415486656,AAAAAxAB,AAAA,AAAA,AAAA,AAAA,AAAA,37.18941116333008,AAAB
2026-01-05T08:00:00Z London,56.09488105773926,AAABAMAAAtAB,AAAA,AAAA,AAAAAnAB,AAAA,AAAAAnAB,37.42328707377116,AAAB
2026-01-05T09:00:00Z London,44.914146423339844,AAAB,AAAA,AAAA,AAAB,AAAA,AAAB,42.54811350504557,AAAB
2026-01-05T10:00:00Z London,46.721140225728355,AAAB,AAAA,AAAA,AAAB,AAAA,AAAB,42.351295153299965,AAAB
2026-01-05T11:00:00Z London,46.94591395060221,AAAB,AAAA,AAAA,AAAB,AAAA,AAAB,43.1093552907308,AAAB
2026-01-05T12:00:00Z London,46.77843475341797,AAAB,AAAA,AAAA,AAAB,AAAA,AAAB,42.968318939208984,AAAB
2026-01-05T13:00:00Z London,45.86392084757487,AAAB,AAAA,AAAA,AAAB,AAAA,AAAB,42.342485109965004,AAAB
2026-01-05T14:00:00Z London,46.20989163716634,AAAB,AAAA,AAAA,AAAB,AAAA,AAAB,42.49894142150879,AAAB
2026-01-05T15:00:00Z London,47.662099838256836,AAAB,AAAA,AAAA,AAAB,AAAA,AAAB,43.88724422454834,AAAB
2026-01-05T16:00:00Z London,47.913316090901695,AAAB,AAAA,AAAA,AAAB,AAAA,AAAB,44.19795894622803,AAAB
2026-01-05T17:00:00Z London,47.88026110331217,AAAB,AAAA,AAAA,AAAB,AAAA,AAAB,44.16930961608887,AAAB
2026-01-05T18:00:00Z London,49.597619692484535,AAAB,AAAA,AAAA,AAAB,AAAA,AAAB,45.51353772481283,AAAB
2026-01-05T19:00:00Z London,51.700934727986656,AAAB,AAAA,AAAA,AAAB,AAAA,AAAB,47.4637705485026,AAAB
2026-01-05T20:00:00Z London,53.5320987701416,AAAB,AAAA,AAAA,AAAB,AAAA,AAAB,48.8542750676473,AAAB
2026-01-05T21:00:00Z London,55.08961041768392,AAAB,AAAA,AAAA,AAAB,AAAA,AAAB,50.79489326477051,AAAB
2026-01-05T22:00:00Z London,57.86704730987549,AAAB,AAAA,AAAA,AAAB,AAAA,AAAB,56.12539768218994,AAAB
2026-01-05T23:00:00Z London,58.93352381388346,AAAB,AAAA,AAAA,AAAB,AAAA,AAAB,57.2916145324707,AAAB
2026-01-06T00:00:00Z London,59.19950326283773,AAAB,AAAA,AAAA,AAAB,AAAA,AAAB,57.55759239196777,AAAB
2026-01-06T01:00:00Z London,59.20973523457845,AAAB,AAAA,AAAA,AAAB,AAAA,AAAB,57.61897118886312,AAAB
2026-01-06T02:00:00Z London,59.13300927480062,AAAB,AAAA,AAAA,AAAB,AAAA,AAAB,57.59339618682861,AAAB
2026-01-06T03:00:00Z London,58.7033494313558,AAAB,AAAA,AAAA,AAAB,AAAA,AAAB,57.12793413798014,AAAB
2026-01-06T04:00:00Z London,58.593376795450844,AAAB,AAAA,AAAA,AAAB,AAAA,AAAB,57.007731119791664,AAAB
2026-01-06T05:00:00Z London,58.24555905659994,AAAB,AAAA,AAAA,AAAB,AAAA,AAAB,56.71361986796061,AAAB
2026-01-06T06:00:00Z London,58.27624829610189,AAAB,AAAA,AAAA,AAAB,AAAA,AAAB,56.66503016153971,AAAB
2026-01-06T07:00:00Z London,56.613878885904946,AAAB,AAAA,AAAA,AAAB,AAAA,AAAB,52.409362157185875,AAAB
2026-01-06T08:00:00Z London,52.40680249532064,AAAB,AAAA,AAAA,AAAB,AAAA,AAAB,48.09741814931234,AAAB
2026-01-06T09:00:00Z London,49.67062950134277,AAAB,AAAA,AAAA,AAAB,AAAA,AAAB,45.68101437886556,AAAB
2026-01-06T10:00:00Z London,49.112101554870605,AAAB,AAAA,AAAA,AAAB,AAAA,AAAB,45.22045453389486,AAAB
2026-01-06T11:00:00Z London,48.53474839528402,AAAB,AAAA,AAAA,AAAB,AAAA,AAAB,44.80396429697672,AAAB
2026-01-06T12:00:00Z London,48.887330055236816,AAAB,AAAA,AAAA,AAAB,AAAA,AAAB,45.13671334584554,AAAB
2026-01-06T13:00:00Z London,49.499945958455406,AAAB,AAAA,AAAA,AAAB,AAAA,AAAB,45.83086554209391,AAAB
2026-01-06T14:00:00Z London,49.55944347381592,AAAB,AAAA,AAAA,AAAB,AAAA,AAAB,45.94986152648926,AAAB
2026-01-06T15:00:00Z London,48.88512738545736,AAAB,AAAA,AAAA,AAAB,AAAA,AAAB,45.19621213277181,AAAB
2026-01-06T16:00:00Z London,48.35404555002848,AAAB,AAAA,AAAA,AAAB,AAAA,AAAB,44.95601558685303,AAAB
2026-01-06T17:00:00Z London,48.05655479431152,AAAB,AAAA,AAAA,AAAB,AAAA,AAAB,44.61665058135986,AAAB
2026-01-06T18:00:00Z London,48.84546089172363,AAAB,AAAA,AAAA,AAAB,AAAA,AAAB,45.38132095336914,AAAB
2026-01-06T19:00:00Z London,50.15803496042887,AAAB,AAAA,AAAA,AAAB,AAAA,AAAB,46.666049003601074,AAAB
2026-01-06T20:00:00Z London,53.65230242411295,AAAB,AAAA,AAAA,AAAB,AAAA,AAAB,49.93842887878418,AAAB
2026-01-06T21:00:00Z London,57.130492210388184,AAAB,AAAA,AAAA,AAAB,AAAA,AAAB,54.69575945536295,AAAB
2026-01-06T22:00:00Z London,60.61766401926676,AAABAHAA,AAAA,AAAA,AAAB,AAAA,AAAB,58.87214501698812,AAAB
2026-01-06T23:00:00Z London,60.82043139139811,AAAA,AAAA,AAAA,AAAB,AAAA,AAAB,59.19183222452799,AAAB
2026-01-07T00:00:00Z London,60.695173263549805,AAAA,AAAA,AAAA,AAAB,AAAA,AAAB,59.12022082010905,AAAB
2026-01-07T01:00:00Z London,60.92063522338867,AAAA,AAAA,AAAA,AAAB,AAAA,AAAB,59.23275184631348,AAAB
2026-01-07T02:00:00Z London,60.97073841094971,AAAA,AAAA,AAAA,AAAB,AAAA,AAAB,59.30947494506836,AAAB
2026-01-07T03:00:00Z London,60.74527549743652,AAAA,AAAA,AAAA,AAAB,AAAA,AAAB,59.135565439860024,AAAB
2026-01-07T04:00:00Z London,60.7797212600708,AAAA,AAAA,AAAA,AAAB,AAAA,AAAB,59.19438934326172,AAAB
2026-01-07T05:00:00Z London,61.24317137400309,AAAA,AAAA,AAAA,AAAB,AAAA,AAAB,59.53965028127035,AAAB
2026-01-07T06:00:00Z London,60.94568634033203,AAAA,AAAA,AAAA,AAAB,AAAA,AAAB,59.29157288869222,AAAB
2026-01-07T07:00:00Z London,58.652854919433594,AAAAAgAB,AAAA,AAAA,AAAB,AAAA,AAAB,55.9796199798584,AAAB
2026-01-07T08:00:00Z London,52.41447480519613,AAAB,AAAA,AAAA,AAAB,AAAA,AAAB,48.65815130869547,AAAB
2026-01-07T09:00:00Z London,49.877946535746254,AAAB,AAAA,AAAA,AAAB,AAAA,AAAB,46.368554751078285,AAAB
2026-01-07T10:00:00Z London,49.31263415018717,AAAB,AAAA,AAAA,AAAB,AAAA,AAAB,46.02919387817383,AAAB
2026-01-07T11:00:00Z London,49.14295291900635,AAAB,AAAA,AAAA,AAAB,AAAA,AAAB,45.89697456359863,AAAB
2026-01-07T12:00:00Z London,50.9090461730957,AAAB,AAAA,AAAA,AAAB,AAAA,AAAB,48.065368016560875,AAAB
2026-01-07T13:00:00Z London,51.532141049702965,AAAB,AAAA,AAAA,AAAB,AAAA,AAAB,49.75229835510254,AAAB
2026-01-07T14:00:00Z London,52.498871167500816,AAAB,AAAA,AAAA,AAAB,AAAA,AAAB,49.719896952311196,AAAB
2026-01-07T15:00:00Z London,53.417012532552086,AAAB,AAAA,AAAA,AAAB,AAAA,AAAB,50.613999684651695,AAAB
2026-01-07T16:00:00Z London,53.32238578796387,AAAB,AAAA,AAAA,AAAB,AAAA,AAAB,50.7214158376058,AAAB
2026-01-07T17:00:00Z London,52.83134841918945,AAAB,AAAA,AAAA,AAAB,AAAA,AAAB,50.26362419128418,AAAB
2026-01-07T18:00:00Z London,53.36842123667399,AAAB,AAAA,AAAA,AAAB,AAAA,AAAB,50.74187469482422,AAAB
2026-01-07T19:00:00Z London,54.598575274149574,AAAB,AAAA,AAAA,AAAB,AAAA,AAAB,51.997602780659996,AAAB
2026-01-07T20:00:00Z London,57.62664381663004,AAAB,AAAA,AAAA,AAAB,AAAA,AAAB,55.043578465779625,AAAB
2026-01-07T21:00:00Z London,59.7203254699707,AAABAjAA,AAAA,AAAA,AAAB,AAAA,AAAB,57.72894605000814,AAAB
2026-01-07T22:00:00Z London,61.027103424072266,AAAA,AAAA,AAAA,AAAB,AAAA,AAAB,59.34783776601156,AAAB
2026-01-07T23:00:00Z London,60.695173263549805,AAAA,AAAA,AAAA,AAAB,AAAA,AAAB,59.092089335123696,AAAB
2026-01-08T00:00:00Z London,60.9206345876058,AAAA,AAAA,AAAA,AAAB,AAAA,AAAB,59.28901608784994,AAAB
2026-01-08T01:00:00Z London,60.723355293273926,AAAA,AAAA,AAAA,AAAB,AAAA,AAAB,59.15346908569336,AAAB
2026-01-08T02:00:00Z London,60.848612785339355,AAAA,AAAA,AAAA,AAAB,AAAA,AAAB,59.207174936930336,AAAB
2026-01-08T03:00:00Z London,60.93629169464111,AAAA,AAAA,AAAA,AAAB,AAAA,AAAB,59.29924710591634,AAAB
2026-01-08T04:00:00Z London,60.82043011983236,AAAA,AAAA,AAAA,AAAB,AAAA,AAAB,59.242981910705566,AAAB
2026-01-08T05:00:00Z London,60.95194880167643,AAAA,AAAA,AAAA,AAAB,AAAA,AAAB,59.317148208618164,AAAB
2026-01-08T06:00:00Z London,60.90184656778971,AAAA,AAAA,AAAA,AAAB,AAAA,AAAB,59.26855595906576,AAAB
2026-01-08T07:00:00Z London,58.89895057678223,AAAAAhAB,AAAA,AAAA,AAAB,AAAA,AAAB,56.30186398824056,AAAB
2026-01-08T08:00:00Z London,52.946434020996094,AAAB,AAAA,AAAA,AAAB,AAAA,AAAB,49.235686937967934,AAAB
2026-01-08T09:00:00Z London,51.31986872355143,AAAB,AAAA,AAAA,AAAB,AAAA,AAAB,48.770535151163735,AAAB
2026-01-08T10:00:00Z London,50.84161790211996,AAAB,AAAA,AAAA,AAAB,AAAA,AAAB,48.37608242034912,AAAB
2026-01-08T11:00:00Z London,51.37869040171305,AAAB,AAAA,AAAA,AAAB,AAAA,AAAB,49.17821216583252,AAAB
2026-01-08T12:00:00Z London,51.509124437967934,AAAB,AAAA,AAAA,AAAB,AAAA,AAAB,49.09909598032633,AAAB
2026-01-08T13:00:00Z London,52.08456007639567,AAAB,AAAA,AAAA,AAAB,AAAA,AAAB,49.578155835469566,AAAB
2026-01-08T14:00:00Z London,52.28660170237223,AAAB,AAAA,AAAA,AAAB,AAAA,AAAB,50.09269587198893,AAAB
2026-01-08T15:00:00Z London,52.5730406443278,AAAB,AAAA,AAAA,AAAB,AAAA,AAAB,50.12809308369955,AAAB
2026-01-08T16:00:00Z London,53.046175956726074,AAAB,AAAA,AAAA,AAAB,AAAA,AAAB,50.57628854115804,AAAB
2026-01-08T17:00:00Z London,52.61140282948812,AAAB,AAAA,AAAA,AAAB,AAAA,AAAB,49.74305820465088,AAAB
2026-01-08T18:00:00Z London,50.72660160064697,AAAB,AAAA,AAAA,AAAB,AAAA,AAAB,48.58102289835612,AAAB
2026-01-08T19:00:00Z London,49.08345603942871,AAAB,AAAA,AAAA,AAAB,AAAA,AAAB,46.63519700368246,AAAB
2026-01-08T20:00:00Z London,50.33568127950033,AAAB,AAAA,AAAA,AAAB,AAAA,AAAB,48.29895496368408,AAAB
2026-01-08T21:00:00Z London,53.638817527077414,AAAB,AAAA,AAAA,AAAB,AAAA,AAAB,51.472104506059125,AAAB
2026-01-08T22:00:00Z London,60.26378154754639,AAABATAA,AAAA,AAAA,AAAB,AAAA,AAAB,58.53966999053955,AAAB
2026-01-08T23:00:00Z London,61.277618408203125,AAAA,AAAA,AAAA,AAAB,AAAA,AAAB,59.60870170593262,AAAB
2026-01-09T00:00:00Z London,61.20246442159017,AAAA,AAAA,AAAA,AAAB,AAAA,AAAB,59.570339838663735,AAAB
2026-01-09T01:00:00Z London,61.036496798197426,AAAA,AAAA,AAAA,AAAB,AAAA,AAAB,59.452697118123375,AAAB
2026-01-09T02:00:00Z London,60.98326396942139,AAAA,AAAA,AAAA,AAAB,AAAA,AAAB,59.35806846618652,AAAB
2026-01-09T03:00:00Z London,60.97700182596842,AAAA,AAAA,AAAA,AAAB,AAAA,AAAB,59.35806846618652,AAAB
2026-01-09T04:00:00Z London,60.15926933288574,AAAAArAB,AAAA,AAAA,AAAB,AAAA,AAAB,58.65731620788574,AAAB
2026-01-09T05:00:00Z London,57.49109808603922,AAAB,AAAA,AAAA,AAAB,AAAA,AAAB,56.112610816955566,AAAB
2026-01-09T06:00:00Z London,55.186798413594566,AAAB,AAAA,AAAA,AAAB,AAAA,AAAB,53.846673011779785,AAAB
2026-01-09T07:00:00Z London,52.22295252482096,AAAB,AAAA,AAAA,AAAB,AAAA,AAAB,49.584029833475746,AAAB
2026-01-09T08:00:00Z London,47.10016918182373,AAAB,AAAA,AAAA,AAAB,AAAA,AAAB,43.92029857635498,AAAB
2026-01-09T09:00:00Z London,43.58313846588135,AAAB,AAAA,AAAA,AAAB,AAAA,AAAB,40.62448374430338,AAAB
2026-01-09T10:00:00Z London,42.474703788757324,AAAB,AAAA,AAAA,AAAB,AAAA,AAAB,39.64613596598307,AAAB
2026-01-09T11:00:00Z London,41.256080627441406,AAAB,AAAA,AAAA,AAAB,AAAA,AAAB,39.14584159851074,AAAB
2026-01-09T12:00:00Z London,41.41474596659342,AAAB,AAAA,AAAA,AAAB,AAAA,AAAB,39.355312983194985,AAAB
2026-01-09T13:00:00Z London,41.42796961466471,AAAB,AAAA,AAAA,AAAB,AAAA,AAAB,39.31260744730631,AAAB
2026-01-09T14:00:00Z London,41.30015309651693,AAAB,AAAA,AAAA,AAAB,AAAA,AAAB,39.249561627705894,AAAB
2026-01-09T15:00:00Z London,41.456615130106606,AAAB,AAAA,AAAA,AAAB,AAAA,AAAB,39.398020108540855,AAAB
2026-01-09T16:00:00Z London,41.16793632507324,AAAB,AAAA,AAAA,AAAB,AAAA,AAAB,39.204819997151695,AAAB
2026-01-09T17:00:00Z London,41.50509452819824,AAAB,AAAA,AAAA,AAAB,AAAA,AAAB,39.581055323282875,AAAB
2026-01-09T18:00:00Z London,41.8598845799764,AAAB,AAAA,AAAA,AAAB,AAAA,AAAB,39.856624603271484,AAAB
2026-01-09T19:00:00Z London,43.06748580932617,AAAB,AAAA,AAAA,AAAB,AAAA,AAAB,40.92553456624349,AAAB
2026-01-09T20:00:00Z London,45.88154824574789,AAAB,AAAA,AAAA,AAAB,AAAA,AAAB,43.75722853342692,AAAB
2026-01-09T21:00:00Z London,48.992323557535805,AAAB,AAAA,AAAA,AAAB,AAAA,AAAB,46.81831804911295,AAAB
2026-01-09T22:00:00Z London,53.590919494628906,AAAB,AAAA,AAAA,AAAB,AAAA,AAAB,52.07176971435547,AAAB
2026-01-09T23:00:00Z London,57.301842053731285,AAAB,AAAA,AAAA,AAAB,AAAA,AAAB,55.83384291330973,AAAB
2026-01-10T00:00:00Z London,57.3606653213501,AAAB,AAAA,AAAA,AAAB,AAAA,AAAB,55.90289433797201,AAAB
2026-01-10T01:00:00Z London,58.19696521759033,AAAB,AAAA,AAAA,AAAB,AAAA,AAAB,56.70083204905192,AAAB
2026-01-10T02:00:00Z London,58.82610893249512,AAAB,AAAA,AAAA,AAAB,AAAA,AAAB,57.378567695617676,AAAB
2026-01-10T03:00:00Z London,58.31460984547933,AAAB,AAAA,AAAA,AAAB,AAAA,AAAB,56.84149742126465,AAAB
2026-01-10T04:00:00Z London,57.74940427144369,AAAB,AAAA,AAAA,AAAB,AAAA,AAAB,56.276288986206055,AAAB
2026-01-10T05:00:00Z London,57.734060287475586,AAAB,AAAA,AAAA,AAAB,AAAA,AAAB,56.24815686543783,AAAB
2026-01-10T06:00:00Z London,57.51155757904053,AAAB,AAAA,AAAA,AAAB,AAAA,AAAB,56.07424767812093,AAAB
2026-01-10T07:00:00Z London,55.304441134134926,AAAB,AAAA,AAAA,AAAB,AAAA,AAAB,51.90584659576416,AAAB
2026-01-10T08:00:00Z London,53.08453909556071,AAAB,AAAA,AAAA,AAAB,AAAA,AAAB,48.931403477986656,AAAB
2026-01-10T09:00:00Z London,52.01294803619385,AAAB,AAAA,AAAA,AAAB,AAAA,AAAB,48.23064263661703,AAAB
2026-01-10T10:00:00Z London,51.059004147847496,AAAB,AAAA,AAAA,AAAB,AAAA,AAAB,48.21962515513102,AAAB
2026-01-10T11:00:00Z London,51.55771700541178,AAAB,AAAA,AAAA,AAAB,AAAA,AAAB,48.88512738545736,AAAB
2026-01-10T12:00:00Z London,51.80579376220703,AAAB,AAAA,AAAA,AAAB,AAAA,AAAB,49.09006690979004,AAAB
2026-01-10T13:00:00Z London,51.734182357788086,AAAB,AAAA,AAAA,AAAB,AAAA,AAAB,49.105491638183594,AAAB
2026-01-10T14:00:00Z London,51.25848929087321,AAAB,AAAA,AAAA,AAAB,AAAA,AAAB,48.871904373168945,AAAB
2026-01-10T15:00:00Z London,51.45797348022461,AAAB,AAAA,AAAA,AAAB,AAAA,AAAB,48.854275385538735,AAAB
2026-01-10T16:00:00Z London,51.680477142333984,AAAB,AAAA,AAAA,AAAB,AAAA,AAAB,49.323652267456055,AAAB
2026-01-10T17:00:00Z London,51.918322245279946,AAAB,AAAA,AAAA,AAAB,AAAA,AAAB,49.31445026397705,AAAB
2026-01-10T18:00:00Z London,54.43489456176758,AAAB,AAAA,AAAA,AAAB,AAAA,AAAB,51.74952538808187,AAAB
2026-01-10T19:00:00Z London,57.220004081726074,AAAB,AAAA,AAAA,AAAB,AAAA,AAAB,54.94383557637533,AAAB
2026-01-10T20:00:00Z London,55.79547913869222,AAAB,AAAA,AAAA,AAAB,AAAA,AAAB,52.97712643941244,AAAB
2026-01-10T21:00:00Z London,56.094706535339355,AAAB,AAAA,AAAA,AAAB,AAAA,AAAB,53.7162389755249,AAAB
2026-01-10T22:00:00Z London,57.07934315999349,AAAB,AAAA,AAAA,AAAB,AAAA,AAAB,55.56530634562174,AAAB
2026-01-10T23:00:00Z London,57.13560835520426,AAAB,AAAA,AAAA,AAAB,AAAA,AAAB,55.71875540415446,AAAB
2026-01-11T00:00:00Z London,56.41695086161295,AAAB,AAAA,AAAA,AAAB,AAAA,AAAB,54.91314570109049,AAAB
2026-01-11T01:00:00Z London,56.79801654815674,AAAB,AAAA,AAAA,AAAB,AAAA,AAAB,55.319786071777344,AAAB
2026-01-11T02:00:00Z London,57.06655406951904,AAAB,AAAA,AAAA,AAAB,AAAA,AAAB,55.62668673197428,AAAB
2026-01-11T03:00:00Z London,56.72896512349447,AAAB,AAAA,AAAA,AAAB,AAAA,AAAB,55.36070760091146,AAAB
2026-01-11T04:00:00Z London,56.57040278116862,AAAB,AAAA,AAAA,AAAB,AAAA,AAAB,55.12797419230143,AAAB
2026-01-11T05:00:00Z London,56.621551513671875,AAAB,AAAA,AAAA,AAAB,AAAA,AAAB,55.2174866994222,AAAB
2026-01-11T06:00:00Z London,56.69316101074219,AAAB,AAAA,AAAA,AAAB,AAAA,AAAB,55.24306297302246,AAAB
2026-01-11T07:00:00Z London,56.1330680847168,AAAB,AAAA,AAAA,AAAB,AAAA,AAAB,52.64465077718099,AAAB
2026-01-11T08:00:00Z London,55.938699086507164,AAAB,AAAA,AAAA,AAAB,AAAA,AAAB,51.59607823689779,AAAB
2026-01-11T09:00:00Z London,56.40416463216146,AAAB,AAAA,AAAA,AAAB,AAAA,AAAB,53.2277577718099,AAAB
2026-01-11T10:00:00Z London,56.9872719446818,AAAB,AAAA,AAAA,AAAB,AAAA,AAAB,54.25842761993408,AAAB
2026-01-11T11:00:00Z London,57.69569714864095,AAAB,AAAA,AAAA,AAAB,AAAA,AAAB,55.61901442209879,AAAB
2026-01-11T12:00:00Z London,58.40412394205729,AAAB,AAAA,AAAA,AAAB,AAAA,AAAB,55.895222663879395,AAAB
2026-01-11T13:00:00Z London,59.829270362854004,AAABAYAAA5AB,AAAA,AAAA,AAAB,AAAA,AAAB,57.75707848866781,AAAB
2026-01-11T14:00:00Z London,60.35358587900797,AAABASAA,AAAA,AAAA,AAAB,AAAA,AAAB,57.93354352315267,AAAB
2026-01-11T15:00:00Z London,60.873663902282715,AAAA,AAAA,AAAA,AAAB,AAAA,AAAB,58.296709060668945,AAAB
2026-01-11T16:00:00Z London,60.91437244415283,AAAA,AAAA,AAAA,AAAB,AAAA,AAAB,58.767287254333496,AAAB
2026-01-11T17:00:00Z London,60.732750256856285,AAAA,AAAA,AAAA,AAAB,AAAA,AAAB,57.93354352315267,AAAB
2026-01-11T18:00:00Z London,60.6857795715332,AAAA,AAAA,AAAA,AAAB,AAAA,AAAB,58.854241689046226,AAAB
2026-01-11T19:00:00Z London,60.56052303314209,AAAA,AAAA,AAAA,AAAB,AAAA,AAAB,58.11512565612793,AAAB
2026-01-11T20:00:00Z London,59.949049631754555,AAAAAOAB,AAAA,AAAA,AAAB,AAAA,AAAB,58.31460920969645,AAAB
2026-01-11T21:00:00Z London,59.158584912618004,AAAB,AAAA,AAAA,AAAB,AAAA,AAAB,56.841495513916016,AAAB
2026-01-11T22:00:00Z London,59.028151194254555,AAAB,AAAA,AAAA,AAAB,AAAA,AAAB,57.75963592529297,AAAB
2026-01-11T23:00:00Z London,58.94631258646647,AAAB,AAAA,AAAA,AAAB,AAAA,AAAB,57.667563120524086,AAAB
