Timestamp,CIB CT Circuit Heat Meter Energy,CIB CT Circuit Heat Meter Flow,CIB CT Circuit Heat Meter Inlet Temp,CIB CT Circuit Heat Meter Outlet Temp,CIB CT Circuit Heat Meter Power
2025-12-13T00:00:00Z London,400,153.58333206176758,56.11416753133138,53.990000089009605,390
2025-12-13T01:00:00Z London,400,152.83333333333334,56.2524995803833,54.135000228881836,380
2025-12-13T02:00:00Z London,400,154.59166717529297,56.5716667175293,54.34166749318441,390
2025-12-13T03:00:00Z London,400,153.28333028157553,57.15083376566569,54.84833335876465,410
2025-12-13T04:00:00Z London,400,153.67499923706055,57.50250053405762,55.16833368937174,420
2025-12-13T05:00:00Z London,400,153.56666564941406,57.84000015258789,55.47333272298177,420
2025-12-13T06:00:00Z London,400,153.96666717529297,57.972500801086426,55.5849994023641,420
2025-12-13T07:00:00Z London,400,155.09999974568686,57.47166728973389,55.14833323160807,460
2025-12-13T08:00:00Z London,500,154.45833587646484,57.144999504089355,54.72999986012777,440
2025-12-13T09:00:00Z London,400,156.95000076293945,56.88083299001058,54.540833155314125,480
2025-12-13T10:00:00Z London,400,154.66666412353516,56.335832595825195,54.15833346048991,390
2025-12-13T11:00:00Z London,300,152.85833358764648,55.62916692097982,53.59250005086263,380
2025-12-13T12:00:00Z London,300,152.35833231608072,54.9433339436849,53.05499998728434,350
2025-12-13T13:00:00Z London,400,153.73333358764648,54.580000241597496,52.79583295186361,350
2025-12-13T14:00:00Z London,300,150.8249994913737,54.22333240509033,52.40999984741211,320
2025-12-13T15:00:00Z London,300,152.875,54.40000025431315,52.46916707356771,370
2025-12-13T16:00:00Z London,400,154.06666692097983,54.62500031789144,52.64833386739095,360
2025-12-13T17:00:00Z London,300,154.31666692097983,55.663333574930824,53.50500043233236,400
2025-12-13T18:00:00Z London,400,153.15833536783853,56.54333305358887,54.394999504089355,390
2025-12-13T19:00:00Z London,400,153.49166615804037,56.92333475748698,54.71416727701823,400
2025-12-13T20:00:00Z London,400,154.80833307902017,57.21500015258789,55.041666984558105,400
2025-12-13T21:00:00Z London,400,155.54999923706055,57.428332010904946,55.17333221435547,420
2025-12-13T22:00:00Z London,400,152.95833460489908,57.65916601816813,55.39916674296061,410
2025-12-13T23:00:00Z London,400,152.39166641235352,57.79666805267334,55.5083335240682,420
2025-12-14T00:00:00Z London,400,153.34999974568686,57.78000005086263,55.489999771118164,420
2025-12-14T01:00:00Z London,400,152.8249994913737,57.84166653951009,55.5766658782959,410
2025-12-14T02:00:00Z London,400,153.21666717529297,58.00416787465414,55.69499969482422,410
2025-12-14T03:00:00Z London,400,154.39166641235352,58.03666750590006,55.70583407084147,420
2025-12-14T04:00:00Z London,400,153.48333231608072,58.08000119527181,55.76999886830648,430
2025-12-14T05:00:00Z London,400,153.4916648864746,58.1241668065389,55.80083306630453,420
2025-12-14T06:00:00Z London,400,153.63333384195963,58.15916633605957,55.85166803995768,420
2025-12-14T07:00:00Z London,400,152.67499923706055,58.124165534973145,55.76750087738037,430
2025-12-14T08:00:00Z London,400,154.05833180745444,57.90333366394043,55.596666971842446,440
2025-12-14T09:00:00Z London,400,154.76666514078775,57.40083312988281,55.21916643778483,400
2025-12-14T10:00:00Z London,400,152.41666539510092,56.74416573842367,54.6650005976359,370
2025-12-14T11:00:00Z London,300,153.375,55.681666692097984,53.80000019073486,350
2025-12-14T12:00:00Z London,300,151.9333356221517,55.31500053405762,53.429999351501465,340
2025-12-14T13:00:00Z London,400,151.7916692097982,55.28499889373779,53.3799991607666,340
2025-12-14T14:00:00Z London,300,150.15833282470703,55.38750076293945,53.47250016530355,340
2025-12-14T15:00:00Z London,300,152.39166641235352,55.64750003814697,53.677499771118164,350
2025-12-14T16:00:00Z London,400,152.75833384195963,55.98250102996826,53.97499942779541,360
2025-12-14T17:00:00Z London,300,151.73333104451498,56.01916631062826,54.0649995803833,350
2025-12-14T18:00:00Z London,300,151.3666674296061,55.7475004196167,53.84166622161865,350
2025-12-14T19:00:00Z London,400,153.04166793823242,55.547499656677246,53.65999984741211,340
2025-12-14T20:00:00Z London,300,151.83333333333334,55.29999923706055,53.4975004196167,340
2025-12-14T21:00:00Z London,300,150.70833460489908,55.15999984741211,53.375,330
2025-12-14T22:00:00Z London,300,149.2750015258789,54.90500068664551,53.10249996185303,320
2025-12-14T23:00:00Z London,300,150.63333129882812,54.67166678110758,52.859999656677246,320
2025-12-15T00:00:00Z London,300,153.8833325703939,54.65499973297119,52.859999656677246,360
2025-12-15T01:00:00Z London,300,150.80833307902017,54.55000019073486,52.765000343322754,330
2025-12-15T02:00:00Z London,300,151.14166386922201,54.67500019073486,52.820000648498535,330
2025-12-15T03:00:00Z London,400,150.59166717529297,54.71749973297119,52.94250011444092,340
2025-12-15T04:00:00Z London,300,139.20000102122626,55.00416692097982,52.96083323160807,400
2025-12-15T05:00:00Z London,300,150.83333206176758,55.03333346048991,53.08250141143799,400
2025-12-15T06:00:00Z London,300,153.1166674296061,54.99333381652832,53.1233336130778,350
2025-12-15T07:00:00Z London,400,154.20833460489908,54.60916646321615,52.42166614532471,490
2025-12-15T08:00:00Z London,500,155.0249989827474,53.670833905537926,51.26916694641113,460
2025-12-15T09:00:00Z London,400,154.34999974568686,53.368333180745445,51.06666628519694,430
2025-12-15T10:00:00Z London,300,151.45833206176758,52.82000001271566,50.766666412353516,380
2025-12-15T11:00:00Z London,400,152.2583325703939,52.15083312988281,50.11499913533529,380
2025-12-15T12:00:00Z London,300,151.84999974568686,52.140832583109535,50.14833386739095,360
2025-12-15T13:00:00Z London,400,151.79999796549478,52.13666661580404,50.09749952952067,360
2025-12-15T14:00:00Z London,300,151.125,52.09916718800863,50.05166753133138,360
2025-12-15T15:00:00Z London,400,149.60000228881836,52.21333408355713,50.10250027974447,370
2025-12-15T16:00:00Z London,400,152.73333485921225,52.36999956766764,50.240000089009605,370
2025-12-15T17:00:00Z London,300,150.6333325703939,53.13166745503744,50.94749959309896,390
2025-12-15T18:00:00Z London,400,151.98333485921225,53.72500038146973,51.6299991607666,390
2025-12-15T19:00:00Z London,400,148.23333358764648,53.880001068115234,51.83833408355713,360
2025-12-15T20:00:00Z London,300,149.38333384195963,54.03333282470703,51.96999994913737,350
2025-12-15T21:00:00Z London,300,149.0583356221517,54.066667238871254,52.20250002543131,340
2025-12-15T22:00:00Z London,300,149.3666674296061,54.16250038146973,52.38916778564453,310
2025-12-15T23:00:00Z London,300,147.89166641235352,54.08083438873291,52.39166577657064,310
2025-12-16T00:00:00Z London,300,148.31666692097983,54.19333299001058,52.53999996185303,310
2025-12-16T01:00:00Z London,300,150.20000203450522,54.09666665395101,52.45583248138428,300
2025-12-16T02:00:00Z London,200,149.40833282470703,53.92333443959554,52.26749928792318,300
2025-12-16T03:00:00Z London,300,148.5500005086263,53.81333192189535,52.14583365122477,280
2025-12-16T04:00:00Z London,300,151.86666615804037,54.228333473205566,52.569167137145996,310
2025-12-16T05:00:00Z London,300,150.90833536783853,54.15999984741211,52.46416664123535,300
2025-12-16T06:00:00Z London,300,151.03333155314127,54.367499033610024,52.63000075022379,330
2025-12-16T07:00:00Z London,300,151.16666539510092,53.68666648864746,51.725833574930824,380
2025-12-16T08:00:00Z London,400,150.58333333333334,52.73333326975504,50.645833333333336,400
2025-12-16T09:00:00Z London,400,149.07500076293945,52.477499643961586,50.40166632334391,370
2025-12-16T10:00:00Z London,300,150.10833485921225,52.035833994547524,50.1791664759318,340
2025-12-16T11:00:00Z London,300,150.06666692097983,51.50750001271566,49.6933339436849,330
2025-12-16T12:00:00Z London,300,149.83333206176758,51.07583363850912,49.43750031789144,300
2025-12-16T13:00:00Z London,400,152.83333206176758,51.71583334604899,49.507500966389976,450
2025-12-16T14:00:00Z London,400,153.9083340962728,53.009999910990395,50.600833574930824,440
2025-12-16T15:00:00Z London,400,152.97499720255533,53.36333306630453,50.90249983469645,470
2025-12-16T16:00:00Z London,500,154.81666564941406,53.89666779836019,51.306666692097984,500
2025-12-16T17:00:00Z London,500,154.25833384195963,54.95750013987223,52.265000343322754,500
2025-12-16T18:00:00Z London,500,154.39166514078775,55.84749952952067,53.100000063578285,500
2025-12-16T19:00:00Z London,400,154.4333356221517,56.09833304087321,53.562500953674316,500
2025-12-16T20:00:00Z London,500,155.43333307902017,56.28333377838135,53.6408322652181,500
2025-12-16T21:00:00Z London,400,153.76666641235352,56.95666694641113,54.461667696634926,460
2025-12-16T22:00:00Z London,400,154.25833129882812,57.72916634877523,55.19083340962728,470
2025-12-16T23:00:00Z London,500,154.25,58.39833291371664,55.7408332824707,500
2025-12-17T00:00:00Z London,400,153.375,58.78666718800863,56.13333288828532,480
2025-12-17T01:00:00Z London,500,153.64166641235352,59.26166661580404,56.64583365122477,500
2025-12-17T02:00:00Z London,500,154.06666692097983,59.42083263397217,56.67250029246012,500
2025-12-17T03:00:00Z London,500,155.51666641235352,59.544167836507164,56.688334147135414,530
2025-12-17T04:00:00Z London,500,154.25,59.5733331044515,56.73416709899902,530
2025-12-17T05:00:00Z London,500,153.68333435058594,59.604166984558105,56.66083272298177,550
2025-12-17T06:00:00Z London,500,152.36666615804037,59.68999989827474,56.61500040690104,550
2025-12-17T07:00:00Z London,600,154.37499872843424,55.89749972025553,52.82499980926514,570
2025-12-17T08:00:00Z London,500,154.16666666666666,51.6766668955485,48.65666643778483,620
2025-12-17T09:00:00Z London,600,155.02500025431314,51.83583323160807,48.61333306630453,600
2025-12-17T10:00:00Z London,500,154.59166717529297,52.99083391825358,49.776666005452476,610
2025-12-17T11:00:00Z London,600,155.55000178019205,54.574167251586914,51.49166742960612,580
2025-12-17T12:00:00Z London,500,155.41666539510092,54.772500356038414,51.96750068664551,520
2025-12-17T13:00:00Z London,400,153.9166692097982,54.08250013987223,51.5533332824707,480
2025-12-17T14:00:00Z London,500,153.84166717529297,53.6175012588501,51.134998639424644,500
2025-12-17T15:00:00Z London,400,152.34999974568686,53.326666831970215,50.88416703542074,440
2025-12-17T16:00:00Z London,400,153.8000030517578,53.27833366394043,50.829999923706055,440
2025-12-17T17:00:00Z London,400,152.94166819254556,54.33583291371664,51.80166721343994,500
2025-12-17T18:00:00Z London,500,153.5749994913737,54.94083340962728,52.47083346048991,470
2025-12-17T19:00:00Z London,400,153.42499923706055,55.33916695912679,52.965834299723305,440
2025-12-17T20:00:00Z London,400,153.0083325703939,55.45249938964844,53.16916720072428,410
2025-12-17T21:00:00Z London,400,151.80000178019205,55.32249959309896,53.20750045776367,390
2025-12-17T22:00:00Z London,300,152.08333206176758,55.237500508626304,53.21000067392985,370
2025-12-17T23:00:00Z London,400,152.5083351135254,55.106667836507164,53.09000174204508,390
2025-12-18T00:00:00Z London,300,152.01666768391928,55.20833237965902,53.08000087738037,380
2025-12-18T01:00:00Z London,400,150.99166615804037,55.78749974568685,53.613332748413086,390
2025-12-18T02:00:00Z London,400,151.29166539510092,55.989999771118164,53.88666820526123,380
2025-12-18T03:00:00Z London,300,149.92500178019205,55.864999771118164,53.8050012588501,370
2025-12-18T04:00:00Z London,400,151.59999974568686,55.65999984741211,53.65500068664551,370
2025-12-18T05:00:00Z London,300,150.55833180745444,55.39083321889242,53.42500082651774,350
2025-12-18T06:00:00Z London,400,151.1000010172526,55.02833271026611,53.09000015258789,340
2025-12-18T07:00:00Z London,400,152.45833333333334,54.43166700998942,52.202500343322754,480
2025-12-18T08:00:00Z London,300,152.93333307902017,54.0033327738444,51.83666674296061,410
2025-12-18T09:00:00Z London,400,150.0250015258789,53.797499338785805,51.58750057220459,400
2025-12-18T10:00:00Z London,400,151.80833435058594,53.71000003814697,51.51750087738037,390
2025-12-18T11:00:00Z London,300,150.95833206176758,53.35083421071371,51.48749923706055,350
2025-12-18T12:00:00Z London,400,152.31666692097983,53.65916633605957,51.640000343322754,360
2025-12-18T13:00:00Z London,300,151.15833282470703,53.66083335876465,51.715000788370766,360
2025-12-18T14:00:00Z London,300,150.68333180745444,53.61916732788086,51.66083208719889,340
2025-12-18T15:00:00Z London,400,150.09166717529297,53.93416659037272,52.08583323160807,340
2025-12-18T16:00:00Z London,300,150.8000030517578,53.88666661580404,51.99083391825358,350
2025-12-18T17:00:00Z London,300,148.81666692097983,54.48083241780599,52.55999946594238,340
2025-12-18T18:00:00Z London,300,149.7166659037272,54.07416661580404,52.38333288828532,320
2025-12-18T19:00:00Z London,300,148.59999974568686,53.70916589101156,52.035834630330406,320
2025-12-18T20:00:00Z London,300,149.4916648864746,53.619998931884766,51.95750045776367,300
2025-12-18T21:00:00Z London,300,150.5,54.07833353678385,52.343332290649414,330
2025-12-18T22:00:00Z London,300,151.34999974568686,54.13666598002116,52.4900016784668,300
2025-12-18T23:00:00Z London,300,152.24166615804037,54.186665852864586,52.509999910990395,310
2025-12-19T00:00:00Z London,300,150.6750005086263,54.695000966389976,52.893333435058594,330
2025-12-19T01:00:00Z London,300,150.49166615804037,54.89083353678385,53.01500002543131,330
2025-12-19T02:00:00Z London,300,150.7166659037272,55.1650005976359,53.25,360
2025-12-19T03:00:00Z London,400,151.18333435058594,55.87999979654948,53.86833381652832,360
2025-12-19T04:00:00Z London,300,151.22499974568686,56.3641668955485,54.29666614532471,380
2025-12-19T05:00:00Z London,400,151.52500025431314,56.70333353678385,54.56750075022379,380
2025-12-19T06:00:00Z London,400,152.73333485921225,56.81500053405762,54.64249897003174,390
2025-12-19T07:00:00Z London,400,153.81666692097983,56.34333324432373,53.785834312438965,510
2025-12-19T08:00:00Z London,500,155.29166666666666,55.130833307902016,52.638333320617676,500
2025-12-19T09:00:00Z London,400,152.77500025431314,54.78750038146973,52.28499952952067,490
2025-12-19T10:00:00Z London,400,151.64166641235352,54.4533322652181,52.12166659037272,410
2025-12-19T11:00:00Z London,400,151.54166666666666,54.07999928792318,51.889166514078774,390
2025-12-19T12:00:00Z London,300,148.3833325703939,53.81416575113932,51.77249972025553,360
2025-12-19T13:00:00Z London,300,149.5083325703939,53.53833325703939,51.62999979654948,350
2025-12-19T14:00:00Z London,300,149.46666717529297,53.300832748413086,51.391666412353516,340
2025-12-19T15:00:00Z London,399.875,149.0916659037272,53.47500069936117,51.490000089009605,360
2025-12-19T16:00:00Z London,400.125,150.5749994913737,53.906666119893394,51.850833892822266,370
2025-12-19T17:00:00Z London,300.125,150.91666539510092,54.718333880106606,52.46999963124593,400
2025-12-19T18:00:00Z London,399.875,151.39166641235352,55.603333473205566,53.28583367665609,410
2025-12-19T19:00:00Z London,399.875,150.88333129882812,56.2983341217041,54.028333028157554,410
2025-12-19T20:00:00Z London,400.125,149.35833358764648,56.66666762034098,54.41666762034098,390
2025-12-19T21:00:00Z London,400,150.00833129882812,57.053333600362144,54.90416653951009,390
2025-12-19T22:00:00Z London,400.125,151.4916648864746,57.38750076293945,55.19250011444092,380
2025-12-19T23:00:00Z London,399.875,150.9666659037272,57.63166777292887,55.42000039418539,410
2025-12-20T00:00:00Z London,300,151.49999872843424,57.84083207448324,55.589999198913574,410
2025-12-20T01:00:00Z London,400,152.875,58.082499504089355,55.78166643778483,410
2025-12-20T02:00:00Z London,400.125,151.97500228881836,58.181666692097984,55.935001373291016,410
2025-12-20T03:00:00Z London,399.875,151.03333282470703,58.290000915527344,55.9900016784668,400
2025-12-20T04:00:00Z London,399.875,152.2166659037272,58.260833422342934,56.014167149861656,400
2025-12-20T05:00:00Z London,400.125,151.82500330607095,58.27416674296061,55.97666645050049,410
2025-12-20T06:00:00Z London,400,152.89999771118164,58.438334147135414,56.12083339691162,420
2025-12-20T07:00:00Z London,400.125,154.75,57.55083306630453,55.218333880106606,450
2025-12-20T08:00:00Z London,500,155.21666463216147,57.225000063578285,54.85833326975504,450
2025-12-20T09:00:00Z London,399.875,151.85832977294922,57.2491668065389,54.92166646321615,440
2025-12-20T10:00:00Z London,399.875,153.09166717529297,56.55916659037272,54.34583250681559,390
2025-12-20T11:00:00Z London,300.125,152.26666514078775,55.96999994913737,53.97333272298177,360
2025-12-20T12:00:00Z London,300,149.98333358764648,55.528333028157554,53.528334299723305,350
2025-12-20T13:00:00Z London,399.875,150.90833282470703,55.33916727701823,53.4033317565918,350
2025-12-20T14:00:00Z London,300.125,149.5500005086263,55.32999928792318,53.32750097910563,370
2025-12-20T15:00:00Z London,400.125,152.5416692097982,55.419166247049965,53.34000015258789,380
2025-12-20T16:00:00Z London,299.75,153.1583340962728,55.86333306630453,53.74750073750814,380
2025-12-20T17:00:00Z London,400.125,152.16666793823242,56.38250001271566,54.18166700998942,400
2025-12-20T18:00:00Z London,400,151.85833358764648,56.778334299723305,54.651666005452476,380
2025-12-20T19:00:00Z London,400.125,152.18333307902017,56.89166768391927,54.75500011444092,390
2025-12-20T20:00:00Z London,299.75,151.00833384195963,57.144999186197914,54.96416727701823,390
2025-12-20T21:00:00Z London,400.125,151.78333155314127,57.11000061035156,54.98499870300293,390
2025-12-20T22:00:00Z London,400,151.0083325703939,57.19583288828532,54.9975004196167,390
2025-12-20T23:00:00Z London,400.125,151.71666717529297,57.29999923706055,55.06000073750814,390
2025-12-21T00:00:00Z London,399.875,150.84166717529297,57.370832761128746,55.114999771118164,390
2025-12-21T01:00:00Z London,300,150.68333307902017,57.305832862854004,55.18000030517578,370
2025-12-21T02:00:00Z London,400,151.29166793823242,57.250000953674316,55.102500915527344,380
2025-12-21T03:00:00Z London,400.125,151.16666793823242,57.13999938964844,55.02000045776367,380
2025-12-21T04:00:00Z London,299.75,150.29166412353516,56.97999858856201,54.89666620890299,360
2025-12-21T05:00:00Z London,400.125,150.62499872843424,56.99833329518636,54.960832595825195,360
2025-12-21T06:00:00Z London,300.125,149.85833231608072,56.79916604359945,54.742499669392906,360
2025-12-21T07:00:00Z London,399.875,150.71666717529297,56.33333269755045,54.28166707356771,370
2025-12-21T08:00:00Z London,300,150.0083351135254,56.269999504089355,54.225833892822266,360
2025-12-21T09:00:00Z London,400,150.78333282470703,55.92500114440918,54.00500043233236,350
2025-12-21T10:00:00Z London,300,151.25833384195963,55.67666562398275,53.785833994547524,340
2025-12-21T11:00:00Z London,300,151.91666539510092,55.619998931884766,53.71333312988281,350
2025-12-21T12:00:00Z London,300.125,149.35000228881836,55.42916742960612,53.53000132242838,320
2025-12-21T13:00:00Z London,399.875,150.56666819254556,55.44000085194906,53.48500061035156,340
2025-12-21T14:00:00Z London,300,151.99999872843424,55.604166984558105,53.62083435058594,350
2025-12-21T15:00:00Z London,400,151.18333307902017,55.8666664759318,53.88083267211914,370
2025-12-21T16:00:00Z London,300,151.09166717529297,56.48083337148031,54.41000016530355,360
2025-12-21T17:00:00Z London,399.875,150.375,56.548333168029785,54.54083251953125,350
2025-12-21T18:00:00Z London,300.125,149.7583351135254,56.340833028157554,54.41083304087321,350
2025-12-21T19:00:00Z London,300,148.95000076293945,55.91083272298177,54.07500076293945,320
2025-12-21T20:00:00Z London,300,148.97499974568686,55.61083443959554,53.77250003814697,330
2025-12-21T21:00:00Z London,300.125,149.9083340962728,55.619998931884766,53.78083356221517,340
2025-12-21T22:00:00Z London,399.875,149.66666539510092,55.72833442687988,53.82500012715658,330
2025-12-21T23:00:00Z London,300,150.0500005086263,55.76666704813639,53.868332862854004,340
2025-12-22T00:00:00Z London,300.125,146.1999994913737,55.66250069936117,53.74833329518636,340
2025-12-22T01:00:00Z London,299.75,140.24166691303253,55.66333293914795,53.42499955495199,680
2025-12-22T02:00:00Z London,400.125,152.21666717529297,55.87916660308838,53.87916628519694,360
2025-12-22T03:00:00Z London,300.125,152.26666768391928,56.18666617075602,54.17583338419596,360
2025-12-22T04:00:00Z London,399.875,151.44166692097983,56.364999771118164,54.374999046325684,370
2025-12-22T05:00:00Z London,300,151.54166539510092,56.357500076293945,54.32833321889242,370
2025-12-22T06:00:00Z London,400,151.7249984741211,56.21000067392985,54.17916488647461,360
2025-12-22T07:00:00Z London,400.125,153.7583351135254,55.83750057220459,53.516666412353516,540
2025-12-22T08:00:00Z London,500,154.02500025431314,54.82833290100098,52.17916711171468,510
2025-12-22T09:00:00Z London,399.875,153.97499974568686,54.62833309173584,52.11833349863688,480
2025-12-22T10:00:00Z London,399.875,152.68333435058594,54.193333307902016,52.05250072479248,420
2025-12-22T11:00:00Z London,300.125,149.88333384195963,54.16000016530355,51.9399995803833,440
2025-12-22T12:00:00Z London,400.125,148.14166768391928,53.687500635782875,51.858333587646484,330
2025-12-22T13:00:00Z London,299.75,149.81666692097983,53.57249959309896,51.71166706085205,350
2025-12-22T14:00:00Z London,300.125,151.08333206176758,53.78833421071371,51.84166590372721,370
2025-12-22T15:00:00Z London,400.125,150.84166717529297,53.885833422342934,51.71833324432373,400
2025-12-22T16:00:00Z London,299.75,149.37499872843424,54.41333293914795,52.356666564941406,360
2025-12-22T17:00:00Z London,400.125,150.8666674296061,54.90083312988281,52.82166703542074,370
2025-12-22T18:00:00Z London,400,149.71666717529297,55.41916688283285,53.28749974568685,370
2025-12-22T19:00:00Z London,300,148.43333180745444,56.11916637420654,54.01916694641113,370
2025-12-22T20:00:00Z London,399.875,149.39166641235352,56.579999923706055,54.42833455403646,380
2025-12-22T21:00:00Z London,300.125,150.09166971842447,56.984999656677246,54.97166728973389,380
2025-12-22T22:00:00Z London,400.125,150.24166615804037,57.204999923706055,55.265000343322754,350
2025-12-22T23:00:00Z London,299.75,150.05000178019205,57.0016663869222,55.0708335240682,350
2025-12-23T00:00:00Z London,300.125,149.1500015258789,56.91166591644287,55.046665827433266,350
2025-12-23T01:00:00Z London,400.125,149.58333206176758,57.019165992736816,55.135000228881836,350
2025-12-23T02:00:00Z London,299.75,150.4749984741211,57.15749931335449,55.18000030517578,350
2025-12-23T03:00:00Z London,300.125,149.80833053588867,57.32833353678385,55.28833325703939,360
2025-12-23T04:00:00Z London,400.125,149.01666895548502,57.57749938964844,55.51416619618734,370
2025-12-23T05:00:00Z London,399.875,150.43333180745444,58.028334299723305,55.915000915527344,380
2025-12-23T06:00:00Z London,300,149.6499989827474,58.199167251586914,56.04500102996826,380
2025-12-23T07:00:00Z London,500,150.31666819254556,57.1841672261556,54.48333422342936,530
2025-12-23T08:00:00Z London,500,151.40833536783853,55.71999963124593,52.968333880106606,540
2025-12-23T09:00:00Z London,500,151.55833180745444,55.34750016530355,52.39249960581461,560
2025-12-23T10:00:00Z London,500,152.3666648864746,55.61583391825358,52.706665992736816,560
2025-12-23T11:00:00Z London,500,151.43333180745444,55.934999783833824,53.32749970753988,480
2025-12-23T12:00:00Z London,400,151.6583340962728,56.055833180745445,53.431666692097984,480
2025-12-23T13:00:00Z London,400.125,150.81666692097983,55.27166716257731,52.816667238871254,460
2025-12-23T14:00:00Z London,399.875,150.6583340962728,51.5224994023641,49.34416707356771,400
2025-12-23T15:00:00Z London,500,150.75833384195963,48.928333600362144,46.46583398183187,500
2025-12-23T16:00:00Z London,399.875,152.75000381469727,55.732500076293945,53.35583305358887,470
2025-12-23T17:00:00Z London,300.125,150.4750010172526,58.673332850138344,56.52999973297119,410
2025-12-23T18:00:00Z London,300,149.625,60.165833155314125,58.51083246866862,310
2025-12-23T19:00:00Z London,300,150.15000025431314,60.47833251953125,58.87166690826416,310
2025-12-23T20:00:00Z London,300.125,148.55833307902017,60.486666679382324,58.86249987284342,310
2025-12-23T21:00:00Z London,199.875,146.14166768391928,60.620832443237305,58.92916711171468,290
2025-12-23T22:00:00Z London,300.125,145.26666768391928,60.837499936421715,59.26583353678385,300
2025-12-23T23:00:00Z London,299.75,146.75833384195963,60.83833312988281,59.18583424886068,300
2025-12-24T00:00:00Z London,300.125,146.13333384195963,60.98416678110758,59.355000495910645,300
2025-12-24T01:00:00Z London,199.875,144.45833460489908,61.15083281199137,59.4574998219808,300
2025-12-24T02:00:00Z London,300.125,143.68333307902017,61.096666971842446,59.41083304087321,290
2025-12-24T03:00:00Z London,300,143.8249994913737,60.98666572570801,59.25916608174642,290
2025-12-24T04:00:00Z London,300,145.0500005086263,60.97166633605957,59.31916618347168,310
2025-12-24T05:00:00Z London,300.125,143.58333206176758,61.21833419799805,59.44833278656006,340
2025-12-24T06:00:00Z London,299.75,144.70000076293945,61.46250057220459,59.603333155314125,320
2025-12-24T07:00:00Z London,300.125,142.5500005086263,61.82916673024496,59.85333379109701,350
2025-12-24T08:00:00Z London,300,139.98333485921225,61.95499897003174,59.79166762034098,390
2025-12-24T09:00:00Z London,399.875,141.625,61.93750031789144,59.5625,440
2025-12-24T10:00:00Z London,300.125,144.96666717529297,62.22583262125651,60.2516663869222,340
2025-12-24T11:00:00Z London,400.125,144.29999923706055,61.84583314259847,59.92583433787028,340
2025-12-24T12:00:00Z London,299.75,145.59166844685873,61.68833351135254,59.72999954223633,320
2025-12-24T13:00:00Z London,300.125,144.9499994913737,61.880001068115234,59.96500015258789,330
2025-12-24T14:00:00Z London,300,144.95833206176758,61.86749998728434,59.860833485921226,340
2025-12-24T15:00:00Z London,399.875,141.19166692097983,62.10916678110758,60.078334172566734,350
2025-12-24T16:00:00Z London,300.125,144.31666564941406,62.450833002726235,60.36083380381266,360
2025-12-24T17:00:00Z London,300,143.28333155314127,62.59083366394043,60.54500102996826,340
2025-12-24T18:00:00Z London,399.875,134.64999771118164,62.93333339691162,60.75750128428141,360
2025-12-24T19:00:00Z London,300.125,132.93333307902017,63.10499954223633,60.76916662851969,350
2025-12-24T20:00:00Z London,300,133.54999796549478,63.20416577657064,60.94583288828532,360
2025-12-24T21:00:00Z London,399.875,131.7499974568685,63.48750019073486,61.207499504089355,360
2025-12-24T22:00:00Z London,300.125,133.29166666666666,63.44499969482422,61.19250011444092,350
2025-12-24T23:00:00Z London,400.125,133.04166793823242,63.54999923706055,61.277499198913574,360
2025-12-25T00:00:00Z London,299.75,132.1333351135254,63.76000118255615,61.49333349863688,350
2025-12-25T01:00:00Z London,400.125,133.7749989827474,63.92499923706055,61.65500068664551,380
2025-12-25T02:00:00Z London,300.125,132.9416643778483,64.1200008392334,61.777499198913574,380
2025-12-25T03:00:00Z London,399.875,133.8666674296061,64.14749908447266,61.9375,370
2025-12-25T04:00:00Z London,300,134.46666844685873,64.23749923706055,61.929999351501465,370
2025-12-25T05:00:00Z London,400,132.9916674296061,64.19000244140625,61.92499923706055,370
2025-12-25T06:00:00Z London,300,132.6333351135254,64.2233346303304,61.94416586558024,380
2025-12-25T07:00:00Z London,399.875,133.375,64.32916641235352,61.99499988555908,390
2025-12-25T08:00:00Z London,400.125,133.8999989827474,64.29166634877522,61.65083312988281,440
2025-12-25T09:00:00Z London,400,132.5,63.84583377838135,61.06666628519694,440
2025-12-25T10:00:00Z London,300,132.45000076293945,63.788333574930824,61.510833740234375,370
2025-12-25T11:00:00Z London,400,132.43333435058594,63.29333337148031,60.96666685740153,360
2025-12-25T12:00:00Z London,300,131.66666730244955,62.77333386739095,60.55916690826416,350
2025-12-25T13:00:00Z London,300,131.2250010172526,62.64749972025553,60.385833740234375,340
2025-12-25T14:00:00Z London,400,133.17500178019205,62.5224994023641,60.285833994547524,430
2025-12-25T15:00:00Z London,300,131.74166552225748,62.85166708628336,60.55166562398275,360
2025-12-25T16:00:00Z London,400,131.73333358764648,63.079999923706055,60.68166542053223,360
2025-12-25T17:00:00Z London,300,132.3166643778483,63.29583326975504,60.99250062306722,390
2025-12-25T18:00:00Z London,400,132.51666768391928,63.252498626708984,60.966667811075844,350
2025-12-25T19:00:00Z London,300,131.79166730244955,63.36500040690104,61.07166608174642,350
2025-12-25T20:00:00Z London,300,133.85833485921225,63.427499771118164,61.114166259765625,370
2025-12-25T21:00:00Z London,400,132.4916648864746,63.345001220703125,61.10916678110758,360
2025-12-25T22:00:00Z London,300,132.84166971842447,63.375832875569664,61.12083307902018,360
2025-12-25T23:00:00Z London,400,132.30833307902017,63.524167696634926,61.23333263397217,360
2025-12-26T00:00:00Z London,300,132.64166641235352,63.52333323160807,61.259999910990395,350
2025-12-26T01:00:00Z London,400,131.5916665395101,63.551666259765625,61.28916613260905,360
2025-12-26T02:00:00Z London,300,132.75833384195963,63.71250057220459,61.396666526794434,360
2025-12-26T03:00:00Z London,300,132.30833435058594,63.6141668955485,61.38833395640055,350
2025-12-26T04:00:00Z London,400,133.80833180745444,63.44999917348226,61.22499942779541,350
2025-12-26T05:00:00Z London,300,133.17499923706055,63.38249969482422,61.1191660563151,350
2025-12-26T06:00:00Z London,300,131.95000076293945,63.228333155314125,61.03999996185303,350
2025-12-26T07:00:00Z London,400,132.10833295186362,63.10916646321615,60.84166653951009,360
2025-12-26T08:00:00Z London,400,131.90833473205566,62.99083391825358,60.493333180745445,430
2025-12-26T09:00:00Z London,400,131.55000114440918,62.92250029246012,60.198333422342934,440
2025-12-26T10:00:00Z London,300,131.57500203450522,62.714999198913574,60.36500072479248,360
2025-12-26T11:00:00Z London,400,131.76666768391928,62.51499970753988,60.26416492462158,350
2025-12-26T12:00:00Z London,300,130.8999989827474,62.31499989827474,60.014166831970215,350
2025-12-26T13:00:00Z London,300,132.46666971842447,62.09416707356771,59.950001080830894,340
2025-12-26T14:00:00Z London,300,131.35833231608072,62.040000915527344,59.900001525878906,340
2025-12-26T15:00:00Z London,400,131.14166641235352,62.189998944600426,59.91250069936117,350
2025-12-26T16:00:00Z London,300,131.68333435058594,62.31916745503744,60.06749947865804,370
2025-12-26T17:00:00Z London,400,131.7583351135254,62.54833475748698,60.3133331934611,340
2025-12-26T18:00:00Z London,300,131.74166679382324,62.640000661214195,60.40999984741211,350
2025-12-26T19:00:00Z London,300,131.45833269755045,62.6825008392334,60.4491662979126,360
2025-12-26T20:00:00Z London,400,133.1999994913737,62.853334744771324,60.65999984741211,360
2025-12-26T21:00:00Z London,300,131.94166564941406,63.007500648498535,60.78166643778483,350
2025-12-26T22:00:00Z London,300,131.86666615804037,63.01833311716715,60.79499944051107,350
2025-12-26T23:00:00Z London,400,132.51666641235352,63.575833002726235,61.25,370
2025-12-27T00:00:00Z London,400,132.12500127156576,64.14000066121419,61.79333305358887,380
2025-12-27T01:00:00Z London,300,133.02499961853027,64.40166409810384,62.05249945322672,380
2025-12-27T02:00:00Z London,400,132.29166666666666,64.45416450500488,62.15499973297119,370
2025-12-27T03:00:00Z London,300,131.85833231608072,64.60250027974446,62.21500015258789,380
2025-12-27T04:00:00Z London,400,131.64999771118164,64.62083371480306,62.27499930063883,360
2025-12-27T05:00:00Z London,300,133.28333536783853,64.58000183105469,62.23916784922282,370
2025-12-27T06:00:00Z London,400,132.39999516805014,64.67500241597493,62.2591667175293,380
2025-12-27T07:00:00Z London,300,133.0916659037272,64.5199966430664,62.048333168029785,380
2025-12-27T08:00:00Z London,400,133.16666793823242,64.33499813079834,61.988332430521645,380
2025-12-27T09:00:00Z London,300,131.8416659037272,63.83000087738037,61.56333351135254,360
2025-12-27T10:00:00Z London,400,132.14166768391928,62.900833447774254,60.6891663869222,330
2025-12-27T11:00:00Z London,300,130.67499923706055,62.1075013478597,59.94999885559082,330
2025-12-27T12:00:00Z London,300,131.0083325703939,61.385833740234375,59.269165992736816,310
2025-12-27T13:00:00Z London,300,131.84166717529297,60.83833312988281,58.87833213806152,330
2025-12-27T14:00:00Z London,300,131.1750005086263,60.33916727701823,58.33833376566569,310
2025-12-27T15:00:00Z London,300,130.84166717529297,60.47583325703939,58.47916730244955,310
2025-12-27T16:00:00Z London,300,130.1583334604899,60.53916676839193,58.54166603088379,330
2025-12-27T17:00:00Z London,200,132.0250015258789,60.551666577657066,58.639166831970215,300
2025-12-27T18:00:00Z London,300,128.29166730244955,60.434165954589844,58.50249989827474,310
2025-12-27T19:00:00Z London,300,131.31666628519693,60.66333262125651,58.728333473205566,320
2025-12-27T20:00:00Z London,300,130.5749994913737,61.011667251586914,59.05750052134196,310
2025-12-27T21:00:00Z London,300,130.3999989827474,60.95333290100098,59.005001068115234,300
2025-12-27T22:00:00Z London,300,129.81666692097983,60.90333271026611,58.97083346048991,300
2025-12-27T23:00:00Z London,300,130.29999987284342,61.02583440144857,59.04166634877523,320
2025-12-28T00:00:00Z London,300,130.49166679382324,61.21250057220459,59.25749969482422,310
2025-12-28T01:00:00Z London,300,130.57500012715658,61.03416633605957,59.10499954223633,300
2025-12-28T02:00:00Z London,300,131.76666768391928,60.98416678110758,59.00749969482422,310
2025-12-28T03:00:00Z London,300,129.81666628519693,61.014167149861656,59.06916745503744,300
2025-12-28T04:00:00Z London,300,130.62500127156576,61.032501220703125,59.02916622161865,300
2025-12-28T05:00:00Z London,300,129.9916674296061,61.114166259765625,59.140000343322754,300
2025-12-28T06:00:00Z London,200,128.95833460489908,61.16416549682617,59.125,300
2025-12-28T07:00:00Z London,300,130.5583324432373,61.019999186197914,59.05499998728434,320
2025-12-28T08:00:00Z London,400,130.9083334604899,60.92499923706055,58.888333320617676,320
2025-12-28T09:00:00Z London,200,129.80833435058594,60.759999910990395,58.77416706085205,310
2025-12-28T10:00:00Z London,300,130.5250015258789,60.568333307902016,58.56833362579346,300
2025-12-28T11:00:00Z London,300,131.26666768391928,60.43000094095866,58.447499910990395,310
2025-12-28T12:00:00Z London,300,130.08333206176758,60.38916619618734,58.42916742960612,300
2025-12-28T13:00:00Z London,300,130.03333282470703,60.36666615804037,58.39166736602783,320
2025-12-28T14:00:00Z London,300,130.95000012715658,60.34583282470703,58.39916674296061,300
2025-12-28T15:00:00Z London,300,131.0666675567627,60.49916648864746,58.53999996185303,310
2025-12-28T16:00:00Z London,300,131.3833325703939,60.54666646321615,58.59916687011719,310
2025-12-28T17:00:00Z London,300,129.7833340962728,60.55833435058594,58.60999902089437,300
2025-12-28T18:00:00Z London,300,131.14166641235352,60.63333384195963,58.75166702270508,300
2025-12-28T19:00:00Z London,300,131.2583325703939,60.93833192189535,58.94083309173584,310
2025-12-28T20:00:00Z London,300,131.84999910990396,61.18999989827474,59.18999989827474,320
2025-12-28T21:00:00Z London,300,131.98333295186362,61.22666613260905,59.320000330607094,310
2025-12-28T22:00:00Z London,300,130.34999974568686,61.38333257039388,59.40833282470703,300
2025-12-28T23:00:00Z London,300,131.16666666666666,61.65250110626221,59.57249959309896,350
2025-12-29T00:00:00Z London,0,21.63333333345751,61.984165827433266,58.23333326975504,320
2025-12-29T01:00:00Z London,0,0.5666666657974323,56.82833321889242,44.034166971842446,40
2025-12-29T02:00:00Z London,100,1.0999999952812989,55.84583314259847,35.74500020345052,50
2025-12-29T03:00:00Z London,0,1.5250000103066366,53.22166728973389,32.36916653315226,120
2025-12-29T04:00:00Z London,100,2.308333327372869,59.25666650136312,29.045833587646484,120
2025-12-29T05:00:00Z London,100,2.874999980131785,62.07916768391927,34.47833379109701,120
2025-12-29T06:00:00Z London,100,3.0916666785875955,62.936665852864586,36.5508337020874,100
2025-12-29T07:00:00Z London,100,3.041666646798452,62.73333326975504,37.46416632334391,90
2025-12-29T08:00:00Z London,0,2.9916666746139526,62.65750026702881,37.56083297729492,90
2025-12-29T09:00:00Z London,100,3.0166666507720947,62.677499771118164,37.47083377838135,90
2025-12-29T10:00:00Z London,100,3.0166666507720947,62.38249969482422,37.39083321889242,90
2025-12-29T11:00:00Z London,100,2.9250000516573587,62.096666971842446,37.20166619618734,80
2025-12-29T12:00:00Z London,100,2.950000047683716,61.74416637420654,37.1908343633016,90
2025-12-29T13:00:00Z London,100,2.900000055631002,62.28833325703939,37.01250076293945,80
2025-12-29T14:00:00Z London,100,2.891666750113169,62.048333168029785,37.152499516805015,80
2025-12-29T15:00:00Z London,0,2.858333388964335,62.21499983469645,37.12416617075602,80
2025-12-29T16:00:00Z London,100,2.8916667103767395,61.7475004196167,37.12833340962728,90
2025-12-29T17:00:00Z London,100,2.900000055631002,61.360832850138344,37.05083433787028,80
2025-12-29T18:00:00Z London,100,2.8583333094914756,61.09000015258789,37.07249959309896,90
2025-12-29T19:00:00Z London,100,2.8250000278155007,61.208333015441895,36.939998944600426,80
2025-12-29T20:00:00Z London,0,2.8166666428248086,61.56749979654948,36.77833398183187,80
2025-12-29T21:00:00Z London,100,2.8333333333333335,61.53749942779541,37.05999883015951,80
2025-12-29T22:00:00Z London,100,2.8083333174387612,61.98083305358887,36.997499783833824,80
2025-12-29T23:00:00Z London,100,2.8166666626930237,61.6158332824707,37.1899995803833,80
2025-12-30T00:00:00Z London,100,2.799999992052714,61.821666399637856,37.23333326975504,80
2025-12-30T01:00:00Z London,0,2.849999984105428,62.25583362579346,37.40916633605957,80
2025-12-30T02:00:00Z London,100,2.8166666626930237,62.6983331044515,37.53249994913737,80
2025-12-30T03:00:00Z London,100,2.8416666785875955,63.08416716257731,37.58583354949951,80
2025-12-30T04:00:00Z London,100,2.833333353201548,63.61250019073486,37.75999959309896,90
2025-12-30T05:00:00Z London,100,2.900000015894572,63.59083366394043,38.09166622161865,90
2025-12-30T06:00:00Z London,100,2.8166666626930237,63.89166577657064,38.29999923706055,80
2025-12-30T07:00:00Z London,100,2.8500000635782876,64.0574992497762,38.305832862854004,80
2025-12-30T08:00:00Z London,0,2.850000003973643,64.32750066121419,38.32666619618734,90
2025-12-30T09:00:00Z London,100,2.8333333333333335,63.67416636149088,38.2341677347819,80
2025-12-30T10:00:00Z London,100,2.7666666507720947,63.37000052134196,38.109165827433266,80
2025-12-30T11:00:00Z London,100,2.700000007947286,62.56166617075602,37.826666514078774,80
2025-12-30T12:00:00Z London,0,2.5833333333333335,62.02916622161865,37.81999969482422,70
2025-12-30T13:00:00Z London,100,2.600000023841858,61.774999936421715,37.56999905904134,80
2025-12-30T14:00:00Z London,100,2.624999980131785,61.5008331934611,37.47583421071371,80
2025-12-30T15:00:00Z London,100,2.725000003973643,62.22083282470703,37.356666247049965,80
2025-12-30T16:00:00Z London,0,2.624999980131785,62.52000045776367,37.482500076293945,80
2025-12-30T17:00:00Z London,100,2.625,63.03333282470703,37.69333362579346,80
2025-12-30T18:00:00Z London,100,2.7416666746139526,63.29416592915853,37.92833391825358,80
2025-12-30T19:00:00Z London,100,2.7166666785875955,63.74249998728434,38.06166648864746,80
2025-12-30T20:00:00Z London,100,2.724999984105428,64.20000076293945,38.31916586558024,80
2025-12-30T21:00:00Z London,0,2.725000003973643,64.97666613260905,38.52916685740153,90
2025-12-30T22:00:00Z London,100,2.7583333253860474,64.84916559855144,38.72000026702881,90
2025-12-30T23:00:00Z London,100,2.7166666984558105,64.96083323160808,38.84499994913737,90
2025-12-31T00:00:00Z London,100,2.7416666547457376,65.60083325703938,38.84416675567627,90
2025-12-31T01:00:00Z London,100,2.7083333134651184,65.25999959309895,38.84333356221517,90
2025-12-31T02:00:00Z London,100,2.7833333214124045,64.98333422342937,38.87666734059652,90
2025-12-31T03:00:00Z London,0,2.7083333333333335,65.6858336130778,38.90750026702881,80
2025-12-31T04:00:00Z London,100,2.675000011920929,65.4908332824707,38.885833422342934,80
2025-12-31T05:00:00Z London,100,2.675000031789144,65.77500089009602,39.00499979654948,80
2025-12-31T06:00:00Z London,100,2.7583333452542624,65.50166702270508,39.125,90
2025-12-31T07:00:00Z London,100,2.7583333253860474,65.35666592915852,39.18083222707113,90
2025-12-31T08:00:00Z London,100,2.724999984105428,65.58416684468587,39.14833323160807,90
2025-12-31T09:00:00Z London,0,2.6166666746139526,65.37000147501628,39.055833180745445,80
2025-12-31T10:00:00Z London,100,2.6166666746139526,64.89499886830647,39.06333351135254,80
2025-12-31T11:00:00Z London,100,2.550000031789144,65.61333401997884,39.27166620890299,80
2025-12-31T12:00:00Z London,100,2.7583333253860474,64.70500087738037,39.52750015258789,90
2025-12-31T13:00:00Z London,0,2.5666666626930237,64.73749987284343,39.43249988555908,80
2025-12-31T14:00:00Z London,100,2.666666646798452,65.3216667175293,39.34499931335449,90
2025-12-31T15:00:00Z London,100,2.600000003973643,64.75916767120361,39.52750015258789,80
2025-12-31T16:00:00Z London,100,2.5499999721844993,65.06249872843425,39.32500076293945,80
2025-12-31T17:00:00Z London,100,2.6083333492279053,66.00749969482422,39.364999771118164,80
2025-12-31T18:00:00Z London,0,2.674999992052714,65.42666816711426,39.28583272298177,90
2025-12-31T19:00:00Z London,100,2.591666658719381,65.3174991607666,39.2508331934611,90
2025-12-31T20:00:00Z London,100,2.6083333094914756,65.53833198547363,39.20750077565511,80
2025-12-31T21:00:00Z London,100,2.5583332777023315,65.86999893188477,39.22500038146973,80
2025-12-31T22:00:00Z London,100,2.6166666547457376,65.89416567484538,39.31999969482422,80
2025-12-31T23:00:00Z London,0,2.6083332896232605,65.50500106811523,39.58250045776367,90
2026-01-01T00:00:00Z London,100,2.6333333452542624,65.5633316040039,39.59999942779541,80
2026-01-01T01:00:00Z London,100,2.5583333174387612,65.02000045776367,39.73750019073486,80
2026-01-01T02:00:00Z London,100,2.64166667064031,66.10250091552734,39.72500133514404,90
2026-01-01T03:00:00Z London,0,2.7416666746139526,65.75083351135254,39.589999516805015,110
2026-01-01T04:00:00Z London,100,2.5,65.6691665649414,39.54416720072428,80
2026-01-01T05:00:00Z London,100,2.650000015894572,65.62583351135254,39.618334452311196,90
2026-01-01T06:00:00Z London,100,2.4583333333333335,64.94583320617676,39.62833309173584,80
2026-01-01T07:00:00Z London,0,2.5916666785875955,65.72249984741211,39.51166788736979,80
2026-01-01T08:00:00Z London,100,2.466666668653488,65.51333173116048,39.504167238871254,80
2026-01-01T09:00:00Z London,100,2.6583333214124045,65.74416605631511,39.5049991607666,100
2026-01-01T10:00:00Z London,100,2.475000003973643,65.17666753133138,39.584166844685875,80
2026-01-01T11:00:00Z London,0,2.5166666507720947,64.7458324432373,39.381666819254555,70
2026-01-01T12:00:00Z London,100,2.3916667103767395,63.51000054677328,39.247499783833824,70
2026-01-01T13:00:00Z London,100,2.458333363135656,62.762499491373696,38.80249945322672,70
2026-01-01T14:00:00Z London,0,2.4000000059604645,62.6225004196167,38.41749986012777,90
2026-01-01T15:00:00Z London,100,2.4416666825612388,62.90583356221517,38.454166094462074,80
2026-01-01T16:00:00Z London,100,2.3416666289170585,63.02083396911621,38.77166716257731,90
2026-01-01T17:00:00Z London,0,2.3166666626930237,63.06583309173584,38.52416674296061,70
2026-01-01T18:00:00Z London,100,2.36666668454806,63.195000648498535,38.61916700998942,70
2026-01-01T19:00:00Z London,100,2.375000019868215,63.24416573842367,38.78416665395101,70
2026-01-01T20:00:00Z London,0,2.274999996026357,63.94916661580404,38.780832608540855,70
2026-01-01T21:00:00Z London,100,2.200000007947286,64.17833201090495,39.07833290100098,70
2026-01-01T22:00:00Z London,100,2.3833333253860474,64.2575003306071,39.165833473205566,70
2026-01-01T23:00:00Z London,100,2.291666636864344,64.75500106811523,39.19666703542074,70
2026-01-02T00:00:00Z London,0,2.4666666388511658,64.71333281199138,39.60083293914795,80
2026-01-02T01:00:00Z London,100,2.4416666626930237,65.27083269755046,39.514166831970215,80
2026-01-02T02:00:00Z London,100,2.3416666785875955,65.37833340962727,39.49916648864746,80
2026-01-02T03:00:00Z London,0,2.491666634877523,64.93583170572917,39.50500011444092,80
2026-01-02T04:00:00Z London,100,2.4666666785875955,65.17499987284343,39.612500508626304,80
2026-01-02T05:00:00Z London,100,2.483333299557368,65.4341672261556,39.46500015258789,90
2026-01-02T06:00:00Z London,100,2.4916666547457376,65.58499908447266,39.42583306630453,80
2026-01-02T07:00:00Z London,0,2.616666634877523,65.27666664123535,39.30083338419596,100
2026-01-02T08:00:00Z London,100,2.408333351214727,65.06333414713542,39.28249899546305,80
2026-01-02T09:00:00Z London,100,2.4583333333333335,65.26666577657063,39.402500788370766,80
2026-01-02T10:00:00Z London,100,2.474999984105428,64.87249978383382,39.418332735697426,90
2026-01-02T11:00:00Z London,0,2.3666666547457376,65.31499989827473,39.37333297729492,80
2026-01-02T12:00:00Z London,100,2.4249999721844993,64.40166600545247,39.1366662979126,80
2026-01-02T13:00:00Z London,100,2.299999992052714,64.81833330790202,39.423333485921226,70
2026-01-02T14:00:00Z London,0,2.325000007947286,64.95500055948894,39.12333329518636,90
2026-01-02T15:00:00Z London,100,2.4083333214124045,65.50833320617676,39.31749979654948,80
2026-01-02T16:00:00Z London,100,2.4416666428248086,65.22666613260905,39.08750025431315,80
2026-01-02T17:00:00Z London,0,2.283333331346512,65.41416676839192,39.34250005086263,80
2026-01-02T18:00:00Z London,100,2.575000007947286,65.48000017801921,39.1883331934611,100
2026-01-02T19:00:00Z London,100,2.4333333174387612,65.26333300272624,39.346666971842446,80
2026-01-02T20:00:00Z London,100,2.208333303531011,65.90749804178874,39.38416576385498,70
2026-01-02T21:00:00Z London,0,2.3916666507720947,65.53166643778484,39.39166673024496,80
2026-01-02T22:00:00Z London,100,2.3499999940395355,65.38916714986165,39.38666661580404,80
2026-01-02T23:00:00Z London,100,2.591666658719381,65.68916702270508,39.447499910990395,90
2026-01-03T00:00:00Z London,0,2.358333339293798,65.67916615804036,39.360833168029785,80
2026-01-03T01:00:00Z London,100,2.2666666507720947,65.9008337656657,39.37750053405762,80
2026-01-03T02:00:00Z London,100,2.2083333333333335,65.79416720072429,39.45250002543131,70
2026-01-03T03:00:00Z London,0,2.3416666984558105,65.27999877929688,39.47999986012777,90
2026-01-03T04:00:00Z London,100,2.2916666666666665,65.29833221435547,39.210832277933754,80
2026-01-03T05:00:00Z London,100,2.216666658719381,65.896666208903,39.13083267211914,80
2026-01-03T06:00:00Z London,0,2.183333327372869,65.8083324432373,39.19583320617676,70
2026-01-03T07:00:00Z London,100,2.2916666666666665,65.56500053405762,39.2900005976359,90
2026-01-03T08:00:00Z London,100,2.299999992052714,66.13750012715657,39.30416615804037,90
2026-01-03T09:00:00Z London,0,2.466666658719381,65.54249954223633,39.08333365122477,120
2026-01-03T10:00:00Z London,100,2.2500000099341073,65.85750071207683,39.19333299001058,110
2026-01-03T11:00:00Z London,100,2.1166666448116302,65.33333333333333,39.19166628519694,80
2026-01-03T12:00:00Z London,0,2.2166666289170585,65.5649979909261,39.540000915527344,90
2026-01-03T13:00:00Z London,100,1.8500000139077504,65.29916636149089,39.40333366394043,70
2026-01-03T14:00:00Z London,0,2.033333341280619,64.9250005086263,39.39750067392985,80
2026-01-03T15:00:00Z London,100,1.8999999860922496,64.6633342107137,39.134166399637856,70
2026-01-03T16:00:00Z London,100,2.0499999821186066,64.8433329264323,39.402499516805015,70
2026-01-03T17:00:00Z London,0,1.924999992052714,65.56166712443034,39.41666634877523,80
2026-01-03T18:00:00Z London,100,1.9833333194255829,65.39833323160808,39.30416679382324,80
2026-01-03T19:00:00Z London,0,2.1166666448116302,65.48666508992513,39.387499491373696,80
2026-01-03T20:00:00Z London,100,1.9916666845480602,65.84666633605957,39.53166675567627,80
2026-01-03T21:00:00Z London,0,2.041666656732559,65.75666491190593,39.56666692097982,80
2026-01-03T22:00:00Z London,100,2.1333333055178323,66.02750142415364,39.49999968210856,80
2026-01-03T23:00:00Z London,100,2.0083333253860474,65.0033327738444,39.19916693369547,90
2026-01-04T00:00:00Z London,0,2.091666668653488,65.59166781107585,39.32500012715658,90
2026-01-04T01:00:00Z London,100,2.1250000298023224,65.71666812896729,39.42166709899902,90
2026-01-04T02:00:00Z London,0,1.949999988079071,65.9283332824707,39.649999936421715,70
2026-01-04T03:00:00Z London,100,2.0583333373069763,66.24833424886067,39.385833740234375,90
2026-01-04T04:00:00Z London,100,1.9749999543031056,66.290833791097,39.45500055948893,70
2026-01-04T05:00:00Z London,0,2.0083333253860474,66.13750012715657,39.56083329518636,70
2026-01-04T06:00:00Z London,100,2.183333307504654,65.58499972025554,39.419999758402504,90
2026-01-04T07:00:00Z London,0,1.8333333333333333,66.47499974568684,39.5633331934611,70
2026-01-04T08:00:00Z London,100,2.041666656732559,65.71666717529297,39.74333254496256,80
2026-01-04T09:00:00Z London,100,2.1166666547457376,66.25249989827473,39.4291664759318,80
2026-01-04T10:00:00Z London,0,1.850000003973643,66.03583399454753,39.43749968210856,70
2026-01-04T11:00:00Z London,100,1.824999988079071,65.63166681925456,39.48249912261963,80
2026-01-04T12:00:00Z London,0,1.975000003973643,65.84999974568684,39.75249989827474,70
2026-01-04T13:00:00Z London,100,1.7916666467984517,65.05500030517578,39.857500076293945,90
2026-01-04T14:00:00Z London,0,1.824999988079071,65.29000027974446,39.62333393096924,70
2026-01-04T15:00:00Z London,100,1.9333333174387615,64.96499888102214,39.58083279927572,80
2026-01-04T16:00:00Z London,0,1.6666666567325592,65.46666717529297,39.59416707356771,80
2026-01-04T17:00:00Z London,100,1.774999996026357,64.87749989827473,39.649166425069176,70
2026-01-04T18:00:00Z London,0,1.9916666746139526,65.60416730244954,39.452500661214195,80
2026-01-04T19:00:00Z London,100,1.8083333174387615,65.47416496276855,39.656666119893394,60
2026-01-04T20:00:00Z London,0,1.7833333313465118,65.15999984741211,39.49916617075602,60
2026-01-04T21:00:00Z London,100,1.6416666557391484,65.12083307902019,39.58166631062826,70
2026-01-04T22:00:00Z London,0,1.8500000139077504,65.771666208903,39.750832875569664,70
2026-01-04T23:00:00Z London,100,1.8333333134651184,65.06666692097981,39.62749989827474,90
2026-01-05T00:00:00Z London,0,1.9166666865348816,65.37250010172527,39.647500356038414,70
2026-01-05T01:00:00Z London,100,1.925000011920929,65.95583407084148,39.437499364217125,70
2026-01-05T02:00:00Z London,0,2.0083333253860474,65.02166811625163,39.35916646321615,80
2026-01-05T03:00:00Z London,100,2.10833332935969,65.38166681925456,39.208333015441895,90
2026-01-05T04:00:00Z London,0,1.7416666746139526,65.45083491007487,39.1050001780192,70
2026-01-05T05:00:00Z London,100,2.0833333333333335,65.70083363850911,39.044999758402504,80
2026-01-05T06:00:00Z London,0,1.9000000059604645,65.6425011952718,38.995832761128746,70
2026-01-05T07:00:00Z London,100,1.975000003973643,64.94250106811523,38.409166971842446,70
2026-01-05T08:00:00Z London,400,59.59166869521141,58.95249970753988,36.87166690826416,4670
2026-01-05T09:00:00Z London,500,136.17499923706055,45.68083349863688,42.23916753133138,610
2026-01-05T10:00:00Z London,500,134.13333384195963,46.93499914805094,43.764166831970215,500
2026-01-05T11:00:00Z London,500,135.0583356221517,47.38166777292887,44.27333323160807,490
2026-01-05T12:00:00Z London,500,134.56666819254556,47.174166679382324,44.09000047047933,500
2026-01-05T13:00:00Z London,500,136.2166659037272,46.00833384195963,42.75666618347168,520
2026-01-05T14:00:00Z London,500,135.3833325703939,46.26666736602783,43.171667416890465,590
2026-01-05T15:00:00Z London,600,135.80833307902017,48.039999643961586,44.55333264668783,570
2026-01-05T16:00:00Z London,500,134.74999872843424,48.34833240509033,44.824999491373696,550
2026-01-05T17:00:00Z London,600,135.16666412353516,48.27499930063883,44.76583353678385,570
2026-01-05T18:00:00Z London,500,135.09999720255533,50.350000063578285,46.949167251586914,540
2026-01-05T19:00:00Z London,500,135.25833384195963,52.3241662979126,48.824167569478355,560
2026-01-05T20:00:00Z London,600,134.05833435058594,54.04666678110758,50.47833379109701,570
2026-01-05T21:00:00Z London,600,135.20000076293945,55.66333293914795,51.99249998728434,610
2026-01-05T22:00:00Z London,600,137.78333028157553,58.53999932607015,54.70249970753988,630
2026-01-05T23:00:00Z London,600,138.4916648864746,59.548333485921226,55.78749942779541,620
2026-01-06T00:00:00Z London,600,136.77500025431314,59.76166693369547,55.975000063578285,610
2026-01-06T01:00:00Z London,500,138.42500178019205,59.8116668065389,56.04749997456869,610
2026-01-06T02:00:00Z London,600,137.5500005086263,59.6216672261556,55.860833168029785,620
2026-01-06T03:00:00Z London,600,137.76666768391928,59.246665954589844,55.52416674296061,630
2026-01-06T04:00:00Z London,600,137.875,59.017499923706055,55.31833362579346,610
2026-01-06T05:00:00Z London,600,137.80833307902017,58.84166622161865,55.05583349863688,610
2026-01-06T06:00:00Z London,600,137.4000015258789,58.68999926249186,54.95249970753988,610
2026-01-06T07:00:00Z London,500,136.68333435058594,56.63166618347168,53.083333333333336,590
2026-01-06T08:00:00Z London,500,135.4749984741211,51.698334058125816,48.63666661580404,580
2026-01-06T09:00:00Z London,500,135.15000025431314,50.102499643961586,46.85833295186361,530
2026-01-06T10:00:00Z London,500,135.11666615804037,49.37916660308838,46.11916700998942,520
2026-01-06T11:00:00Z London,500,136.17499796549478,48.99666531880697,45.83083248138428,530
2026-01-06T12:00:00Z London,500,136.16666539510092,49.40166727701823,46.218333880106606,520
2026-01-06T13:00:00Z London,500,135.94166564941406,49.86749998728434,46.71000067392985,510
2026-01-06T14:00:00Z London,500,135.19166564941406,50.10749912261963,46.96916707356771,500
2026-01-06T15:00:00Z London,500,136.04999796549478,49.09749984741211,45.755833307902016,560
2026-01-06T16:00:00Z London,500,136.31666564941406,48.71416664123535,45.289167404174805,560
2026-01-06T17:00:00Z London,600,135.8416659037272,48.54750029246012,45.045000076293945,570
2026-01-06T18:00:00Z London,500,135.0749994913737,49.394167264302574,45.98166751861572,560
2026-01-06T19:00:00Z London,600,135.43333435058594,51.11916700998942,47.48083305358887,610
2026-01-06T20:00:00Z London,600,137.0500005086263,54.46333408355713,50.63000075022379,640
2026-01-06T21:00:00Z London,600,136.4083340962728,58.3550001780192,54.489999771118164,620
2026-01-06T22:00:00Z London,500,135.85833231608072,61.4516658782959,57.89750003814697,600
2026-01-06T23:00:00Z London,600,136.7250010172526,61.34333356221517,57.875832875569664,570
2026-01-07T00:00:00Z London,500,136.35000228881836,61.25583299001058,57.826667149861656,570
2026-01-07T01:00:00Z London,500,137.54999923706055,61.42499923706055,57.97749996185303,580
2026-01-07T02:00:00Z London,600,137.58333333333334,61.43916702270508,58.01500002543131,550
2026-01-07T03:00:00Z London,500,136.84999974568686,61.26833311716715,57.91166591644287,550
2026-01-07T04:00:00Z London,500,136.71666717529297,61.27916622161865,57.84666633605957,560
2026-01-07T05:00:00Z London,600,136.6333325703939,61.75249989827474,58.250000635782875,590
2026-01-07T06:00:00Z London,500,139.60000228881836,61.364166259765625,57.92916615804037,590
2026-01-07T07:00:00Z London,500,137.50000127156576,57.66666634877523,54.42000039418539,550
2026-01-07T08:00:00Z London,600,135.68333435058594,52.315834045410156,49.130833307902016,550
2026-01-07T09:00:00Z London,500,135.02500025431314,49.928333600362144,46.57249927520752,560
2026-01-07T10:00:00Z London,500,135.2416648864746,49.79999923706055,46.32499980926514,560
2026-01-07T11:00:00Z London,500,136.06666692097983,49.597500801086426,46.27000045776367,580
2026-01-07T12:00:00Z London,600,136.91666666666666,51.625,48.15583356221517,560
2026-01-07T13:00:00Z London,500,137.50833384195963,51.982500076293945,49.282501220703125,570
2026-01-07T14:00:00Z London,500,137.3999989827474,53.19999980926514,49.79249954223633,570
2026-01-07T15:00:00Z London,500,137.54999923706055,53.687500953674316,50.3174991607666,560
2026-01-07T16:00:00Z London,600,137.88333384195963,53.60249996185303,50.17499923706055,580
2026-01-07T17:00:00Z London,500,138.3083356221517,53.1899995803833,49.69749927520752,600
2026-01-07T18:00:00Z London,600,138.4666659037272,53.78750038146973,50.28500016530355,590
2026-01-07T19:00:00Z London,600,138.35833358764648,55.41499996185303,51.58500099182129,670
2026-01-07T20:00:00Z London,600,150.29999923706055,58.47999954223633,54.86999988555908,630
2026-01-07T21:00:00Z London,600,150.80833307902017,60.670000076293945,57.35749912261963,630
2026-01-07T22:00:00Z London,500,148.89166641235352,61.489999771118164,58.364999771118164,560
2026-01-07T23:00:00Z London,500,148.66666666666666,61.21999931335449,58.16749954223633,560
2026-01-08T00:00:00Z London,500,149.54999923706055,61.540000915527344,58.454999923706055,570
2026-01-08T01:00:00Z London,500,152.38333384195963,61.2524995803833,58.28083292643229,550
2026-01-08T02:00:00Z London,600,149.23333104451498,61.31666692097982,58.318333307902016,580
2026-01-08T03:00:00Z London,500,148.34999974568686,61.54000027974447,58.45916716257731,580
2026-01-08T04:00:00Z London,500,148.61666615804037,61.439998626708984,58.44416745503744,550
2026-01-08T05:00:00Z London,500,149.15000025431314,61.4966656366984,58.44583384195963,580
2026-01-08T06:00:00Z London,500,149.49166615804037,61.34916718800863,58.37916564941406,550
2026-01-08T07:00:00Z London,500,144.63333129882812,57.56166648864746,54.48416709899902,560
2026-01-08T08:00:00Z London,500,143.19166692097983,52.83916632334391,49.63999970753988,550
2026-01-08T09:00:00Z London,600,140.62500127156576,51.77416578928629,48.381666819254555,560
2026-01-08T10:00:00Z London,500,146.59166717529297,51.150833447774254,47.99000040690104,560
2026-01-08T11:00:00Z London,500,150.69166946411133,52.0799986521403,49.048333168029785,550
2026-01-08T12:00:00Z London,600,151.30833180745444,51.96416664123535,48.93583329518636,560
2026-01-08T13:00:00Z London,500,151.51666641235352,52.25916703542074,49.20583311716715,560
2026-01-08T14:00:00Z London,500,153.12500127156576,52.75666618347168,49.769999504089355,550
2026-01-08T15:00:00Z London,500,153.7166659037272,53.119166692097984,50.172499338785805,550
2026-01-08T16:00:00Z London,600,153.8833325703939,53.40500036875407,50.43083381652832,540
2026-01-08T17:00:00Z London,500,152.23333485921225,52.65583292643229,49.60249996185303,580
2026-01-08T18:00:00Z London,500,149.92499923706055,50.74000072479248,47.93250052134196,500
2026-01-08T19:00:00Z London,500,148.9666659037272,49.443333307902016,46.58333365122477,520
2026-01-08T20:00:00Z London,500,153.53333282470703,51.164999643961586,48.22583293914795,530
2026-01-08T21:00:00Z London,500,153.81666819254556,55.08666706085205,52.06083329518636,560
2026-01-08T22:00:00Z London,500,152.98333231608072,61.41166687011719,58.6883331934611,530
2026-01-08T23:00:00Z London,400,152.76666768391928,61.78333314259847,59.26916694641113,460
2026-01-09T00:00:00Z London,500,153.60833358764648,61.72999986012777,59.210000356038414,470
2026-01-09T01:00:00Z London,400,153.70833460489908,61.58916632334391,58.99833234151205,480
2026-01-09T02:00:00Z London,500,153.62499872843424,61.50999959309896,58.78916613260905,500
2026-01-09T03:00:00Z London,500,153.7250010172526,61.4624989827474,58.7491668065389,520
2026-01-09T04:00:00Z London,400,151.86666361490884,60.22166665395101,57.47416623433431,500
2026-01-09T05:00:00Z London,500,149.3999989827474,57.30583349863688,54.60999870300293,500
2026-01-09T06:00:00Z London,500,151.81666819254556,55.261667251586914,52.51083278656006,510
2026-01-09T07:00:00Z London,500,148.25,51.554999669392906,48.763333002726235,490
2026-01-09T08:00:00Z London,400,137.3416659037272,46.670000076293945,43.65749963124593,510
2026-01-09T09:00:00Z London,500,136.5500005086263,43.52333354949951,40.57333278656006,470
2026-01-09T10:00:00Z London,400,135.8416659037272,42.713333447774254,39.94166787465414,450
2026-01-09T11:00:00Z London,400,138.20833333333334,41.53333282470703,38.94500001271566,440
2026-01-09T12:00:00Z London,500,137.9750010172526,41.76250139872233,39.07333246866862,440
2026-01-09T13:00:00Z London,400,137.50833384195963,41.74583371480306,39.04999923706055,440
2026-01-09T14:00:00Z London,400,138.09999974568686,41.70416704813639,39.02083174387614,440
2026-01-09T15:00:00Z London,500,138.1000010172526,41.714999198913574,39.020833015441895,450
2026-01-09T16:00:00Z London,400,138.18333435058594,41.54249954223633,38.78583367665609,450
2026-01-09T17:00:00Z London,400,138.5749994913737,41.922499656677246,39.16500027974447,450
2026-01-09T18:00:00Z London,500,137.3000005086263,42.32083288828532,39.53916645050049,450
2026-01-09T19:00:00Z London,500,138.84166844685873,44.047499656677246,40.97999986012777,520
2026-01-09T20:00:00Z London,500,137.9750010172526,46.929999669392906,43.66250069936117,530
2026-01-09T21:00:00Z London,500,138.20833206176758,50.33500003814697,47.06749979654948,540
2026-01-09T22:00:00Z London,600,144.20000076293945,55.36250019073486,51.94083340962728,580
2026-01-09T23:00:00Z London,500,150.12499872843424,57.826666831970215,54.892499923706055,560
2026-01-10T00:00:00Z London,500,150.51666641235352,57.85749912261963,54.8041664759318,540
2026-01-10T01:00:00Z London,600,150.34166717529297,58.92583401997884,55.74916617075602,560
2026-01-10T02:00:00Z London,500,148.81666819254556,59.389166514078774,56.24750010172526,550
2026-01-10T03:00:00Z London,500,148.50833002726236,58.38583278656006,55.40250047047933,530
2026-01-10T04:00:00Z London,500,146.4250005086263,58.15749994913737,54.94749959309896,550
2026-01-10T05:00:00Z London,500,148.95833333333334,58.21749973297119,55.13083299001058,550
2026-01-10T06:00:00Z London,500,145.1166648864746,57.676665941874184,54.53416728973389,540
2026-01-10T07:00:00Z London,500,146.01666641235352,55.27916590372721,52.389166514078774,510
2026-01-10T08:00:00Z London,500,143.68333307902017,53.19500001271566,50.20916589101156,500
2026-01-10T09:00:00Z London,500,140.9750010172526,52.21249961853027,49.20750013987223,510
2026-01-10T10:00:00Z London,500,135.59999974568686,51.45249938964844,48.308332761128746,500
2026-01-10T11:00:00Z London,500,140.64166514078775,51.97249984741211,48.842501640319824,510
2026-01-10T12:00:00Z London,500,146.94166692097983,52.20749886830648,49.269167264302574,500
2026-01-10T13:00:00Z London,400,148.64999771118164,52.01250044504801,49.26666704813639,480
2026-01-10T14:00:00Z London,500,146.80833435058594,51.69083309173584,48.86999924977621,480
2026-01-10T15:00:00Z London,500,149.69166564941406,51.88999938964844,49.05666637420654,480
2026-01-10T16:00:00Z London,500,149.81666564941406,52.059165954589844,49.30750052134196,490
2026-01-10T17:00:00Z London,500,150.40833282470703,52.44583384195963,49.61916637420654,520
2026-01-10T18:00:00Z London,500,151.3750025431315,55.42750040690104,52.38166618347168,550
2026-01-10T19:00:00Z London,500,152.9999974568685,57.63416608174642,54.64166673024496,560
2026-01-10T20:00:00Z London,500,148.95833460489908,56.09250005086263,53.1983331044515,560
2026-01-10T21:00:00Z London,500,151.6499989827474,56.59916559855143,53.54166603088379,570
2026-01-10T22:00:00Z London,600,151.48333358764648,57.635833422342934,54.51583353678385,550
2026-01-10T23:00:00Z London,500,148.21666717529297,57.447500228881836,54.26416746775309,580
2026-01-11T00:00:00Z London,500,150.18333307902017,56.77583281199137,53.69666608174642,570
2026-01-11T01:00:00Z London,600,152.46666844685873,57.30749988555908,54.22749996185303,590
2026-01-11T02:00:00Z London,500,151.77500025431314,57.420833587646484,54.29250144958496,570
2026-01-11T03:00:00Z London,500,152.50000127156576,57.06833299001058,54.06999969482422,550
2026-01-11T04:00:00Z London,600,153.1166674296061,56.96916643778483,53.906666119893394,560
2026-01-11T05:00:00Z London,500,153.1750005086263,56.95499960581461,53.97916634877523,550
2026-01-11T06:00:00Z London,500,152.9250005086263,57.11166572570801,54.13499927520752,580
2026-01-11T07:00:00Z London,500,151.05833307902017,56.34333292643229,53.479166666666664,520
2026-01-11T08:00:00Z London,500,149.8249994913737,56.40333366394043,53.48999913533529,520
2026-01-11T09:00:00Z London,500,152.0249989827474,56.80416679382324,53.893333435058594,540
2026-01-11T10:00:00Z London,500,152.68333307902017,57.548333485921226,54.66499996185303,520
2026-01-11T11:00:00Z London,500,152.4916674296061,58.322500228881836,55.520833333333336,530
2026-01-11T12:00:00Z London,500,153.89166514078775,58.96916707356771,56.229166666666664,540
2026-01-11T13:00:00Z London,500,153.43333435058594,60.38000011444092,57.69916661580404,510
2026-01-11T14:00:00Z London,400,152.91666666666666,60.91499996185303,58.263333320617676,500
2026-01-11T15:00:00Z London,500,151.15833282470703,61.19583384195963,58.572500228881836,500
2026-01-11T16:00:00Z London,400,153.91666539510092,61.28666687011719,58.649166425069176,500
2026-01-11T17:00:00Z London,500,154.23333358764648,61.136667251586914,58.58916664123535,500
2026-01-11T18:00:00Z London,400,153.06666819254556,61.224166552225746,58.58916727701823,500
2026-01-11T19:00:00Z London,400,151.39166641235352,60.923332850138344,58.48833306630453,460
2026-01-11T20:00:00Z London,500,151.37500127156576,60.38000011444092,58.00583299001058,450
2026-01-11T21:00:00Z London,400,152.94166819254556,59.71999994913737,57.38416703542074,430
2026-01-11T22:00:00Z London,400,152.24166615804037,59.589999516805015,57.2991673151652,420
2026-01-11T23:00:00Z London,300,150.73333358764648,59.446666399637856,57.24499924977621,400
