Timestamp,Central House Luft WS10 OAT
2026-01-01T00:00:00Z London,-1.6916666527589161
2026-01-01T01:00:00Z London,-1.0916666686534882
2026-01-01T02:00:00Z London,-0.7000000029802322
2026-01-01T03:00:00Z London,-0.6833333422740301
2026-01-01T04:00:00Z London,-0.32500000670552254
2026-01-01T05:00:00Z London,-0.2083333364377419
2026-01-01T06:00:00Z London,-0.058333334202567734
2026-01-01T07:00:00Z London,-0.5750000104308128
2026-01-01T08:00:00Z London,-0.6250000024835268
2026-01-01T09:00:00Z London,-0.43333333854873973
2026-01-01T10:00:00Z London,-0.05000000074505806
2026-01-01T11:00:00Z London,0.9083333338300387
2026-01-01T12:00:00Z London,1.9250000019868214
2026-01-01T13:00:00Z London,2.5666666428248086
2026-01-01T14:00:00Z London,2.2916666865348816
2026-01-01T15:00:00Z London,2.875
2026-01-01T16:00:00Z London,3.066666622956594
2026-01-01T17:00:00Z London,3.0916666984558105
2026-01-01T18:00:00Z London,3.158333341280619
2026-01-01T19:00:00Z London,2.2083333134651184
2026-01-01T20:00:00Z London,1.5333333412806194
2026-01-01T21:00:00Z London,1.3083333373069763
2026-01-01T22:00:00Z London,1.2166666785875957
2026-01-01T23:00:00Z London,0.8666666646798452
2026-01-02T00:00:00Z London,0.950000007947286
2026-01-02T01:00:00Z London,0.6083333368102709
2026-01-02T02:00:00Z London,0.45000000298023224
2026-01-02T03:00:00Z London,0.7416666770974795
2026-01-02T04:00:00Z London,0.5333333406597376
2026-01-02T05:00:00Z London,-0.4083333338300387
2026-01-02T06:00:00Z London,-0.3666666733721892
2026-01-02T07:00:00Z London,-0.5500000144044558
2026-01-02T08:00:00Z London,-0.8333333333333334
2026-01-02T09:00:00Z London,-0.9666666636864344
2026-01-02T10:00:00Z London,-0.516666671882073
2026-01-02T11:00:00Z London,0.30833333420256775
2026-01-02T12:00:00Z London,0.8916666681567827
2026-01-02T13:00:00Z London,1.2250000089406967
2026-01-02T14:00:00Z London,0.9833333442608515
2026-01-02T15:00:00Z London,0.5166666693985462
2026-01-02T16:00:00Z London,0.10000000335276127
2026-01-02T17:00:00Z London,-0.38333334028720856
2026-01-02T18:00:00Z London,-0.6083333368102709
2026-01-02T19:00:00Z London,-0.8916666656732559
2026-01-02T20:00:00Z London,-1.150000015894572
2026-01-02T21:00:00Z London,-1.3666666547457378
2026-01-02T22:00:00Z London,-1.325000007947286
2026-01-02T23:00:00Z London,-1.3833333154519398
2026-01-03T00:00:00Z London,-1.4416666825612385
2026-01-03T01:00:00Z London,-1.5833333333333333
2026-01-03T02:00:00Z London,-2.2416666746139526
2026-01-03T03:00:00Z London,-1.7416666746139526
2026-01-03T04:00:00Z London,-1.6666667064030964
2026-01-03T05:00:00Z London,-1.7666666805744171
2026-01-03T06:00:00Z London,-2.1499999860922494
2026-01-03T07:00:00Z London,-2.1999999781449637
2026-01-03T08:00:00Z London,-2.6833333373069763
2026-01-03T09:00:00Z London,-2.566666622956594
2026-01-03T10:00:00Z London,-1.7666666607062023
2026-01-03T11:00:00Z London,-0.8750000074505806
2026-01-03T12:00:00Z London,0.4833333312223355
2026-01-03T13:00:00Z London,1.2083333482344945
2026-01-03T14:00:00Z London,1.1166666845480602
2026-01-03T15:00:00Z London,0.8166666602094969
2026-01-03T16:00:00Z London,0.2583333371828
2026-01-03T17:00:00Z London,-0.5833333389212688
2026-01-03T18:00:00Z London,-1.0250000059604645
2026-01-03T19:00:00Z London,-1.7083333035310109
2026-01-03T20:00:00Z London,-2.091666648785273
2026-01-03T21:00:00Z London,-2.1833333571751914
2026-01-03T22:00:00Z London,-2.4083333015441895
2026-01-03T23:00:00Z London,-3.10833332935969
2026-01-04T00:00:00Z London,-3.3916666905085244
2026-01-04T01:00:00Z London,-3.3166666626930237
2026-01-04T02:00:00Z London,-3.3583333492279053
2026-01-04T03:00:00Z London,-3.7583333055178323
2026-01-04T04:00:00Z London,-4.141666571299235
2026-01-04T05:00:00Z London,-4.208333174387614
2026-01-04T06:00:00Z London,-4.199999849001567
2026-01-04T07:00:00Z London,-4.2166666984558105
2026-01-04T08:00:00Z London,-4.291666626930237
2026-01-04T09:00:00Z London,-4.125000019868215
2026-01-04T10:00:00Z London,-3.300000011920929
2026-01-04T11:00:00Z London,-1.4666666736205418
2026-01-04T12:00:00Z London,-0.24166667150954405
2026-01-04T13:00:00Z London,0.4916666715095441
2026-01-04T14:00:00Z London,0.5416666766007742
2026-01-04T15:00:00Z London,0.46666667113701504
2026-01-04T16:00:00Z London,0.633333332836628
2026-01-04T17:00:00Z London,0.6666666766007742
2026-01-04T18:00:00Z London,0.4916666770974795
2026-01-04T19:00:00Z London,0.23333333867291609
2026-01-04T20:00:00Z London,-0.19166667076448599
2026-01-04T21:00:00Z London,-0.4999999975164731
2026-01-04T22:00:00Z London,-0.850000003973643
2026-01-04T23:00:00Z London,-1.166666676600774
2026-01-05T00:00:00Z London,-1.5916666686534882
2026-01-05T01:00:00Z London,-1.8666666348775227
2026-01-05T02:00:00Z London,-2.349999964237213
2026-01-05T03:00:00Z London,-2.3166666428248086
2026-01-05T04:00:00Z London,-2.158333341280619
2026-01-05T05:00:00Z London,-2.3083333373069763
2026-01-05T06:00:00Z London,-1.9749999642372131
2026-01-05T07:00:00Z London,-2.391666660706202
2026-01-05T08:00:00Z London,-3.200000007947286
2026-01-05T09:00:00Z London,-3.5666667024294534
2026-01-05T10:00:00Z London,-3.1333333253860474
2026-01-05T11:00:00Z London,-2.1666666865348816
2026-01-05T12:00:00Z London,-0.4916666702677806
2026-01-05T13:00:00Z London,-0.11666666964689891
2026-01-05T14:00:00Z London,0.3499999977648258
2026-01-05T15:00:00Z London,0.433333333581686
2026-01-05T16:00:00Z London,-0.43333333792785805
2026-01-05T17:00:00Z London,-1.4999999900658925
2026-01-05T18:00:00Z London,-2.2416666547457376
2026-01-05T19:00:00Z London,-2.3166666527589164
2026-01-05T20:00:00Z London,-2.4583333233992257
2026-01-05T21:00:00Z London,-2.6833333571751914
2026-01-05T22:00:00Z London,-2.991666634877523
2026-01-05T23:00:00Z London,-3.200000007947286
2026-01-06T00:00:00Z London,-3.883333384990692
2026-01-06T01:00:00Z London,-3.925000011920929
2026-01-06T02:00:00Z London,-4.01666663090388
2026-01-06T03:00:00Z London,-4.016666650772095
2026-01-06T04:00:00Z London,-4.625000079472859
2026-01-06T05:00:00Z London,-4.558333317438762
2026-01-06T06:00:00Z London,-4.37500003973643
2026-01-06T07:00:00Z London,-4.241666674613953
2026-01-06T08:00:00Z London,-4.316666603088379
2026-01-06T09:00:00Z London,-4.191666702429454
2026-01-06T10:00:00Z London,-3.6749999721844993
2026-01-06T11:00:00Z London,-2.2916666666666665
2026-01-06T12:00:00Z London,-1.9166666368643444
2026-01-06T13:00:00Z London,-1.333333323399226
2026-01-06T14:00:00Z London,-0.5666666701436043
2026-01-06T15:00:00Z London,-0.03333333569268385
2026-01-06T16:00:00Z London,0.8916666756073633
2026-01-06T17:00:00Z London,1.1250000198682149
2026-01-06T18:00:00Z London,1.4249999821186066
2026-01-06T19:00:00Z London,1.674999992052714
2026-01-06T20:00:00Z London,1.9666666388511658
2026-01-06T21:00:00Z London,1.9916666348775227
2026-01-06T22:00:00Z London,1.8666666348775227
2026-01-06T23:00:00Z London,2.0916666189829507
2026-01-07T00:00:00Z London,2.150000015894572
2026-01-07T01:00:00Z London,1.9916666249434154
2026-01-07T02:00:00Z London,2.400000015894572
2026-01-07T03:00:00Z London,2.4833333690961203
2026-01-07T04:00:00Z London,2.024999956289927
2026-01-07T05:00:00Z London,1.5666666726271312
2026-01-07T06:00:00Z London,1.2083333333333333
2026-01-07T07:00:00Z London,0.8416666686534882
2026-01-07T08:00:00Z London,0.6166666795810064
2026-01-07T09:00:00Z London,0.8250000029802322
2026-01-07T10:00:00Z London,1.3416666785875957
2026-01-07T11:00:00Z London,2.3666666746139526
2026-01-07T12:00:00Z London,3.125
2026-01-07T13:00:00Z London,3.1666666865348816
2026-01-07T14:00:00Z London,3.0666666825612388
2026-01-07T15:00:00Z London,3.1833333571751914
2026-01-07T16:00:00Z London,2.9666666388511658
2026-01-07T17:00:00Z London,2.950000047683716
2026-01-07T18:00:00Z London,2.783333341280619
2026-01-07T19:00:00Z London,2.041666636864344
2026-01-07T20:00:00Z London,1.6833333373069763
2026-01-07T21:00:00Z London,1.6333333452542622
2026-01-07T22:00:00Z London,1.7333333293596904
2026-01-07T23:00:00Z London,2.0499999821186066
2026-01-08T00:00:00Z London,1.8333333333333333
2026-01-08T01:00:00Z London,2.2749999860922494
2026-01-08T02:00:00Z London,2.5833333134651184
2026-01-08T03:00:00Z London,2.23333332935969
2026-01-08T04:00:00Z London,2.3916666408379874
2026-01-08T05:00:00Z London,2.774999976158142
2026-01-08T06:00:00Z London,2.625
2026-01-08T07:00:00Z London,2.224999984105428
2026-01-08T08:00:00Z London,2.2333333492279053
2026-01-08T09:00:00Z London,2.108333339293798
2026-01-08T10:00:00Z London,2.2999999721844993
2026-01-08T11:00:00Z London,2.208333283662796
2026-01-08T12:00:00Z London,3.4666666388511658
2026-01-08T13:00:00Z London,3.73333332935969
2026-01-08T14:00:00Z London,3.3166666626930237
2026-01-08T15:00:00Z London,2.6583333214124045
2026-01-08T16:00:00Z London,2.3916666507720947
2026-01-08T17:00:00Z London,1.7416666448116302
2026-01-08T18:00:00Z London,0.7333333343267441
2026-01-08T19:00:00Z London,1.0916666736205418
2026-01-08T20:00:00Z London,2.141666680574417
2026-01-08T21:00:00Z London,3.466666658719381
2026-01-08T22:00:00Z London,4.1083332896232605
2026-01-08T23:00:00Z London,4.650000015894572
2026-01-09T00:00:00Z London,4.458333373069763
2026-01-09T01:00:00Z London,4.300000150998433
2026-01-09T02:00:00Z London,4.1166666348775225
2026-01-09T03:00:00Z London,3.249999980131785
2026-01-09T04:00:00Z London,1.7666666607062023
2026-01-09T05:00:00Z London,0.5083333378036817
2026-01-09T06:00:00Z London,0.5583333422740301
2026-01-09T07:00:00Z London,0.7416666646798452
2026-01-09T08:00:00Z London,0.8916666507720947
2026-01-09T09:00:00Z London,1.1333333452542622
2026-01-09T10:00:00Z London,1.5166666507720947
2026-01-09T11:00:00Z London,2.024999996026357
2026-01-09T12:00:00Z London,1.9499999582767487
2026-01-09T13:00:00Z London,2.149999956289927
2026-01-09T14:00:00Z London,2.3583333690961203
2026-01-09T15:00:00Z London,2.299999992052714
2026-01-09T16:00:00Z London,2.4083333611488342
2026-01-09T17:00:00Z London,2.574999968210856
2026-01-09T18:00:00Z London,2.466666658719381
2026-01-09T19:00:00Z London,2.4166667064030967
2026-01-09T20:00:00Z London,2.1916666428248086
2026-01-09T21:00:00Z London,2.058333307504654
2026-01-09T22:00:00Z London,1.8166666626930237
2026-01-09T23:00:00Z London,1.3166666726271312
2026-01-10T00:00:00Z London,0.9416666775941849
2026-01-10T01:00:00Z London,0.4166666716337204
2026-01-10T02:00:00Z London,0.49166667088866234
2026-01-10T03:00:00Z London,-0.09166666927436988
2026-01-10T04:00:00Z London,-0.15000000347693762
2026-01-10T05:00:00Z London,-0.07500000173846881
2026-01-10T06:00:00Z London,-0.3666666715095441
2026-01-10T07:00:00Z London,-0.38333333904544514
2026-01-10T08:00:00Z London,-0.3333333407839139
2026-01-10T09:00:00Z London,-0.20000000422199568
2026-01-10T10:00:00Z London,0.24166667088866234
2026-01-10T11:00:00Z London,0.5583333373069763
2026-01-10T12:00:00Z London,0.9333333522081375
2026-01-10T13:00:00Z London,1.550000011920929
2026-01-10T14:00:00Z London,1.8749999900658925
2026-01-10T15:00:00Z London,2.0999999741713204
2026-01-10T16:00:00Z London,2.5416666666666665
2026-01-10T17:00:00Z London,2.400000015894572
2026-01-10T18:00:00Z London,1.5916666587193806
2026-01-10T19:00:00Z London,1.2166666686534882
2026-01-10T20:00:00Z London,1.1500000109275181
2026-01-10T21:00:00Z London,0.04166666604578495
2026-01-10T22:00:00Z London,-0.5166666706403097
2026-01-10T23:00:00Z London,-1.8999999860922496
2026-01-11T00:00:00Z London,-0.8750000099341074
2026-01-11T01:00:00Z London,-0.6500000084439913
2026-01-11T02:00:00Z London,-0.7833333363135656
2026-01-11T03:00:00Z London,-0.725000003973643
2026-01-11T04:00:00Z London,-0.8083333298563957
2026-01-11T05:00:00Z London,-0.2416666733721892
2026-01-11T06:00:00Z London,0.2833333406597376
2026-01-11T07:00:00Z London,1.0499999970197678
2026-01-11T08:00:00Z London,1.850000003973643
2026-01-11T09:00:00Z London,2.300000011920929
2026-01-11T10:00:00Z London,2.8333332935969033
2026-01-11T11:00:00Z London,3.7666667103767395
2026-01-11T12:00:00Z London,4.28333334128062
2026-01-11T13:00:00Z London,4.666666626930237
2026-01-11T14:00:00Z London,5.041666626930237
2026-01-11T15:00:00Z London,4.674999952316284
2026-01-11T16:00:00Z London,5
2026-01-11T17:00:00Z London,5.325000047683716
2026-01-11T18:00:00Z London,5.450000047683716
2026-01-11T19:00:00Z London,5.316666682561238
2026-01-11T20:00:00Z London,5.491666674613953
2026-01-11T21:00:00Z London,5.833333333333333
2026-01-11T22:00:00Z London,6.308333357175191
2026-01-11T23:00:00Z London,6.9083333015441895
2026-01-12T00:00:00Z London,7.800000071525574
2026-01-12T01:00:00Z London,8.291666587193808
2026-01-12T02:00:00Z London,8.108333508173624
2026-01-12T03:00:00Z London,7.791666666666667
2026-01-12T04:00:00Z London,7.766666611035665
2026-01-12T05:00:00Z London,7.733333309491475
2026-01-12T06:00:00Z London,8.041666746139526
2026-01-12T07:00:00Z London,8.324999968210856
2026-01-12T08:00:00Z London,8.325000047683716
2026-01-12T09:00:00Z London,8.016666730244955
2026-01-12T10:00:00Z London,8.100000143051147
2026-01-12T11:00:00Z London,8.441666762034098
2026-01-12T12:00:00Z London,8.425000031789144
2026-01-12T13:00:00Z London,8.62500007947286
2026-01-12T14:00:00Z London,8.741666634877523
2026-01-12T15:00:00Z London,8.80833331743876
2026-01-12T16:00:00Z London,8.87499992052714
2026-01-12T17:00:00Z London,8.899999618530273
2026-01-12T18:00:00Z London,8.78333322207133
2026-01-12T19:00:00Z London,8.449999809265137
2026-01-12T20:00:00Z London,8.308333237965902
2026-01-12T21:00:00Z London,7.933333436648051
2026-01-12T22:00:00Z London,7.783333460489909
2026-01-12T23:00:00Z London,7.733333349227905
2026-01-13T00:00:00Z London,7.65833334128062
2026-01-13T01:00:00Z London,7.524999976158142
2026-01-13T02:00:00Z London,7.508333325386047
2026-01-13T03:00:00Z London,7.75
2026-01-13T04:00:00Z London,7.991666754086812
2026-01-13T05:00:00Z London,7.858333468437195
2026-01-13T06:00:00Z London,8.016666849454245
2026-01-13T07:00:00Z London,8.066666762034098
2026-01-13T08:00:00Z London,8.008333365122477
2026-01-13T09:00:00Z London,8.275000015894571
2026-01-13T10:00:00Z London,8.183333396911621
2026-01-13T11:00:00Z London,8.274999856948853
2026-01-13T12:00:00Z London,8.308333158493042
2026-01-13T13:00:00Z London,8.341666658719381
2026-01-13T14:00:00Z London,8.041666746139526
2026-01-13T15:00:00Z London,8.583333333333334
2026-01-13T16:00:00Z London,8.641666571299234
2026-01-13T17:00:00Z London,8.383333047231039
2026-01-13T18:00:00Z London,7.991666754086812
2026-01-13T19:00:00Z London,7.675000071525574
2026-01-13T20:00:00Z London,6.433333357175191
2026-01-13T21:00:00Z London,6.074999968210856
2026-01-13T22:00:00Z London,5.358333309491475
2026-01-13T23:00:00Z London,4.775000095367432
2026-01-14T00:00:00Z London,4.450000007947286
2026-01-14T01:00:00Z London,4.041666607062022
2026-01-14T02:00:00Z London,3.1583333214124045
2026-01-14T03:00:00Z London,2.3083333174387612
2026-01-14T04:00:00Z London,1.8416666686534882
2026-01-14T05:00:00Z London,1.5666666825612385
2026-01-14T06:00:00Z London,1.3583333492279053
2026-01-14T07:00:00Z London,1.6833333373069763
2026-01-14T08:00:00Z London,1.5333333313465118
2026-01-14T09:00:00Z London,2.0166666507720947
2026-01-14T10:00:00Z London,2.7916666666666665
2026-01-14T11:00:00Z London,3.966666658719381
2026-01-14T12:00:00Z London,4.4916666348775225
2026-01-14T13:00:00Z London,5.875
2026-01-14T14:00:00Z London,6.083333293596904
2026-01-14T15:00:00Z London,5.925000071525574
2026-01-14T16:00:00Z London,5.691666642824809
2026-01-14T17:00:00Z London,5.425000071525574
2026-01-14T18:00:00Z London,5.733333349227905
2026-01-14T19:00:00Z London,6.358333349227905
2026-01-14T20:00:00Z London,7.116666674613953
2026-01-14T21:00:00Z London,7.616666674613953
2026-01-14T22:00:00Z London,7.916666746139526
2026-01-14T23:00:00Z London,8.016666769981384
2026-01-15T00:00:00Z London,7.900000095367432
2026-01-15T01:00:00Z London,7.299999992052714
2026-01-15T02:00:00Z London,6.324999968210856
2026-01-15T03:00:00Z London,6.291666706403096
2026-01-15T04:00:00Z London,6.34166677792867
2026-01-15T05:00:00Z London,6.583333253860474
2026-01-15T06:00:00Z London,7.0083333651224775
2026-01-15T07:00:00Z London,7.224999904632568
2026-01-15T08:00:00Z London,7.1249998807907104
2026-01-15T09:00:00Z London,7.108333230018616
2026-01-15T10:00:00Z London,6.6333333651224775
2026-01-15T11:00:00Z London,6.333333373069763
2026-01-15T12:00:00Z London,6.65833322207133
2026-01-15T13:00:00Z London,6.766666730244954
2026-01-15T14:00:00Z London,6.78333334128062
2026-01-15T15:00:00Z London,6.958333373069763
2026-01-15T16:00:00Z London,7.066666603088379
2026-01-15T17:00:00Z London,7.2416666348775225
2026-01-15T18:00:00Z London,7.275000095367432
2026-01-15T19:00:00Z London,7.308333436648051
2026-01-15T20:00:00Z London,6.391666650772095
2026-01-15T21:00:00Z London,5.1583333015441895
2026-01-15T22:00:00Z London,4.808333357175191
2026-01-15T23:00:00Z London,4.625
2026-01-16T00:00:00Z London,4.074999968210856
2026-01-16T01:00:00Z London,4.1166666348775225
2026-01-16T02:00:00Z London,3.716666658719381
2026-01-16T03:00:00Z London,3.324999968210856
2026-01-16T04:00:00Z London,3.374999980131785
2026-01-16T05:00:00Z London,3.9583333333333335
2026-01-16T06:00:00Z London,4.416666626930237
2026-01-16T07:00:00Z London,4.8500001430511475
2026-01-16T08:00:00Z London,5.149999936421712
2026-01-16T09:00:00Z London,5.308333357175191
2026-01-16T10:00:00Z London,6.074999928474426
2026-01-16T11:00:00Z London,6.825000047683716
2026-01-16T12:00:00Z London,7.383333325386047
2026-01-16T13:00:00Z London,7.649999936421712
2026-01-16T14:00:00Z London,7.666666626930237
2026-01-16T15:00:00Z London,7.541666626930237
2026-01-16T16:00:00Z London,7.049999992052714
2026-01-16T17:00:00Z London,6.866666754086812
2026-01-16T18:00:00Z London,6.699999849001567
2026-01-16T19:00:00Z London,6.5
2026-01-16T20:00:00Z London,6.0333333015441895
2026-01-16T21:00:00Z London,5.850000103314717
2026-01-16T22:00:00Z London,5.708333174387614
2026-01-16T23:00:00Z London,5.816666682561238
2026-01-17T00:00:00Z London,5.9666666984558105
2026-01-17T01:00:00Z London,6.108333230018616
2026-01-17T02:00:00Z London,6.074999928474426
2026-01-17T03:00:00Z London,6.191666483879089
2026-01-17T04:00:00Z London,6.308333516120911
2026-01-17T05:00:00Z London,6.199999849001567
2026-01-17T06:00:00Z London,6.2416666348775225
2026-01-17T07:00:00Z London,6.366666754086812
2026-01-17T08:00:00Z London,6.549999952316284
2026-01-17T09:00:00Z London,6.841666738192241
2026-01-17T10:00:00Z London,7.333333333333333
2026-01-17T11:00:00Z London,8.025000015894571
2026-01-17T12:00:00Z London,8.391666730244955
2026-01-17T13:00:00Z London,8.483333349227905
2026-01-17T14:00:00Z London,8.875
2026-01-17T15:00:00Z London,8.458333253860474
2026-01-17T16:00:00Z London,8.06666668256124
2026-01-17T17:00:00Z London,7.833333333333333
2026-01-17T18:00:00Z London,7.1833332777023315
2026-01-17T19:00:00Z London,6.84166677792867
2026-01-17T20:00:00Z London,6.424999912579854
2026-01-17T21:00:00Z London,6.099999984105428
2026-01-17T22:00:00Z London,5.358333349227905
2026-01-17T23:00:00Z London,4.575000087420146
2026-01-18T00:00:00Z London,5.258333325386047
2026-01-18T01:00:00Z London,5.483333349227905
2026-01-18T02:00:00Z London,5.475000023841858
2026-01-18T03:00:00Z London,5.291666746139526
2026-01-18T04:00:00Z London,5.2583333651224775
2026-01-18T05:00:00Z London,5.325000047683716
2026-01-18T06:00:00Z London,5.549999952316284
2026-01-18T07:00:00Z London,5.641666650772095
2026-01-18T08:00:00Z London,5.875
2026-01-18T09:00:00Z London,6.024999976158142
2026-01-18T10:00:00Z London,6.450000047683716
2026-01-18T11:00:00Z London,6.741666595141093
2026-01-18T12:00:00Z London,8.00000003973643
2026-01-18T13:00:00Z London,8.974999984105429
2026-01-18T14:00:00Z London,9.641666650772095
2026-01-18T15:00:00Z London,9.775000015894571
2026-01-18T16:00:00Z London,9.524999936421713
2026-01-18T17:00:00Z London,9.3166663646698
2026-01-18T18:00:00Z London,8.641666650772095
2026-01-18T19:00:00Z London,8.641666889190674
2026-01-18T20:00:00Z London,8.12500011920929
2026-01-18T21:00:00Z London,7.683333198229472
2026-01-18T22:00:00Z London,7.866666714350383
2026-01-18T23:00:00Z London,7.508333404858907
2026-01-19T00:00:00Z London,7.2416666348775225
2026-01-19T01:00:00Z London,7.400000095367432
2026-01-19T02:00:00Z London,7.475000023841858
2026-01-19T03:00:00Z London,7.566666642824809
2026-01-19T04:00:00Z London,7.566666603088379
2026-01-19T05:00:00Z London,7.224999864896138
2026-01-19T06:00:00Z London,6.475000063578288
2026-01-19T07:00:00Z London,6.783333381017049
2026-01-19T08:00:00Z London,7.0916666984558105
2026-01-19T09:00:00Z London,7.483333349227905
2026-01-19T10:00:00Z London,7.858333388964335
2026-01-19T11:00:00Z London,8.21666677792867
2026-01-19T12:00:00Z London,7.975000063578288
2026-01-19T13:00:00Z London,8.383333285649618
2026-01-19T14:00:00Z London,8.849999984105429
2026-01-19T15:00:00Z London,9.09166685740153
2026-01-19T16:00:00Z London,8.966666539510092
2026-01-19T17:00:00Z London,8.916666348775228
2026-01-19T18:00:00Z London,8.675000111262003
2026-01-19T19:00:00Z London,7.991666754086812
2026-01-19T20:00:00Z London,7.8083334763844805
2026-01-19T21:00:00Z London,8.008333404858908
2026-01-19T22:00:00Z London,8.008333365122477
2026-01-19T23:00:00Z London,8.15833330154419
2026-01-20T00:00:00Z London,7.8416666984558105
2026-01-20T01:00:00Z London,7.641666531562805
2026-01-20T02:00:00Z London,7.591666579246521
2026-01-20T03:00:00Z London,7.7166666984558105
2026-01-20T04:00:00Z London,7.525000015894572
2026-01-20T05:00:00Z London,7.199999968210856
2026-01-20T06:00:00Z London,7.041666626930237
2026-01-20T07:00:00Z London,7.191666563351949
2026-01-20T08:00:00Z London,7.024999976158142
2026-01-20T09:00:00Z London,7.008333325386047
2026-01-20T10:00:00Z London,7.224999984105428
2026-01-20T11:00:00Z London,7.508333325386047
2026-01-20T12:00:00Z London,7.5999999443689985
2026-01-20T13:00:00Z London,7.633333285649617
2026-01-20T14:00:00Z London,7.666666706403096
2026-01-20T15:00:00Z London,7.475000023841858
2026-01-20T16:00:00Z London,7.066666642824809
2026-01-20T17:00:00Z London,6.991666674613953
2026-01-20T18:00:00Z London,6.666666666666667
2026-01-20T19:00:00Z London,6.591666579246521
2026-01-20T20:00:00Z London,7.09166665871938
2026-01-20T21:00:00Z London,6.6166666348775225
2026-01-20T22:00:00Z London,5.9416667222976685
2026-01-20T23:00:00Z London,5.850000063578288
2026-01-21T00:00:00Z London,5.583333333333333
2026-01-21T01:00:00Z London,5.616666555404663
2026-01-21T02:00:00Z London,4.891666650772095
2026-01-21T03:00:00Z London,4.841666738192241
2026-01-21T04:00:00Z London,4.566666642824809
2026-01-21T05:00:00Z London,4.733333309491475
2026-01-21T06:00:00Z London,4.691666642824809
2026-01-21T07:00:00Z London,5.091666579246521
2026-01-21T08:00:00Z London,4.658333381017049
2026-01-21T09:00:00Z London,4.891666650772095
2026-01-21T10:00:00Z London,6.099999984105428
2026-01-21T11:00:00Z London,6.608333269755046
2026-01-21T12:00:00Z London,6.366666714350383
2026-01-21T13:00:00Z London,6.024999976158142
2026-01-21T14:00:00Z London,5.958333373069763
2026-01-21T15:00:00Z London,6.149999896685283
2026-01-21T16:00:00Z London,6.641666571299235
2026-01-21T17:00:00Z London,6.591666579246521
2026-01-21T18:00:00Z London,6.725000063578288
2026-01-21T19:00:00Z London,6.558333317438762
2026-01-21T20:00:00Z London,7.058333357175191
2026-01-21T21:00:00Z London,7.108333388964335
2026-01-21T22:00:00Z London,7.233333349227905
2026-01-21T23:00:00Z London,7.433333396911621
2026-01-22T00:00:00Z London,7.075000007947286
2026-01-22T01:00:00Z London,6.12500003973643
2026-01-22T02:00:00Z London,5.8750001192092896
2026-01-22T03:00:00Z London,6.3416666984558105
2026-01-22T04:00:00Z London,6.245454441417348
2026-01-22T05:00:00Z London,6.191666603088379
2026-01-22T06:00:00Z London,5.78333334128062
2026-01-22T07:00:00Z London,5.78333334128062
2026-01-22T08:00:00Z London,5.900000095367432
2026-01-22T09:00:00Z London,6.099999904632568
2026-01-22T10:00:00Z London,6.300000150998433
2026-01-22T11:00:00Z London,6.708333373069763
2026-01-22T12:00:00Z London,6.916666746139526
2026-01-22T13:00:00Z London,6.75000003973643
2026-01-22T14:00:00Z London,6.041666626930237
2026-01-22T15:00:00Z London,5.833333293596904
2026-01-22T16:00:00Z London,5.766666611035665
2026-01-22T17:00:00Z London,6.299999952316284
2026-01-22T18:00:00Z London,6.983333349227905
2026-01-22T19:00:00Z London,7.0583332777023315
2026-01-22T20:00:00Z London,6.849999984105428
2026-01-22T21:00:00Z London,6.3750001192092896
2026-01-22T22:00:00Z London,6.058333357175191
2026-01-22T23:00:00Z London,5.7916667858759565
2026-01-23T00:00:00Z London,5.8833333651224775
2026-01-23T01:00:00Z London,6.216666618982951
2026-01-23T02:00:00Z London,5.8499999443689985
2026-01-23T03:00:00Z London,5.608333230018616
2026-01-23T04:00:00Z London,5.149999936421712
2026-01-23T05:00:00Z London,5.049999952316284
2026-01-23T06:00:00Z London,5.275000095367432
2026-01-23T07:00:00Z London,5.366666754086812
2026-01-23T08:00:00Z London,5.100000023841858
2026-01-23T09:00:00Z London,4.674999872843425
2026-01-23T10:00:00Z London,4.316666603088379
2026-01-23T11:00:00Z London,4.691666682561238
2026-01-23T12:00:00Z London,5.533333381017049
2026-01-23T13:00:00Z London,6.158333381017049
2026-01-23T14:00:00Z London,6.658333261807759
2026-01-23T15:00:00Z London,6.7249999443689985
2026-01-23T16:00:00Z London,6.549999952316284
2026-01-23T17:00:00Z London,6.475000023841858
2026-01-23T18:00:00Z London,6.058333357175191
2026-01-23T19:00:00Z London,5.8416668176651
2026-01-23T20:00:00Z London,5.774999976158142
2026-01-23T21:00:00Z London,5.858333428700765
2026-01-23T22:00:00Z London,5.416666626930237
2026-01-23T23:00:00Z London,5.116666555404663
2026-01-24T00:00:00Z London,5.1499998569488525
2026-01-24T01:00:00Z London,5.241666674613953
2026-01-24T02:00:00Z London,5.291666746139526
2026-01-24T03:00:00Z London,5.275000095367432
2026-01-24T04:00:00Z London,5.2083332141240435
2026-01-24T05:00:00Z London,5.091666618982951
2026-01-24T06:00:00Z London,4.550000071525574
2026-01-24T07:00:00Z London,4.1166666348775225
2026-01-24T08:00:00Z London,3.649999956289927
2026-01-24T09:00:00Z London,4.0666666229565935
2026-01-24T10:00:00Z London,4.891666690508525
2026-01-24T11:00:00Z London,5.866666714350383
2026-01-24T12:00:00Z London,6.291666706403096
2026-01-24T13:00:00Z London,6.583333253860474
2026-01-24T14:00:00Z London,6.433333396911621
2026-01-24T15:00:00Z London,6.12500003973643
2026-01-24T16:00:00Z London,5.5
2026-01-24T17:00:00Z London,5.174999992052714
2026-01-24T18:00:00Z London,5.016666650772095
2026-01-24T19:00:00Z London,5.024999976158142
2026-01-24T20:00:00Z London,5.15833334128062
2026-01-24T21:00:00Z London,5.433333357175191
2026-01-24T22:00:00Z London,4.991666674613953
2026-01-24T23:00:00Z London,4.666666626930237
2026-01-25T00:00:00Z London,4.691666563351949
2026-01-25T01:00:00Z London,4.799999952316284
2026-01-25T02:00:00Z London,4.958333373069763
2026-01-25T03:00:00Z London,5.1833332777023315
2026-01-25T04:00:00Z London,5.024999976158142
2026-01-25T05:00:00Z London,5.183333198229472
2026-01-25T06:00:00Z London,5.183333198229472
2026-01-25T07:00:00Z London,5.074999968210856
2026-01-25T08:00:00Z London,5.041666626930237
2026-01-25T09:00:00Z London,5.066666642824809
2026-01-25T10:00:00Z London,4.425000111262004
2026-01-25T11:00:00Z London,4.391666690508525
2026-01-25T12:00:00Z London,4.78333334128062
2026-01-25T13:00:00Z London,5.183333396911621
2026-01-25T14:00:00Z London,5.216666618982951
2026-01-25T15:00:00Z London,4.975000023841858
2026-01-25T16:00:00Z London,4.4666666984558105
2026-01-25T17:00:00Z London,4.049999952316284
2026-01-25T18:00:00Z London,4.083333253860474
2026-01-25T19:00:00Z London,4.233333388964335
2026-01-25T20:00:00Z London,4.216666618982951
2026-01-25T21:00:00Z London,4.166666607062022
2026-01-25T22:00:00Z London,4.191666642824809
2026-01-25T23:00:00Z London,3.98333332935969
2026-01-26T00:00:00Z London,3.9583332935969033
2026-01-26T01:00:00Z London,3.574999988079071
2026-01-26T02:00:00Z London,3.39166667064031
2026-01-26T03:00:00Z London,3.524999976158142
2026-01-26T04:00:00Z London,3.0166666507720947
2026-01-26T05:00:00Z London,2.958333353201548
2026-01-26T06:00:00Z London,2.933333377043406
2026-01-26T07:00:00Z London,2.950000007947286
2026-01-26T08:00:00Z London,2.8333333134651184
2026-01-26T09:00:00Z London,2.9416666626930237
2026-01-26T10:00:00Z London,3.2583333452542624
2026-01-26T11:00:00Z London,3.5833333333333335
2026-01-26T12:00:00Z London,2.9333333174387612
2026-01-26T13:00:00Z London,2.9666666984558105
2026-01-26T14:00:00Z London,3.2083333333333335
2026-01-26T15:00:00Z London,3.7416666547457376
2026-01-26T16:00:00Z London,4.133333345254262
2026-01-26T17:00:00Z London,4.074999968210856
2026-01-26T18:00:00Z London,3.7916667064030967
2026-01-26T19:00:00Z London,3.4833332896232605
2026-01-26T20:00:00Z London,3.73333332935969
2026-01-26T21:00:00Z London,3.725000023841858
2026-01-26T22:00:00Z London,3.7416666547457376
2026-01-26T23:00:00Z London,3.674999992052714
2026-01-27T00:00:00Z London,3.8833333452542624
2026-01-27T01:00:00Z London,4.28333334128062
2026-01-27T02:00:00Z London,4.108333230018616
2026-01-27T03:00:00Z London,4.133333245913188
2026-01-27T04:00:00Z London,3.666666646798452
2026-01-27T05:00:00Z London,3.300000031789144
2026-01-27T06:00:00Z London,3.0083333253860474
2026-01-27T07:00:00Z London,3.2666666905085244
2026-01-27T08:00:00Z London,3.7666666507720947
2026-01-27T09:00:00Z London,3.916666646798452
2026-01-27T10:00:00Z London,4.058333357175191
2026-01-27T11:00:00Z London,4.549999952316284
2026-01-27T12:00:00Z London,4.791666666666667
2026-01-27T13:00:00Z London,5.324999968210856
2026-01-27T14:00:00Z London,6.15833334128062
2026-01-27T15:00:00Z London,7.483333388964335
2026-01-27T16:00:00Z London,7.783333381017049
2026-01-27T17:00:00Z London,7.025000015894572
2026-01-27T18:00:00Z London,6.199999968210856
2026-01-27T19:00:00Z London,5.599999984105428
2026-01-27T20:00:00Z London,5.291666666666667
2026-01-27T21:00:00Z London,4.808333237965901
2026-01-27T22:00:00Z London,4.266666571299235
2026-01-27T23:00:00Z London,3.724999964237213
2026-01-28T00:00:00Z London,3.7833333214124045
2026-01-28T01:00:00Z London,3.741666634877523
2026-01-28T02:00:00Z London,3.7916666865348816
2026-01-28T03:00:00Z London,4.216666718324025
2026-01-28T04:00:00Z London,4.358333309491475
2026-01-28T05:00:00Z London,3.7083333134651184
2026-01-28T06:00:00Z London,3.4833333492279053
2026-01-28T07:00:00Z London,3.5583333174387612
2026-01-28T08:00:00Z London,3.075000007947286
2026-01-28T09:00:00Z London,3.500000019868215
2026-01-28T10:00:00Z London,3.9916666547457376
2026-01-28T11:00:00Z London,5.941666642824809
2026-01-28T12:00:00Z London,7.658333420753479
2026-01-28T13:00:00Z London,8.025000055631002
2026-01-28T14:00:00Z London,8.100000103314718
2026-01-28T15:00:00Z London,8.12500011920929
2026-01-28T16:00:00Z London,8.058333396911621
2026-01-28T17:00:00Z London,7.333333373069763
2026-01-28T18:00:00Z London,6.449999968210856
2026-01-28T19:00:00Z London,5.875
2026-01-28T20:00:00Z London,5.549999952316284
2026-01-28T21:00:00Z London,4.808333357175191
2026-01-28T22:00:00Z London,4.0499999324480696
2026-01-28T23:00:00Z London,3.3666666547457376
2026-01-29T00:00:00Z London,2.208333353201548
2026-01-29T01:00:00Z London,1.450000007947286
2026-01-29T02:00:00Z London,1.3666666547457378
2026-01-29T03:00:00Z London,1.3000000019868214
2026-01-29T04:00:00Z London,1.1083333243926365
2026-01-29T05:00:00Z London,1.4833333392937977
2026-01-29T06:00:00Z London,1.6083333293596904
2026-01-29T07:00:00Z London,2.6916666825612388
2026-01-29T08:00:00Z London,3.400000015894572
2026-01-29T09:00:00Z London,3.2083333333333335
2026-01-29T10:00:00Z London,3.7083333134651184
2026-01-29T11:00:00Z London,3.9999999403953552
2026-01-29T12:00:00Z London,4.816666682561238
2026-01-29T13:00:00Z London,4.608333230018616
2026-01-29T14:00:00Z London,4.700000047683716
2026-01-29T15:00:00Z London,4.708333293596904
2026-01-29T16:00:00Z London,4.49999996026357
2026-01-29T17:00:00Z London,3.999999980131785
2026-01-29T18:00:00Z London,3.35833332935969
2026-01-29T19:00:00Z London,3.1083333492279053
2026-01-29T20:00:00Z London,2.8833333253860474
2026-01-29T21:00:00Z London,2.6416666507720947
2026-01-29T22:00:00Z London,2.2666666507720947
2026-01-29T23:00:00Z London,1.7083333432674408
2026-01-30T00:00:00Z London,1.266666665673256
2026-01-30T01:00:00Z London,1.0583333472410839
2026-01-30T02:00:00Z London,1.541666676600774
2026-01-30T03:00:00Z London,1.5166666706403096
2026-01-30T04:00:00Z London,2.6250000099341073
2026-01-30T05:00:00Z London,3.2416666746139526
2026-01-30T06:00:00Z London,3.5583333373069763
2026-01-30T07:00:00Z London,4.458333293596904
2026-01-30T08:00:00Z London,4.549999952316284
2026-01-30T09:00:00Z London,4.7583333651224775
2026-01-30T10:00:00Z London,6.150000015894572
2026-01-30T11:00:00Z London,7.375
2026-01-30T12:00:00Z London,8.291666626930237
2026-01-30T13:00:00Z London,8.533333460489908
2026-01-30T14:00:00Z London,8.558333476384481
2026-01-30T15:00:00Z London,7.891666730244954
2026-01-30T16:00:00Z London,7.274999976158142
2026-01-30T17:00:00Z London,6.791666626930237
2026-01-30T18:00:00Z London,5.891666769981384
2026-01-30T19:00:00Z London,5.950000047683716
2026-01-30T20:00:00Z London,6.583333253860474
2026-01-30T21:00:00Z London,6.200000007947286
2026-01-30T22:00:00Z London,5.799999992052714
2026-01-30T23:00:00Z London,5.691666483879089
2026-01-31T00:00:00Z London,5.6916665236155195
2026-01-31T01:00:00Z London,5.7583333651224775
2026-01-31T02:00:00Z London,5.5
2026-01-31T03:00:00Z London,5.416666746139526
2026-01-31T04:00:00Z London,5.208333293596904
2026-01-31T05:00:00Z London,5.099999904632568
2026-01-31T06:00:00Z London,5.258333325386047
2026-01-31T07:00:00Z London,5.71666665871938
2026-01-31T08:00:00Z London,6.091666579246521
2026-01-31T09:00:00Z London,6.416666706403096
2026-01-31T10:00:00Z London,6.516666690508525
2026-01-31T11:00:00Z London,6.641666611035665
2026-01-31T12:00:00Z London,7.49999996026357
2026-01-31T13:00:00Z London,8.366666634877523
2026-01-31T14:00:00Z London,8.333333253860474
2026-01-31T15:00:00Z London,7.916666825612386
2026-01-31T16:00:00Z London,7.383333325386047
2026-01-31T17:00:00Z London,7.149999936421712
2026-01-31T18:00:00Z London,6.891666611035665
2026-01-31T19:00:00Z London,6.21666665871938
2026-01-31T20:00:00Z London,5.908333381017049
2026-01-31T21:00:00Z London,6.333333333333333
2026-01-31T22:00:00Z London,6.3750001192092896
2026-01-31T23:00:00Z London,6.366666793823242
2026-02-01T00:00:00Z London,6.425000071525574
2026-02-01T01:00:00Z London,6.5
2026-02-01T02:00:00Z London,6.166666706403096
2026-02-01T03:00:00Z London,6.474999984105428
2026-02-01T04:00:00Z London,6.783333261807759
2026-02-01T05:00:00Z London,6.800000031789144
2026-02-01T06:00:00Z London,6.608333230018616
2026-02-01T07:00:00Z London,6.566666642824809
2026-02-01T08:00:00Z London,6.866666793823242
2026-02-01T09:00:00Z London,6.900000015894572
2026-02-01T10:00:00Z London,6.783333420753479
2026-02-01T11:00:00Z London,7.133333325386047
2026-02-01T12:00:00Z London,7.625000079472859
2026-02-01T13:00:00Z London,7.491666674613953
2026-02-01T14:00:00Z London,6.541666706403096
2026-02-01T15:00:00Z London,6.941666682561238
2026-02-01T16:00:00Z London,6.891666769981384
2026-02-01T17:00:00Z London,6.733333349227905
2026-02-01T18:00:00Z London,6.375
2026-02-01T19:00:00Z London,6
2026-02-01T20:00:00Z London,5.716666618982951
2026-02-01T21:00:00Z London,5.458333373069763
2026-02-01T22:00:00Z London,5.5333333015441895
2026-02-01T23:00:00Z London,5.350000063578288
2026-02-02T00:00:00Z London,5.516666650772095
2026-02-02T01:00:00Z London,5.583333253860474
2026-02-02T02:00:00Z London,5.666666666666667
2026-02-02T03:00:00Z London,5.358333468437195
2026-02-02T04:00:00Z London,5.141666571299235
2026-02-02T05:00:00Z London,5.199999928474426
2026-02-02T06:00:00Z London,5.458333373069763
2026-02-02T07:00:00Z London,5.233333309491475
2026-02-02T08:00:00Z London,5.183333237965901
2026-02-02T09:00:00Z London,5.258333325386047
2026-02-02T10:00:00Z London,5.5
2026-02-02T11:00:00Z London,5.450000047683716
2026-02-02T12:00:00Z London,5.366666754086812
2026-02-02T13:00:00Z London,5.416666746139526
2026-02-02T14:00:00Z London,5.599999904632568
2026-02-02T15:00:00Z London,5.491666674613953
2026-02-02T16:00:00Z London,5.450000047683716
2026-02-02T17:00:00Z London,5.4416667222976685
2026-02-02T18:00:00Z London,5.425000071525574
2026-02-02T19:00:00Z London,5.308333357175191
2026-02-02T20:00:00Z London,4.62500003973643
2026-02-02T21:00:00Z London,4.1249998807907104
2026-02-02T22:00:00Z London,4.391666650772095
2026-02-02T23:00:00Z London,4.608333230018616
2026-02-03T00:00:00Z London,4.541666626930237
2026-02-03T01:00:00Z London,4.524999976158142
2026-02-03T02:00:00Z London,4.358333388964335
2026-02-03T03:00:00Z London,4.0249999562899275
2026-02-03T04:00:00Z London,3.5666666428248086
2026-02-03T05:00:00Z London,3.5083333452542624
2026-02-03T06:00:00Z London,3.350000023841858
2026-02-03T07:00:00Z London,2.8416666984558105
2026-02-03T08:00:00Z London,2.5
2026-02-03T09:00:00Z London,2.4416666428248086
2026-02-03T10:00:00Z London,2.141666660706202
2026-02-03T11:00:00Z London,1.9499999781449635
2026-02-03T12:00:00Z London,2.099999964237213
2026-02-03T13:00:00Z London,2.200000007947286
2026-02-03T14:00:00Z London,2.1166666646798453
2026-02-03T15:00:00Z London,2.250000019868215
2026-02-03T16:00:00Z London,2.2666666507720947
2026-02-03T17:00:00Z London,2.624999980131785
2026-02-03T18:00:00Z London,2.7583333452542624
2026-02-03T19:00:00Z London,2.7666666507720947
2026-02-03T20:00:00Z London,3.0416666666666665
2026-02-03T21:00:00Z London,2.899999996026357
2026-02-03T22:00:00Z London,2.699999988079071
2026-02-03T23:00:00Z London,2.9249999721844993
2026-02-04T00:00:00Z London,3.208333353201548
2026-02-04T01:00:00Z London,3.175000031789144
2026-02-04T02:00:00Z London,3.224999984105428
2026-02-04T03:00:00Z London,3.7583333452542624
2026-02-04T04:00:00Z London,4.125000019868215
2026-02-04T05:00:00Z London,4.858333349227905
2026-02-04T06:00:00Z London,4.849999984105428
2026-02-04T07:00:00Z London,5.549999952316284
2026-02-04T08:00:00Z London,5.5583332777023315
2026-02-04T09:00:00Z London,5.574999928474426
2026-02-04T10:00:00Z London,6.066666682561238
2026-02-04T11:00:00Z London,6.541666706403096
2026-02-04T12:00:00Z London,7.049999992052714
2026-02-04T13:00:00Z London,7.4666666984558105
2026-02-04T14:00:00Z London,8.016666690508524
2026-02-04T15:00:00Z London,7.87499996026357
2026-02-04T16:00:00Z London,6.674999992052714
2026-02-04T17:00:00Z London,6.400000095367432
2026-02-04T18:00:00Z London,6.266666730244954
2026-02-04T19:00:00Z London,6.549999952316284
2026-02-04T20:00:00Z London,6.458333333333333
2026-02-04T21:00:00Z London,6.0333333015441895
2026-02-04T22:00:00Z London,5.983333349227905
2026-02-04T23:00:00Z London,5.641666611035665
2026-02-05T00:00:00Z London,5.366666793823242
2026-02-05T01:00:00Z London,5.216666618982951
2026-02-05T02:00:00Z London,4.96666665871938
2026-02-05T03:00:00Z London,4.3499999443689985
2026-02-05T04:00:00Z London,4.258333285649617
2026-02-05T05:00:00Z London,4.1249998807907104
2026-02-05T06:00:00Z London,3.9833333492279053
2026-02-05T07:00:00Z London,3.500000019868215
2026-02-05T08:00:00Z London,3.1916666626930237
2026-02-05T09:00:00Z London,3.416666646798452
2026-02-05T10:00:00Z London,3.649999996026357
2026-02-05T11:00:00Z London,4.174999972184499
2026-02-05T12:00:00Z London,4.425000071525574
2026-02-05T13:00:00Z London,4.541666666666667
2026-02-05T14:00:00Z London,4.908333420753479
2026-02-05T15:00:00Z London,4.958333373069763
2026-02-05T16:00:00Z London,5.375
2026-02-05T17:00:00Z London,5.524999976158142
2026-02-05T18:00:00Z London,5.71666665871938
2026-02-05T19:00:00Z London,5.866666714350383
2026-02-05T20:00:00Z London,6.2583333651224775
2026-02-05T21:00:00Z London,6.408333420753479
2026-02-05T22:00:00Z London,6.508333325386047
2026-02-05T23:00:00Z London,6.391666769981384
2026-02-06T00:00:00Z London,6.3416668176651
2026-02-06T01:00:00Z London,6.3750001192092896
2026-02-06T02:00:00Z London,6.325000047683716
2026-02-06T03:00:00Z London,6.174999912579854
2026-02-06T04:00:00Z London,6.024999976158142
2026-02-06T05:00:00Z London,5.724999904632568
2026-02-06T06:00:00Z London,5.733333269755046
2026-02-06T07:00:00Z London,5.6249998807907104
2026-02-06T08:00:00Z London,5.616666555404663
2026-02-06T09:00:00Z London,5.524999976158142
2026-02-06T10:00:00Z London,5.808333357175191
2026-02-06T11:00:00Z London,6.933333317438762
2026-02-06T12:00:00Z London,8.375
2026-02-06T13:00:00Z London,9.09166677792867
2026-02-06T14:00:00Z London,8.983333269755045
2026-02-06T15:00:00Z London,8.741666634877523
2026-02-06T16:00:00Z London,8.025000095367432
2026-02-06T17:00:00Z London,8.333333333333334
2026-02-06T18:00:00Z London,8.125000238418579
2026-02-06T19:00:00Z London,7.908333420753479
2026-02-06T20:00:00Z London,7.649999896685283
2026-02-06T21:00:00Z London,7.233333309491475
2026-02-06T22:00:00Z London,6.900000095367432
2026-02-06T23:00:00Z London,6.850000103314717
2026-02-07T00:00:00Z London,6.425000071525574
2026-02-07T01:00:00Z London,6.283333460489909
2026-02-07T02:00:00Z London,6.133333206176758
2026-02-07T03:00:00Z London,5.975000023841858
2026-02-07T04:00:00Z London,5.858333468437195
2026-02-07T05:00:00Z London,6.266666611035665
2026-02-07T06:00:00Z London,6.683333198229472
2026-02-07T07:00:00Z London,6.491666674613953
2026-02-07T08:00:00Z London,6.549999952316284
2026-02-07T09:00:00Z London,6.541666626930237
2026-02-07T10:00:00Z London,6.633333206176758
2026-02-07T11:00:00Z London,6.575000007947286
2026-02-07T12:00:00Z London,7.2583333651224775
2026-02-07T13:00:00Z London,7.775000015894572
2026-02-07T14:00:00Z London,8.033333341280619
2026-02-07T15:00:00Z London,8.449999968210856
2026-02-07T16:00:00Z London,8.383333206176758
2026-02-07T17:00:00Z London,8.40833314259847
2026-02-07T18:00:00Z London,8.108333428700766
2026-02-07T19:00:00Z London,7.925000071525574
2026-02-07T20:00:00Z London,8.116666714350382
2026-02-07T21:00:00Z London,7.799999992052714
2026-02-07T22:00:00Z London,7.475000023841858
2026-02-07T23:00:00Z London,7.199999968210856
2026-02-08T00:00:00Z London,6.791666666666667
2026-02-08T01:00:00Z London,6.524999976158142
2026-02-08T02:00:00Z London,6.308333436648051
2026-02-08T03:00:00Z London,6.1249998807907104
2026-02-08T04:00:00Z London,6.141666531562805
2026-02-08T05:00:00Z London,6.099999904632568
2026-02-08T06:00:00Z London,6.308333357175191
2026-02-08T07:00:00Z London,6.691666682561238
2026-02-08T08:00:00Z London,6.991666754086812
2026-02-08T09:00:00Z London,7.433333396911621
2026-02-08T10:00:00Z London,8.049999992052713
2026-02-08T11:00:00Z London,8.566666841506958
2026-02-08T12:00:00Z London,8.90833330154419
2026-02-08T13:00:00Z London,9.133333365122477
2026-02-08T14:00:00Z London,8.56666668256124
2026-02-08T15:00:00Z London,8.458333412806192
2026-02-08T16:00:00Z London,8.141666650772095
2026-02-08T17:00:00Z London,7.958333373069763
2026-02-08T18:00:00Z London,7.925000071525574
2026-02-08T19:00:00Z London,7.766666690508525
2026-02-08T20:00:00Z London,7.483333388964335
2026-02-08T21:00:00Z London,7.283333420753479
2026-02-08T22:00:00Z London,7.416666746139526
2026-02-08T23:00:00Z London,7.358333388964335
2026-02-09T00:00:00Z London,6.891666769981384
2026-02-09T01:00:00Z London,6.825000166893005
2026-02-09T02:00:00Z London,6.8416668176651
2026-02-09T03:00:00Z London,6.708333174387614
2026-02-09T04:00:00Z London,6.599999904632568
2026-02-09T05:00:00Z London,6.291666706403096
2026-02-09T06:00:00Z London,5.783333420753479
2026-02-09T07:00:00Z London,5.641666690508525
2026-02-09T08:00:00Z London,5.8500001430511475
2026-02-09T09:00:00Z London,6.174999992052714
2026-02-09T10:00:00Z London,6.541666626930237
2026-02-09T11:00:00Z London,6.933333317438762
2026-02-09T12:00:00Z London,7.058333357175191
2026-02-09T13:00:00Z London,7.025000015894572
2026-02-09T14:00:00Z London,6.583333253860474
2026-02-09T15:00:00Z London,5.8499999443689985
2026-02-09T16:00:00Z London,5.599999904632568
2026-02-09T17:00:00Z London,5.616666595141093
2026-02-09T18:00:00Z London,5.608333230018616
2026-02-09T19:00:00Z London,5.691666682561238
2026-02-09T20:00:00Z London,5.8416666984558105
2026-02-09T21:00:00Z London,6.0333333015441895
2026-02-09T22:00:00Z London,6.108333230018616
2026-02-09T23:00:00Z London,6.283333381017049
2026-02-10T00:00:00Z London,6.491666674613953
2026-02-10T01:00:00Z London,6.541666626930237
2026-02-10T02:00:00Z London,6.516666650772095
2026-02-10T03:00:00Z London,6.633333206176758
2026-02-10T04:00:00Z London,6.883333404858907
2026-02-10T05:00:00Z London,6.608333309491475
2026-02-10T06:00:00Z London,6.716666618982951
2026-02-10T07:00:00Z London,6.833333373069763
2026-02-10T08:00:00Z London,6.641666571299235
2026-02-10T09:00:00Z London,6.958333373069763
2026-02-10T10:00:00Z London,7.174999992052714
2026-02-10T11:00:00Z London,8.433333277702332
2026-02-10T12:00:00Z London,8.525000015894571
2026-02-10T13:00:00Z London,8.81666668256124
2026-02-10T14:00:00Z London,9.099999984105429
2026-02-10T15:00:00Z London,8.75
2026-02-10T16:00:00Z London,8.158333420753479
2026-02-10T17:00:00Z London,8.041666785875956
2026-02-10T18:00:00Z London,7.850000103314717
2026-02-10T19:00:00Z London,7.5333333015441895
2026-02-10T20:00:00Z London,7.825000047683716
2026-02-10T21:00:00Z London,8.008333285649618
2026-02-10T22:00:00Z London,8.241666714350382
2026-02-10T23:00:00Z London,8.191666762034098
2026-02-11T00:00:00Z London,8.291666587193808
2026-02-11T01:00:00Z London,8.258333365122477
2026-02-11T02:00:00Z London,8.25
2026-02-11T03:00:00Z London,8.18333331743876
2026-02-11T04:00:00Z London,8.15833338101705
2026-02-11T05:00:00Z London,8.100000222524008
2026-02-11T06:00:00Z London,8.200000047683716
2026-02-11T07:00:00Z London,8.575000206629435
2026-02-11T08:00:00Z London,8.558333396911621
2026-02-11T09:00:00Z London,8.566666762034098
2026-02-11T10:00:00Z London,8.791666507720947
2026-02-11T11:00:00Z London,8.891666491826376
2026-02-11T12:00:00Z London,8.71666661898295
2026-02-11T13:00:00Z London,8.441666603088379
2026-02-11T14:00:00Z London,8.958333412806192
2026-02-11T15:00:00Z London,9.383333285649618
2026-02-11T16:00:00Z London,9.141666571299234
2026-02-11T17:00:00Z London,8.15833330154419
2026-02-11T18:00:00Z London,7.508333325386047
2026-02-11T19:00:00Z London,7.591666579246521
2026-02-11T20:00:00Z London,7.566666603088379
2026-02-11T21:00:00Z London,7.84166677792867
2026-02-11T22:00:00Z London,7.983333468437195
2026-02-11T23:00:00Z London,7.9750001430511475
2026-02-12T00:00:00Z London,7.258333285649617
2026-02-12T01:00:00Z London,6.1166666348775225
2026-02-12T02:00:00Z London,5.891666769981384
2026-02-12T03:00:00Z London,5.833333412806193
2026-02-12T04:00:00Z London,5.766666690508525
2026-02-12T05:00:00Z London,5.816666801770528
2026-02-12T06:00:00Z London,5.833333373069763
2026-02-12T07:00:00Z London,5.7416666348775225
2026-02-12T08:00:00Z London,5.766666690508525
2026-02-12T09:00:00Z London,6.058333317438762
2026-02-12T10:00:00Z London,6.3499999443689985
2026-02-12T11:00:00Z London,6.9083333015441895
2026-02-12T12:00:00Z London,6.991666754086812
2026-02-12T13:00:00Z London,7.441666603088379
2026-02-12T14:00:00Z London,7.541666626930237
2026-02-12T15:00:00Z London,7.708333412806193
2026-02-12T16:00:00Z London,7.058333396911621
2026-02-12T17:00:00Z London,6.516666650772095
2026-02-12T18:00:00Z London,6.408333420753479
2026-02-12T19:00:00Z London,5.916666587193807
2026-02-12T20:00:00Z London,5.433333396911621
2026-02-12T21:00:00Z London,5.224999984105428
2026-02-12T22:00:00Z London,5.308333317438762
2026-02-12T23:00:00Z London,5.649999976158142
2026-02-13T00:00:00Z London,5.991666674613953
2026-02-13T01:00:00Z London,5.908333420753479
2026-02-13T02:00:00Z London,5.491666674613953
2026-02-13T03:00:00Z London,5.949999968210856
2026-02-13T04:00:00Z London,5.5250000556310015
2026-02-13T05:00:00Z London,4.908333420753479
2026-02-13T06:00:00Z London,4.866666754086812
2026-02-13T07:00:00Z London,5.008333325386047
2026-02-13T08:00:00Z London,5.258333444595337
2026-02-13T09:00:00Z London,5.299999952316284
2026-02-13T10:00:00Z London,5.3666666348775225
2026-02-13T11:00:00Z London,5.908333381017049
2026-02-13T12:00:00Z London,6.208333293596904
2026-02-13T13:00:00Z London,6.275000095367432
2026-02-13T14:00:00Z London,5.891666650772095
2026-02-13T15:00:00Z London,5.141666769981384
2026-02-13T16:00:00Z London,4.4916666348775225
2026-02-13T17:00:00Z London,4.133333325386047
2026-02-13T18:00:00Z London,3.600000003973643
2026-02-13T19:00:00Z London,3.1666666666666665
2026-02-13T20:00:00Z London,3.0666666825612388
2026-02-13T21:00:00Z London,2.658333341280619
2026-02-13T22:00:00Z London,2.3083333174387612
2026-02-13T23:00:00Z London,1.9000000059604645
2026-02-14T00:00:00Z London,1.7666666706403096
2026-02-14T01:00:00Z London,1.7833333412806194
2026-02-14T02:00:00Z London,1.4416666726271312
2026-02-14T03:00:00Z London,1.2416666448116302
2026-02-14T04:00:00Z London,0.7750000059604645
2026-02-14T05:00:00Z London,-0.02500000161429246
2026-02-14T06:00:00Z London,-0.44166667262713116
2026-02-14T07:00:00Z London,-0.5250000053395828
2026-02-14T08:00:00Z London,-0.32500000670552254
2026-02-14T09:00:00Z London,0.8250000004967054
2026-02-14T10:00:00Z London,2.1749999821186066
2026-02-14T11:00:00Z London,3.5333333214124045
2026-02-14T12:00:00Z London,4.891666611035665
2026-02-14T13:00:00Z London,5.4666666984558105
2026-02-14T14:00:00Z London,5.233333309491475
2026-02-14T15:00:00Z London,5.1500000556310015
2026-02-14T16:00:00Z London,4.199999888737996
2026-02-14T17:00:00Z London,3.674999992052714
2026-02-14T18:00:00Z London,2.7416666746139526
2026-02-14T19:00:00Z London,3.024999976158142
2026-02-14T20:00:00Z London,2.8666666746139526
2026-02-14T21:00:00Z London,2.39166667064031
2026-02-14T22:00:00Z London,1.9333332975705464
2026-02-14T23:00:00Z London,1.6583333214124043
2026-02-15T00:00:00Z London,1.475000003973643
2026-02-15T01:00:00Z London,1.6666666666666667
2026-02-15T02:00:00Z London,2.216666648785273
2026-02-15T03:00:00Z London,2.1333333253860474
2026-02-15T04:00:00Z London,1.8499999940395355
2026-02-15T05:00:00Z London,1.4666666587193806
2026-02-15T06:00:00Z London,1.1833333472410839
2026-02-15T07:00:00Z London,1.5750000178813934
2026-02-15T08:00:00Z London,1.7666666706403096
2026-02-15T09:00:00Z London,2.0833333134651184
2026-02-15T10:00:00Z London,2.3666666547457376
2026-02-15T11:00:00Z London,2.7416666547457376
2026-02-15T12:00:00Z London,3.274999996026357
2026-02-15T13:00:00Z London,3.8666666746139526
2026-02-15T14:00:00Z London,4.5333333015441895
2026-02-15T15:00:00Z London,5.400000015894572
2026-02-15T16:00:00Z London,6.450000007947286
2026-02-15T17:00:00Z London,6.608333388964335
2026-02-15T18:00:00Z London,6.833333333333333
2026-02-15T19:00:00Z London,6.316666642824809
2026-02-15T20:00:00Z London,5.283333261807759
2026-02-15T21:00:00Z London,4.933333396911621
2026-02-15T22:00:00Z London,4.71666665871938
2026-02-15T23:00:00Z London,4.608333230018616
2026-02-16T00:00:00Z London,4.433333396911621
2026-02-16T01:00:00Z London,4.400000095367432
2026-02-16T02:00:00Z London,4.308333516120911
2026-02-16T03:00:00Z London,4.166666507720947
2026-02-16T04:00:00Z London,3.9666666984558105
2026-02-16T05:00:00Z London,3.8666667143503823
2026-02-16T06:00:00Z London,3.7583333253860474
2026-02-16T07:00:00Z London,3.6249999403953552
2026-02-16T08:00:00Z London,3.6583333015441895
2026-02-16T09:00:00Z London,4.091666638851166
2026-02-16T10:00:00Z London,4.772727186029607
2026-02-16T11:00:00Z London,5.4916666348775225
2026-02-16T12:00:00Z London,5.916666626930237
2026-02-16T13:00:00Z London,6.400000015894572
2026-02-16T14:00:00Z London,5.775000015894572
2026-02-16T15:00:00Z London,6.333333373069763
2026-02-16T16:00:00Z London,4.891666690508525
2026-02-16T17:00:00Z London,3.7583333253860474
2026-02-16T18:00:00Z London,3.975000003973643
2026-02-16T19:00:00Z London,4.308333357175191
2026-02-16T20:00:00Z London,4.524999976158142
2026-02-16T21:00:00Z London,4.091666579246521
2026-02-16T22:00:00Z London,4.124999920527141
2026-02-16T23:00:00Z London,3.808333377043406
2026-02-17T00:00:00Z London,3.2916666666666665
2026-02-17T01:00:00Z London,2.6833333571751914
2026-02-17T02:00:00Z London,1.924999972184499
2026-02-17T03:00:00Z London,1.6500000059604645
2026-02-17T04:00:00Z London,1.400000015894572
2026-02-17T05:00:00Z London,0.8499999990065893
2026-02-17T06:00:00Z London,0.575000007947286
2026-02-17T07:00:00Z London,0.42500000447034836
2026-02-17T08:00:00Z London,0.7833333313465118
2026-02-17T09:00:00Z London,1.9999999503294628
2026-02-17T10:00:00Z London,3.3083333174387612
2026-02-17T11:00:00Z London,4.549999992052714
2026-02-17T12:00:00Z London,5.266666650772095
2026-02-17T13:00:00Z London,5.266666690508525
2026-02-17T14:00:00Z London,4.933333317438762
2026-02-17T15:00:00Z London,5.008333285649617
2026-02-17T16:00:00Z London,4.366666674613953
2026-02-17T17:00:00Z London,3.6833333373069763
2026-02-17T18:00:00Z London,3.0083333253860474
2026-02-17T19:00:00Z London,2.7916666865348816
2026-02-17T20:00:00Z London,2.725000023841858
2026-02-17T21:00:00Z London,2.108333319425583
2026-02-17T22:00:00Z London,1.549999992052714
2026-02-17T23:00:00Z London,1.2833333214124043
2026-02-18T00:00:00Z London,0.7749999985098839
2026-02-18T01:00:00Z London,0.7416666621963183
2026-02-18T02:00:00Z London,1.308333307504654
2026-02-18T03:00:00Z London,1.6499999860922496
2026-02-18T04:00:00Z London,1.849999984105428
2026-02-18T05:00:00Z London,1.9166666368643444
2026-02-18T06:00:00Z London,1.8583333194255829
2026-02-18T07:00:00Z London,2.016666611035665
2026-02-18T08:00:00Z London,2.0166666408379874
2026-02-18T09:00:00Z London,1.7750000059604645
2026-02-18T10:00:00Z London,2.1250000099341073
2026-02-18T11:00:00Z London,2.749999980131785
2026-02-18T12:00:00Z London,2.7416666547457376
2026-02-18T13:00:00Z London,2.666666646798452
2026-02-18T14:00:00Z London,2.541666646798452
2026-02-18T15:00:00Z London,2.5333333214124045
2026-02-18T16:00:00Z London,2.9333333174387612
2026-02-18T17:00:00Z London,2.8666666746139526
2026-02-18T18:00:00Z London,2.10833332935969
2026-02-18T19:00:00Z London,1.5916666686534882
2026-02-18T20:00:00Z London,1.8166666527589161
2026-02-18T21:00:00Z London,1.824999988079071
2026-02-18T22:00:00Z London,1.550000011920929
2026-02-18T23:00:00Z London,1.825000007947286
2026-02-19T00:00:00Z London,2.549999992052714
2026-02-19T01:00:00Z London,3.1166666547457376
2026-02-19T02:00:00Z London,3.0333333214124045
2026-02-19T03:00:00Z London,3.3083332975705466
2026-02-19T04:00:00Z London,3.3818182078274814
2026-02-19T05:00:00Z London,3.458333373069763
2026-02-19T06:00:00Z London,3.6916666626930237
2026-02-19T07:00:00Z London,3.7166666984558105
2026-02-19T08:00:00Z London,3.9500000278155007
2026-02-19T09:00:00Z London,4.233333269755046
2026-02-19T10:00:00Z London,4.300000031789144
2026-02-19T11:00:00Z London,4.900000015894572
2026-02-19T12:00:00Z London,4.908333420753479
2026-02-19T13:00:00Z London,5.1249998807907104
2026-02-19T14:00:00Z London,5.049999992052714
2026-02-19T15:00:00Z London,4.4416667222976685
2026-02-19T16:00:00Z London,4.608333230018616
2026-02-19T17:00:00Z London,4.574999928474426
2026-02-19T18:00:00Z London,4.266666650772095
2026-02-19T19:00:00Z London,3.9666666189829507
2026-02-19T20:00:00Z London,3.550000031789144
2026-02-19T21:00:00Z London,3.374999980131785
2026-02-19T22:00:00Z London,3.508333384990692
2026-02-19T23:00:00Z London,3.3666666944821677
2026-02-20T00:00:00Z London,3.4333333373069763
2026-02-20T01:00:00Z London,3.5333333015441895
2026-02-20T02:00:00Z London,3.824999988079071
2026-02-20T03:00:00Z London,3.699999988079071
2026-02-20T04:00:00Z London,3.574999968210856
2026-02-20T05:00:00Z London,3.624999980131785
2026-02-20T06:00:00Z London,3.8333333333333335
2026-02-20T07:00:00Z London,4.125
2026-02-20T08:00:00Z London,4.583333412806193
2026-02-20T09:00:00Z London,5.266666650772095
2026-02-20T10:00:00Z London,6.0666667222976685
2026-02-20T11:00:00Z London,6.691666642824809
2026-02-20T12:00:00Z London,7.65833334128062
2026-02-20T13:00:00Z London,7.34166677792867
2026-02-20T14:00:00Z London,7.2833333015441895
2026-02-20T15:00:00Z London,7.941666801770528
2026-02-20T16:00:00Z London,8.633333285649618
2026-02-20T17:00:00Z London,8.633333245913187
2026-02-20T18:00:00Z London,7.5333333015441895
2026-02-20T19:00:00Z London,7.583333293596904
2026-02-20T20:00:00Z London,7.583333333333333
2026-02-20T21:00:00Z London,7.991666754086812
2026-02-20T22:00:00Z London,7.533333420753479
2026-02-20T23:00:00Z London,7.208333174387614
2026-02-21T00:00:00Z London,7.291666666666667
2026-02-21T01:00:00Z London,7.341666738192241
2026-02-21T02:00:00Z London,7.2416666348775225
2026-02-21T03:00:00Z London,7.108333230018616
2026-02-21T04:00:00Z London,7.53333334128062
2026-02-21T05:00:00Z London,7.908333420753479
2026-02-21T06:00:00Z London,8
2026-02-21T07:00:00Z London,7.883333444595337
2026-02-21T08:00:00Z London,7.724999904632568
2026-02-21T09:00:00Z London,8.008333365122477
2026-02-21T10:00:00Z London,8.325000047683716
2026-02-21T11:00:00Z London,8.866666555404663
2026-02-21T12:00:00Z London,9.49999992052714
2026-02-21T13:00:00Z London,10.516666571299234
2026-02-21T14:00:00Z London,10.666666746139526
2026-02-21T15:00:00Z London,10.71666669845581
2026-02-21T16:00:00Z London,10.874999841054281
2026-02-21T17:00:00Z London,10.916666746139526
2026-02-21T18:00:00Z London,10.566666523615519
2026-02-21T19:00:00Z London,10.325000047683716
2026-02-21T20:00:00Z London,10.25
2026-02-21T21:00:00Z London,10.174999952316284
2026-02-21T22:00:00Z London,10.191666523615519
2026-02-21T23:00:00Z London,9.900000015894571
2026-02-22T00:00:00Z London,9.75
2026-02-22T01:00:00Z London,9.87500007947286
2026-02-22T02:00:00Z London,10.016666730244955
2026-02-22T03:00:00Z London,10.00000007947286
2026-02-22T04:00:00Z London,9.53333338101705
2026-02-22T05:00:00Z London,9.541666825612387
2026-02-22T06:00:00Z London,9.59166693687439
2026-02-22T07:00:00Z London,9.758333285649618
2026-02-22T08:00:00Z London,9.916666666666666
2026-02-22T09:00:00Z London,9.583333333333334
2026-02-22T10:00:00Z London,9.833333253860474
2026-02-22T11:00:00Z London,10.308333476384481
2026-02-22T12:00:00Z London,10.608333349227905
2026-02-22T13:00:00Z London,10.633333444595337
2026-02-22T14:00:00Z London,10.90833330154419
2026-02-22T15:00:00Z London,10.90833322207133
2026-02-22T16:00:00Z London,10.78333330154419
2026-02-22T17:00:00Z London,10.508333603541056
2026-02-22T18:00:00Z London,10.108333349227905
2026-02-22T19:00:00Z London,9.616666555404663
2026-02-22T20:00:00Z London,8.633333285649618
2026-02-22T21:00:00Z London,7.9416667222976685
2026-02-22T22:00:00Z London,7.516666650772095
2026-02-22T23:00:00Z London,7.25000003973643
2026-02-23T00:00:00Z London,6.908333420753479
2026-02-23T01:00:00Z London,6.775000095367432
2026-02-23T02:00:00Z London,6.641666531562805
2026-02-23T03:00:00Z London,6.774999976158142
2026-02-23T04:00:00Z London,6.633333245913188
2026-02-23T05:00:00Z London,6.524999976158142
2026-02-23T06:00:00Z London,6.5
2026-02-23T07:00:00Z London,6.599999904632568
2026-02-23T08:00:00Z London,6.891666650772095
2026-02-23T09:00:00Z London,7.291666626930237
2026-02-23T10:00:00Z London,8.183333396911621
2026-02-23T11:00:00Z London,8.700000127156576
2026-02-23T12:00:00Z London,9.308333237965902
2026-02-23T13:00:00Z London,10.008333365122477
2026-02-23T14:00:00Z London,10.625
2026-02-23T15:00:00Z London,10.483333508173624
2026-02-23T16:00:00Z London,9.983333349227905
2026-02-23T17:00:00Z London,9.291666666666666
2026-02-23T18:00:00Z London,8.925000031789144
2026-02-23T19:00:00Z London,9.358333269755045
2026-02-23T20:00:00Z London,9.816666841506958
2026-02-23T21:00:00Z London,10.316666603088379
2026-02-23T22:00:00Z London,10.40833306312561
2026-02-23T23:00:00Z London,10.683333476384481
2026-02-24T00:00:00Z London,10.849999904632568
2026-02-24T01:00:00Z London,10.741666714350382
2026-02-24T02:00:00Z London,10.275000015894571
2026-02-24T03:00:00Z London,9.600000063578287
2026-02-24T04:00:00Z London,9.724999904632568
2026-02-24T05:00:00Z London,9.84166661898295
2026-02-24T06:00:00Z London,9.808333396911621
2026-02-24T07:00:00Z London,9.699999968210856
2026-02-24T08:00:00Z London,9.650000095367432
2026-02-24T09:00:00Z London,10.166666666666666
2026-02-24T10:00:00Z London,10.583333333333334
2026-02-24T11:00:00Z London,11.583333333333334
2026-02-24T12:00:00Z London,12.175000190734863
2026-02-24T13:00:00Z London,12.841666539510092
2026-02-24T14:00:00Z London,13.333333412806192
2026-02-24T15:00:00Z London,12.991666555404663
2026-02-24T16:00:00Z London,12.600000063578287
2026-02-24T17:00:00Z London,11.441666762034098
2026-02-24T18:00:00Z London,10.87499992052714
2026-02-24T19:00:00Z London,10.483333269755045
2026-02-24T20:00:00Z London,10.175000270207724
2026-02-24T21:00:00Z London,9.916666428248087
2026-02-24T22:00:00Z London,9.724999904632568
2026-02-24T23:00:00Z London,9.408333460489908
2026-02-25T00:00:00Z London,9.175000031789144
2026-02-25T01:00:00Z London,8.916666428248087
2026-02-25T02:00:00Z London,8.800000111262003
2026-02-25T03:00:00Z London,8.733333269755045
2026-02-25T04:00:00Z London,8.699999809265137
2026-02-25T05:00:00Z London,8.699999809265137
2026-02-25T06:00:00Z London,8.483333349227905
2026-02-25T07:00:00Z London,8.199999968210856
2026-02-25T08:00:00Z London,8.93333331743876
2026-02-25T09:00:00Z London,10.366666714350382
2026-02-25T10:00:00Z London,11.37500007947286
2026-02-25T11:00:00Z London,12.666666587193808
2026-02-25T12:00:00Z London,13.400000015894571
2026-02-25T13:00:00Z London,14.87500007947286
2026-02-25T14:00:00Z London,15.574999968210856
2026-02-25T15:00:00Z London,16.050000190734863
2026-02-25T16:00:00Z London,15.333333333333334
2026-02-25T17:00:00Z London,14.208333412806192
2026-02-25T18:00:00Z London,13.258333365122477
2026-02-25T19:00:00Z London,12.016666650772095
2026-02-25T20:00:00Z London,11.46666669845581
2026-02-25T21:00:00Z London,10.858333428700766
2026-02-25T22:00:00Z London,10.316666603088379
2026-02-25T23:00:00Z London,9.933333158493042
2026-02-26T00:00:00Z London,9.400000015894571
2026-02-26T01:00:00Z London,8.783333460489908
2026-02-26T02:00:00Z London,8.741666714350382
2026-02-26T03:00:00Z London,8.90833322207133
2026-02-26T04:00:00Z London,9.133333524068197
2026-02-26T05:00:00Z London,9.116666793823242
2026-02-26T06:00:00Z London,9.433333396911621
2026-02-26T07:00:00Z London,9.424999872843424
2026-02-26T08:00:00Z London,9.258333285649618
2026-02-26T09:00:00Z London,9.358333349227905
2026-02-26T10:00:00Z London,9.466666539510092
2026-02-26T11:00:00Z London,9.683333396911621
2026-02-26T12:00:00Z London,10.041666746139526
2026-02-26T13:00:00Z London,10.133333444595337
2026-02-26T14:00:00Z London,10.191666762034098
2026-02-26T15:00:00Z London,10.050000111262003
2026-02-26T16:00:00Z London,10.033333460489908
2026-02-26T17:00:00Z London,9.80833331743876
2026-02-26T18:00:00Z London,9.78333330154419
2026-02-26T19:00:00Z London,9.733333269755045
2026-02-26T20:00:00Z London,9.799999952316284
2026-02-26T21:00:00Z London,9.791666666666666
2026-02-26T22:00:00Z London,9.824999888737997
2026-02-26T23:00:00Z London,9.78333322207133
2026-02-27T00:00:00Z London,8.925000031789144
2026-02-27T01:00:00Z London,8.533333460489908
2026-02-27T02:00:00Z London,8.374999841054281
2026-02-27T03:00:00Z London,8.233333349227905
2026-02-27T04:00:00Z London,8.266666650772095
2026-02-27T05:00:00Z London,8.24999992052714
2026-02-27T06:00:00Z London,8.449999888737997
2026-02-27T07:00:00Z London,8.633333524068197
2026-02-27T08:00:00Z London,8.891666730244955
2026-02-27T09:00:00Z London,9.00000007947286
2026-02-27T10:00:00Z London,9.399999936421713
2026-02-27T11:00:00Z London,9.791666587193808
2026-02-27T12:00:00Z London,10.233333349227905
2026-02-27T13:00:00Z London,10.550000190734863
2026-02-27T14:00:00Z London,10.68333331743876
2026-02-27T15:00:00Z London,10.933333237965902
2026-02-27T16:00:00Z London,10.93333331743876
2026-02-27T17:00:00Z London,10.699999968210856
2026-02-27T18:00:00Z London,9.900000015894571
2026-02-27T19:00:00Z London,9.40833330154419
2026-02-27T20:00:00Z London,8.941666762034098
2026-02-27T21:00:00Z London,8.633333365122477
2026-02-27T22:00:00Z London,8.524999936421713
2026-02-27T23:00:00Z London,8.366666634877523
2026-02-28T00:00:00Z London,8.158333341280619
2026-02-28T01:00:00Z London,8.008333444595337
2026-02-28T02:00:00Z London,7.958333412806193
2026-02-28T03:00:00Z London,7.90833334128062
2026-02-28T04:00:00Z London,7.699999928474426
2026-02-28T05:00:00Z London,7.266666730244954
2026-02-28T06:00:00Z London,6.375
2026-02-28T07:00:00Z London,5.041666626930237
2026-02-28T08:00:00Z London,4.191666642824809
2026-02-28T09:00:00Z London,4.566666603088379
2026-02-28T10:00:00Z London,5.0083333651224775
2026-02-28T11:00:00Z London,5.866666674613953
2026-02-28T12:00:00Z London,6.850000023841858
2026-02-28T13:00:00Z London,7.21666665871938
2026-02-28T14:00:00Z London,7.583333333333333
2026-02-28T15:00:00Z London,7.816666642824809
2026-02-28T16:00:00Z London,7.558333317438762
2026-02-28T17:00:00Z London,7.316666682561238
2026-02-28T18:00:00Z London,6.858333349227905
2026-02-28T19:00:00Z London,6.3416666984558105
2026-02-28T20:00:00Z London,5.84166665871938
2026-02-28T21:00:00Z London,5.708333253860474
2026-02-28T22:00:00Z London,5.800000111262004
2026-02-28T23:00:00Z London,6.091666618982951
