Timestamp,22 Gordon Street Weather Station OAT,"London, United Kingdom Temp",Student Centre Luft WS600 OAT(act)
2026-01-10T00:00:00Z London,2.819999933242798,4,2.5999999046325684
2026-01-10T01:00:00Z London,2.569999933242798,3.75,2.5999999046325684
2026-01-10T02:00:00Z London,2.319999933242798,2.75,2.558333237965902
2026-01-10T03:00:00Z London,2.319999933242798,2,2.0999999046325684
2026-01-10T04:00:00Z London,2.319999933242798,1.75,1.6416666805744171
2026-01-10T05:00:00Z London,2.319999933242798,1,1.600000023841858
2026-01-10T06:00:00Z London,2.010833283265432,0.75,1.600000023841858
2026-01-10T07:00:00Z London,1.7899999618530273,0,1.600000023841858
2026-01-10T08:00:00Z London,1.7899999618530273,0,1.600000023841858
2026-01-10T09:00:00Z London,1.9983332951863606,0,1.600000023841858
2026-01-10T10:00:00Z London,2.498333295186361,0,1.600000023841858
2026-01-10T11:00:00Z London,2.7899999618530273,0.25,1.6416666805744171
2026-01-10T12:00:00Z London,3.275833268960317,1.25,2.0999999046325684
2026-01-10T13:00:00Z London,4.056666672229767,2.25,2.558333237965902
2026-01-10T14:00:00Z London,4.316666781902313,3,2.808333237965902
2026-01-10T15:00:00Z London,3.8399999141693115,3,3.0999999046325684
2026-01-10T16:00:00Z London,3.8399999141693115,3,3.0999999046325684
2026-01-10T17:00:00Z London,3.8399999141693115,2.5,3.141666571299235
2026-01-10T18:00:00Z London,3.5799999237060547,1,3.516666571299235
2026-01-10T19:00:00Z London,2.7366665999094644,1,2.808333237965902
2026-01-10T20:00:00Z London,2.1433332761128745,0.5,2.516666571299235
2026-01-10T21:00:00Z London,1.6199999650319417,-1.25,2.01666659116745
2026-01-10T22:00:00Z London,1.237499972184499,-1.5,1.4333333571751912
2026-01-10T23:00:00Z London,0.4233333269755046,-0.25,-0.09999999403953552
2026-01-11T00:00:00Z London,0.4233333269755046,-1,0.3333333333333333
2026-01-11T01:00:00Z London,0.7699999809265137,-1.25,0.5
2026-01-11T02:00:00Z London,0.7699999809265137,-1.5,0.5
2026-01-11T03:00:00Z London,1.237499972184499,-0.5,0.75
2026-01-11T04:00:00Z London,1.2799999713897705,-2,1
2026-01-11T05:00:00Z London,1.4924999674161274,-2,1.25
2026-01-11T06:00:00Z London,2.4149999618530273,-1.5,2
2026-01-11T07:00:00Z London,3.010833283265432,0,2.7083333333333335
2026-01-11T08:00:00Z London,4.230000019073486,0,4
2026-01-11T09:00:00Z London,5.09250009059906,0.75,4.625
2026-01-11T10:00:00Z London,6.191666762034099,3,5.541666666666667
2026-01-11T11:00:00Z London,7.117499868075053,3.5,6.458333333333333
2026-01-11T12:00:00Z London,7.583333174387614,5.25,7.049999912579854
2026-01-11T13:00:00Z London,8.054999947547913,6.25,7.099999904632568
2026-01-11T14:00:00Z London,7.929999828338623,7,7.558333237965901
2026-01-11T15:00:00Z London,7.583333174387614,7,7.266666571299235
2026-01-11T16:00:00Z London,7.713333169619243,7,7.349999904632568
2026-01-11T17:00:00Z London,8.180000066757202,7,7.599999904632568
2026-01-11T18:00:00Z London,8.346666892369589,7,7.599999904632568
2026-01-11T19:00:00Z London,7.929999828338623,7,7.599999904632568
2026-01-11T20:00:00Z London,8.138333360354105,7.25,8.049999833106995
2026-01-11T21:00:00Z London,8.603333473205566,8,8.366666475931803
2026-01-11T22:00:00Z London,9.123333295186361,8.25,8.999999841054281
2026-01-11T23:00:00Z London,9.770833492279053,9,9.416666666666666
2026-01-12T00:00:00Z London,10.712500095367432,9,10.52500025431315
2026-01-12T01:00:00Z London,11.052500247955322,9.25,11.100000381469727
2026-01-12T02:00:00Z London,11.010000228881836,10,11.05833371480306
2026-01-12T03:00:00Z London,10.670000076293945,10,10.600000381469727
2026-01-12T04:00:00Z London,10.627500057220459,10,10.600000381469727
2026-01-12T05:00:00Z London,10.585000038146973,9.75,10.600000381469727
2026-01-12T06:00:00Z London,11.052500247955322,9,10.750000238418579
2026-01-12T07:00:00Z London,11.350000381469727,9,11.199999809265137
2026-01-12T08:00:00Z London,11.520000457763672,9,11.199999809265137
2026-01-12T09:00:00Z London,11.137500286102295,9.25,10.78333314259847
2026-01-12T10:00:00Z London,11.520000298817953,10,10.949999809265137
2026-01-12T11:00:00Z London,12.029999732971191,10.25,11.199999809265137
2026-01-12T12:00:00Z London,11.987499872843424,11,11.199999809265137
2026-01-12T13:00:00Z London,12.539999961853027,11,11.574999809265137
2026-01-12T14:00:00Z London,12.789999961853027,11.25,11.699999809265137
2026-01-12T15:00:00Z London,12.998333295186361,12,11.699999809265137
2026-01-12T16:00:00Z London,12.454999923706055,12,11.699999809265137
2026-01-12T17:00:00Z London,12.539999961853027,11.75,11.699999809265137
2026-01-12T18:00:00Z London,12.28499984741211,11,11.53333314259847
2026-01-12T19:00:00Z London,11.562500397364298,11,11.199999809265137
2026-01-12T20:00:00Z London,11.647500276565552,10.75,11.199999809265137
2026-01-12T21:00:00Z London,11.137500286102295,10,10.949999809265137
2026-01-12T22:00:00Z London,11.010000228881836,10,10.699999809265137
2026-01-12T23:00:00Z London,10.670000076293945,9.75,10.699999809265137
2026-01-13T00:00:00Z London,10.627500057220459,9,10.616666475931803
2026-01-13T01:00:00Z London,10.712500095367432,9,10.324999809265137
2026-01-13T02:00:00Z London,10.670000076293945,8.5,10.199999809265137
2026-01-13T03:00:00Z London,11.010000228881836,7,10.699999809265137
2026-01-13T04:00:00Z London,11.010000228881836,7.25,10.699999809265137
2026-01-13T05:00:00Z London,10.925000190734863,8.25,10.324999809265137
2026-01-13T06:00:00Z London,11.010000228881836,9,10.199999809265137
2026-01-13T07:00:00Z London,11.010000228881836,9.25,10.199999809265137
2026-01-13T08:00:00Z London,11.010000228881836,10,10.199999809265137
2026-01-13T09:00:00Z London,11.180000305175781,10,10.199999809265137
2026-01-13T10:00:00Z London,11.010000228881836,10,10.199999809265137
2026-01-13T11:00:00Z London,11.392500400543213,10,10.741666475931803
2026-01-13T12:00:00Z London,12.029999732971191,10,11.199999809265137
2026-01-13T13:00:00Z London,11.775000095367432,10,11.149999856948853
2026-01-13T14:00:00Z London,11.010000228881836,10,10.266667048136393
2026-01-13T15:00:00Z London,11.350000381469727,10,11.05833371480306
2026-01-13T16:00:00Z London,11.520000457763672,10,11.266667048136393
2026-01-13T17:00:00Z London,11.520000457763672,10,11.108333667119345
2026-01-13T18:00:00Z London,10.96750020980835,10,10.725000381469727
2026-01-13T19:00:00Z London,10.15833330154419,10,9.59166669845581
2026-01-13T20:00:00Z London,8.646666844685873,9.5,7.9249997933705645
2026-01-13T21:00:00Z London,8.138333360354105,7.75,7.616666475931804
2026-01-13T22:00:00Z London,7.288333177566528,6.75,6.90833314259847
2026-01-13T23:00:00Z London,6.485000054041545,5.75,6.699999809265137
2026-01-14T00:00:00Z London,6.400000095367432,5,6.616666475931804
2026-01-14T01:00:00Z London,6.191666762034099,4.75,6.03333314259847
2026-01-14T02:00:00Z London,5.4749999443689985,4,5.699999809265137
2026-01-14T03:00:00Z London,4.7500001192092896,4,5.241666475931804
2026-01-14T04:00:00Z London,4.360000133514404,3.75,5.074999809265137
2026-01-14T05:00:00Z London,3.8833332657814026,2.75,4.699999809265137
2026-01-14T06:00:00Z London,3.4933332602183023,1.75,4.53333314259847
2026-01-14T07:00:00Z London,3.319999933242798,1,4.199999809265137
2026-01-14T08:00:00Z London,3.319999933242798,1,4.199999809265137
2026-01-14T09:00:00Z London,4.479166607062022,0.75,4.824999809265137
2026-01-14T10:00:00Z London,11.050833622614542,0.25,5.491666475931804
2026-01-14T11:00:00Z London,11.902499914169312,1.5,6.324999809265137
2026-01-14T12:00:00Z London,12.49666659037272,3.5,6.925000031789144
2026-01-14T13:00:00Z London,12.368333180745443,4.75,7.900000214576721
2026-01-14T14:00:00Z London,10.240000168482462,4.75,8.18333371480306
2026-01-14T15:00:00Z London,8.950000127156576,7,8.141667048136393
2026-01-14T16:00:00Z London,8.430000305175781,7,7.666666666666667
2026-01-14T17:00:00Z London,7.929999828338623,7,7.5
2026-01-14T18:00:00Z London,7.929999828338623,7,7.708333333333333
2026-01-14T19:00:00Z London,8.733333508173624,7,8.483333428700766
2026-01-14T20:00:00Z London,9.641666889190674,7.25,9.350000381469727
2026-01-14T21:00:00Z London,10.5,8.25,9.93333371480306
2026-01-14T22:00:00Z London,10.585000038146973,9,10.350000381469727
2026-01-14T23:00:00Z London,11.010000228881836,9,10.600000381469727
2026-01-15T00:00:00Z London,11.010000228881836,9,10.600000381469727
2026-01-15T01:00:00Z London,10.287499904632568,9.25,10.016667048136393
2026-01-15T02:00:00Z London,9.166666666666666,9.5,9.225000381469727
2026-01-15T03:00:00Z London,8.949999809265137,7.75,8.775000095367432
2026-01-15T04:00:00Z London,8.949999809265137,7,9.024999936421713
2026-01-15T05:00:00Z London,9.166666507720947,7.25,9.300000190734863
2026-01-15T06:00:00Z London,10.15999984741211,8,9.633333524068197
2026-01-15T07:00:00Z London,10.5,8,9.800000190734863
2026-01-15T08:00:00Z London,10.117499828338623,8.25,9.59166685740153
2026-01-15T09:00:00Z London,10.117499828338623,9,9.300000190734863
2026-01-15T10:00:00Z London,9.296666781107584,9,9.166666984558105
2026-01-15T11:00:00Z London,9.600000143051147,9,9.100000381469727
2026-01-15T12:00:00Z London,9.68666672706604,9,9.43333371480306
2026-01-15T13:00:00Z London,9.556666851043701,9,9.25000031789144
2026-01-15T14:00:00Z London,9.470000267028809,9,9.125
2026-01-15T15:00:00Z London,9.556666851043701,8.75,9.5
2026-01-15T16:00:00Z London,9.773333311080933,8.25,9.525000174840292
2026-01-15T17:00:00Z London,10.03249979019165,9,9.833333333333334
2026-01-15T18:00:00Z London,10.03249979019165,9,9.966666539510092
2026-01-15T19:00:00Z London,10.074999809265137,9,10
2026-01-15T20:00:00Z London,9.426666657129923,9,9.041666666666666
2026-01-15T21:00:00Z London,8.013333241144815,8.75,7.708333333333333
2026-01-15T22:00:00Z London,7.583333174387614,7.5,7.25
2026-01-15T23:00:00Z London,7.326666514078776,6,7.25
2026-01-16T00:00:00Z London,6.78249990940094,5.75,7
2026-01-16T01:00:00Z London,6.400000095367432,5,6.541666666666667
2026-01-16T02:00:00Z London,6.108333428700765,4.75,6.25
2026-01-16T03:00:00Z London,5.6875,3.75,6.041666666666667
2026-01-16T04:00:00Z London,5.389999866485596,3,5.75
2026-01-16T05:00:00Z London,5.815000057220459,3.25,5.666666666666667
2026-01-16T06:00:00Z London,6.066666762034099,4,6.208333333333333
2026-01-16T07:00:00Z London,6.909999847412109,4,7.083333333333333
2026-01-16T08:00:00Z London,7.368333180745442,4.25,7.75
2026-01-16T09:00:00Z London,8.77750019232432,5.25,8.125
2026-01-16T10:00:00Z London,11.647499958674112,6.25,8.916666666666666
2026-01-16T11:00:00Z London,12.704166571299234,7,9.68333371480306
2026-01-16T12:00:00Z London,12.412499904632568,7.75,10.075000365575155
2026-01-16T13:00:00Z London,12.40749994913737,10,10.350000143051147
2026-01-16T14:00:00Z London,11.605000336964926,10,10.300000190734863
2026-01-16T15:00:00Z London,11.010000228881836,10,10.050000190734863
2026-01-16T16:00:00Z London,10.244166612625122,9.75,9.59166685740153
2026-01-16T17:00:00Z London,9.470000267028809,8.75,9.300000190734863
2026-01-16T18:00:00Z London,9.470000267028809,8,8.925000190734863
2026-01-16T19:00:00Z London,9.383333524068197,8,8.800000190734863
2026-01-16T20:00:00Z London,8.949999809265137,8,8.383333524068197
2026-01-16T21:00:00Z London,8.949999809265137,8,8.300000190734863
2026-01-16T22:00:00Z London,8.473333597183228,7.75,8.133333524068197
2026-01-16T23:00:00Z London,8.430000305175781,7,7.800000190734863
2026-01-17T00:00:00Z London,8.776666641235352,7.25,7.883333524068196
2026-01-17T01:00:00Z London,8.949999809265137,8,8.300000190734863
2026-01-17T02:00:00Z London,8.949999809265137,8,8.300000190734863
2026-01-17T03:00:00Z London,8.949999809265137,8,8.300000190734863
2026-01-17T04:00:00Z London,8.949999809265137,8,8.300000190734863
2026-01-17T05:00:00Z London,8.949999809265137,8,8.300000190734863
2026-01-17T06:00:00Z London,8.949999809265137,8,8.300000190734863
2026-01-17T07:00:00Z London,9.25333340962728,8,8.300000190734863
2026-01-17T08:00:00Z London,9.470000267028809,7.75,8.550000190734863
2026-01-17T09:00:00Z London,10.456666707992554,7,9.050000190734863
2026-01-17T10:00:00Z London,11.392500162124634,7.5,9.71666685740153
2026-01-17T11:00:00Z London,12.912499904632568,9,10.133333524068197
2026-01-17T12:00:00Z London,12.454999923706055,9,10.300000190734863
2026-01-17T13:00:00Z London,12.327499866485596,9.25,10.749999761581421
2026-01-17T14:00:00Z London,12.539999961853027,10,10.899999618530273
2026-01-17T15:00:00Z London,12.15749979019165,10.25,10.608332951863607
2026-01-17T16:00:00Z London,11.817500034968058,10.5,10.358332951863607
2026-01-17T17:00:00Z London,11.265000343322754,9,9.858332951863607
2026-01-17T18:00:00Z London,10.585000038146973,9,9.399999618530273
2026-01-17T19:00:00Z London,9.989999771118164,9,8.983332951863607
2026-01-17T20:00:00Z London,9.946666479110718,8.5,8.608332951863607
2026-01-17T21:00:00Z London,9.470000267028809,7,8.19166648387909
2026-01-17T22:00:00Z London,8.90666659673055,7,7.275000095367432
2026-01-17T23:00:00Z London,8.09666665395101,7,6.691666762034099
2026-01-18T00:00:00Z London,7.929999828338623,7,6.816666762034099
2026-01-18T01:00:00Z London,8.346666892369589,7,7.191666762034099
2026-01-18T02:00:00Z London,8.430000305175781,6.75,7.400000095367432
2026-01-18T03:00:00Z London,8.430000305175781,6.25,7.400000095367432
2026-01-18T04:00:00Z London,8.430000305175781,7,7.400000095367432
2026-01-18T05:00:00Z London,8.430000305175781,7,7.400000095367432
2026-01-18T06:00:00Z London,8.430000305175781,7,7.400000095367432
2026-01-18T07:00:00Z London,8.430000305175781,7,7.400000095367432
2026-01-18T08:00:00Z London,8.733333349227905,7,7.400000095367432
2026-01-18T09:00:00Z London,9.079999923706055,7,7.650000095367432
2026-01-18T10:00:00Z London,9.989999771118164,7.25,8.19166648387909
2026-01-18T11:00:00Z London,10.542500019073486,8,8.899999618530273
2026-01-18T12:00:00Z London,12.955833276112875,8.25,9.858332951863607
2026-01-18T13:00:00Z London,14.123333295186361,9.25,10.858332951863607
2026-01-18T14:00:00Z London,15.579166650772095,10,11.483332951863607
2026-01-18T15:00:00Z London,14.694999694824219,10.25,11.899999618530273
2026-01-18T16:00:00Z London,13.444999694824219,10.75,11.44166628519694
2026-01-18T17:00:00Z London,12.645833571751913,9.5,11.274999618530273
2026-01-18T18:00:00Z London,11.847500324249268,8,10.399999618530273
2026-01-18T19:00:00Z London,11.550000190734863,8,10.399999618530273
2026-01-18T20:00:00Z London,11.125,8,9.94166628519694
2026-01-18T21:00:00Z London,11.039999961853027,8,9.399999618530273
2026-01-18T22:00:00Z London,10.912499904632568,8,9.399999618530273
2026-01-18T23:00:00Z London,10.402499914169312,8,9.399999618530273
2026-01-19T00:00:00Z London,10.020000457763672,7.75,9.399999618530273
2026-01-19T01:00:00Z London,10.190000216166178,7,9.399999618530273
2026-01-19T02:00:00Z London,10.020000457763672,7,9.69166628519694
2026-01-19T03:00:00Z London,10.020000457763672,7,9.44166628519694
2026-01-19T04:00:00Z London,10.020000457763672,7,9.483332951863607
2026-01-19T05:00:00Z London,10.020000457763672,7.25,9.399999618530273
2026-01-19T06:00:00Z London,9.586666742960611,7.75,8.608332951863607
2026-01-19T07:00:00Z London,9.5,7.25,8.774999618530273
2026-01-19T08:00:00Z London,9.803333600362143,8.25,8.899999618530273
2026-01-19T09:00:00Z London,10.232500314712524,9,9.149999618530273
2026-01-19T10:00:00Z London,11.337500095367432,9,9.69166628519694
2026-01-19T11:00:00Z London,11.762500286102295,9.25,10.358332951863607
2026-01-19T12:00:00Z London,11.039999961853027,10,10.19166628519694
2026-01-19T13:00:00Z London,11.550000190734863,9.75,10.299999872843424
2026-01-19T14:00:00Z London,12.143333752950033,9.25,10.850000063578287
2026-01-19T15:00:00Z London,12.476667086283365,10,11.43333371480306
2026-01-19T16:00:00Z London,12.0600004196167,10,11.100000381469727
2026-01-19T17:00:00Z London,11.93250036239624,10,10.891667048136393
2026-01-19T18:00:00Z London,11.507500171661377,10,10.475000381469727
2026-01-19T19:00:00Z London,10.827499866485596,9.5,10.05833371480306
2026-01-19T20:00:00Z London,10.529999732971191,8,9.600000381469727
2026-01-19T21:00:00Z London,10.614999771118164,8,10.05833371480306
2026-01-19T22:00:00Z London,11.039999961853027,8,10.100000381469727
2026-01-19T23:00:00Z London,11.039999961853027,8,10.100000381469727
2026-01-20T00:00:00Z London,10.65749979019165,8,10.05833371480306
2026-01-20T01:00:00Z London,10.529999732971191,8.25,9.600000381469727
2026-01-20T02:00:00Z London,10.190000216166178,8.75,9.600000381469727
2026-01-20T03:00:00Z London,10.147500276565552,8,9.600000381469727
2026-01-20T04:00:00Z London,10.147500276565552,8,9.975000381469727
2026-01-20T05:00:00Z London,10.020000457763672,8,9.68333371480306
2026-01-20T06:00:00Z London,9.673333485921225,8,9.600000381469727
2026-01-20T07:00:00Z London,9.760000228881836,8,9.600000381469727
2026-01-20T08:00:00Z London,9.5,8.25,9.600000381469727
2026-01-20T09:00:00Z London,10.3158331712087,9,9.600000381469727
2026-01-20T10:00:00Z London,10.529999732971191,9,9.600000381469727
2026-01-20T11:00:00Z London,11.59250020980835,9.25,10.149999856948853
2026-01-20T12:00:00Z London,11.975000381469727,10,10.199999809265137
2026-01-20T13:00:00Z London,12.015000343322754,10,10.375000158945719
2026-01-20T14:00:00Z London,11.847500324249268,10.25,10.34166685740153
2026-01-20T15:00:00Z London,11.252500057220459,10.75,10.133333524068197
2026-01-20T16:00:00Z London,10.402499914169312,10,9.71666685740153
2026-01-20T17:00:00Z London,10.020000457763672,9.75,9.300000190734863
2026-01-20T18:00:00Z London,9.976667086283365,9,9.300000190734863
2026-01-20T19:00:00Z London,9.630000114440918,9,9.300000190734863
2026-01-20T20:00:00Z London,10.020000457763672,9,9.300000190734863
2026-01-20T21:00:00Z London,9.28333322207133,9,9.09166685740153
2026-01-20T22:00:00Z London,8.460000038146973,8.75,8.691666603088379
2026-01-20T23:00:00Z London,8.460000038146973,8,8.516666650772095
2026-01-21T00:00:00Z London,8.322500030199686,7.75,8.475000143051147
2026-01-21T01:00:00Z London,8.305000185966492,7,8.300000190734863
2026-01-21T02:00:00Z London,7.539999842643738,7,7.883333524068196
2026-01-21T03:00:00Z London,7.243333180745442,6.75,7.71666685740153
2026-01-21T04:00:00Z London,6.909999847412109,5.75,7.300000190734863
2026-01-21T05:00:00Z London,6.909999847412109,5,7.175000190734863
2026-01-21T06:00:00Z London,7.034999847412109,4.75,6.800000190734863
2026-01-21T07:00:00Z London,7.453333179155986,4.25,7.175000190734863
2026-01-21T08:00:00Z London,7.929999828338623,5.5,7.37500015894572
2026-01-21T09:00:00Z London,8.305000185966492,7,7.71666685740153
2026-01-21T10:00:00Z London,9.426666895548502,7,9.09166685740153
2026-01-21T11:00:00Z London,9.859999895095825,7.5,9.46666669845581
2026-01-21T12:00:00Z London,9.989999771118164,9,9.5
2026-01-21T13:00:00Z London,9.989999771118164,9,9.5
2026-01-21T14:00:00Z London,9.513333559036255,9,9.083333333333334
2026-01-21T15:00:00Z London,9.470000267028809,9,9
2026-01-21T16:00:00Z London,9.470000267028809,9,9
2026-01-21T17:00:00Z London,9.470000267028809,9,9.191666603088379
2026-01-21T18:00:00Z London,9.556666851043701,9,9.5
2026-01-21T19:00:00Z London,9.989999771118164,9,9.5
2026-01-21T20:00:00Z London,9.989999771118164,9,9.5
2026-01-21T21:00:00Z London,9.989999771118164,9,9.5
2026-01-21T22:00:00Z London,9.989999771118164,9,9.5
2026-01-21T23:00:00Z London,10.414999961853027,9,9.5
2026-01-22T00:00:00Z London,10.5,9.25,9.5
2026-01-22T01:00:00Z London,10.202499866485596,10,9.291666666666666
2026-01-22T02:00:00Z London,9.859999895095825,9.75,9
2026-01-22T03:00:00Z London,9.470000267028809,9,9
2026-01-22T04:00:00Z London,9.470000267028809,9,9
2026-01-22T05:00:00Z London,9.470000267028809,8,8.75
2026-01-22T06:00:00Z London,9.470000267028809,7.583333333333333,8.5
2026-01-22T07:00:00Z London,9.25333340962728,7.416666666666667,8.5
2026-01-22T08:00:00Z London,8.949999809265137,8,8.5
2026-01-22T09:00:00Z London,9.036666552225748,8,8.5
2026-01-22T10:00:00Z London,9.68666672706604,8.416666666666666,8.5
2026-01-22T11:00:00Z London,9.989999771118164,9,8.958333333333334
2026-01-22T12:00:00Z London,10.457499980926514,9,9
2026-01-22T13:00:00Z London,10.755000114440918,9.416666666666666,9.600000381469727
2026-01-22T14:00:00Z London,10.96750020980835,10,9.475000381469727
2026-01-22T15:00:00Z London,10.372499942779541,9.583333333333334,9.100000381469727
2026-01-22T16:00:00Z London,9.989999771118164,8.166666666666666,9.100000381469727
2026-01-22T17:00:00Z London,9.903333187103271,7,9.100000381469727
2026-01-22T18:00:00Z London,9.643333435058594,7.833333333333333,9.100000381469727
2026-01-22T19:00:00Z London,9.600000143051147,9,9.100000381469727
2026-01-22T20:00:00Z London,9.296666781107584,9,9.100000381469727
2026-01-22T21:00:00Z London,9.036666552225748,8.583333333333334,9.100000381469727
2026-01-22T22:00:00Z London,8.603333473205566,7.583333333333333,9.100000381469727
2026-01-22T23:00:00Z London,8.430000305175781,7,8.600000381469727
2026-01-23T00:00:00Z London,8.690000057220459,7,8.600000381469727
2026-01-23T01:00:00Z London,8.949999809265137,6.583333333333333,8.600000381469727
2026-01-23T02:00:00Z London,8.863333225250244,6,8.225000381469727
2026-01-23T03:00:00Z London,8.863333225250244,6.416666666666667,8.100000381469727
2026-01-23T04:00:00Z London,8.430000305175781,7,7.5
2026-01-23T05:00:00Z London,8.430000305175781,7,7.5
2026-01-23T06:00:00Z London,8.430000305175781,7,7.5
2026-01-23T07:00:00Z London,8.430000305175781,7,7.5
2026-01-23T08:00:00Z London,8.430000305175781,7,7.5
2026-01-23T09:00:00Z London,8.430000305175781,7,7.5
2026-01-23T10:00:00Z London,8.430000305175781,7,7.5
2026-01-23T11:00:00Z London,8.2216667731603,7,7.5
2026-01-23T12:00:00Z London,8.993333260218302,7.416666666666667,7.791666666666667
2026-01-23T13:00:00Z London,10.200833320617676,8.416666666666666,8.666666984558105
2026-01-23T14:00:00Z London,10.96750020980835,9,9.55833371480306
2026-01-23T15:00:00Z London,11.010000228881836,9,9.600000381469727
2026-01-23T16:00:00Z London,10.15999984741211,9,9.141667048136393
2026-01-23T17:00:00Z London,9.989999771118164,9,9.05833371480306
2026-01-23T18:00:00Z London,9.556666851043701,8.583333333333334,8.600000381469727
2026-01-23T19:00:00Z London,9.079999923706055,8,8.141667048136393
2026-01-23T20:00:00Z London,8.949999809265137,7.583333333333333,8.100000381469727
2026-01-23T21:00:00Z London,8.949999809265137,7.416666666666667,8.100000381469727
2026-01-23T22:00:00Z London,8.56000018119812,8,7.950000286102295
2026-01-23T23:00:00Z London,7.929999828338623,7.583333333333333,7.5
2026-01-24T00:00:00Z London,8.138333360354105,7,7.5
2026-01-24T01:00:00Z London,8.430000305175781,7,7.5
2026-01-24T02:00:00Z London,8.430000305175781,7,7.5
2026-01-24T03:00:00Z London,8.430000305175781,7,7.5
2026-01-24T04:00:00Z London,8.430000305175781,7,7.5
2026-01-24T05:00:00Z London,7.971666534741719,7,7.5
2026-01-24T06:00:00Z London,7.843333164850871,7,6.958333333333333
2026-01-24T07:00:00Z London,7.326666514078776,7,6.5
2026-01-24T08:00:00Z London,6.909999847412109,6.583333333333333,6.5
2026-01-24T09:00:00Z London,7.671666542689006,6,6.625
2026-01-24T10:00:00Z London,11.22249992688497,6,7.483333428700765
2026-01-24T11:00:00Z London,11.945000012715658,6.833333333333333,8.516667048136393
2026-01-24T12:00:00Z London,11.56250007947286,8.416666666666666,9.100000381469727
2026-01-24T13:00:00Z London,11.477500279744467,9,9.30833371480306
2026-01-24T14:00:00Z London,11.010000228881836,9,9.30833371480306
2026-01-24T15:00:00Z London,10.96750020980835,9.416666666666666,9.016667048136393
2026-01-24T16:00:00Z London,9.123333295186361,9.583333333333334,8.391667048136393
2026-01-24T17:00:00Z London,8.473333597183228,8.583333333333334,7.950000286102295
2026-01-24T18:00:00Z London,8.430000305175781,8,7.5
2026-01-24T19:00:00Z London,8.430000305175781,7.583333333333333,7.5
2026-01-24T20:00:00Z London,8.430000305175781,7,7.5
2026-01-24T21:00:00Z London,8.520000060399374,7,7.875
2026-01-24T22:00:00Z London,7.929999828338623,7,7.791666666666667
2026-01-24T23:00:00Z London,7.713333169619243,7,7.5
2026-01-25T00:00:00Z London,7.409999847412109,7,7.5
2026-01-25T01:00:00Z London,7.409999847412109,7,7.483333349227905
2026-01-25T02:00:00Z London,7.799999833106995,7,7.400000095367432
2026-01-25T03:00:00Z London,7.929999828338623,7,7.400000095367432
2026-01-25T04:00:00Z London,7.929999828338623,7,7.400000095367432
2026-01-25T05:00:00Z London,7.929999828338623,7,7.400000095367432
2026-01-25T06:00:00Z London,7.929999828338623,7,7.400000095367432
2026-01-25T07:00:00Z London,7.929999828338623,7,7.400000095367432
2026-01-25T08:00:00Z London,7.929999828338623,7,7.400000095367432
2026-01-25T09:00:00Z London,8.346666892369589,7,7.358333428700765
2026-01-25T10:00:00Z London,8.430000305175781,7,6.900000095367432
2026-01-25T11:00:00Z London,8.430000305175781,7.416666666666667,6.900000095367432
2026-01-25T12:00:00Z London,8.690000057220459,7.583333333333333,7.150000095367432
2026-01-25T13:00:00Z London,9.34000015258789,7.416666666666667,7.816666762034099
2026-01-25T14:00:00Z London,8.90666651725769,8,7.441666762034099
2026-01-25T15:00:00Z London,8.388333598772684,8,7.066666762034099
2026-01-25T16:00:00Z London,7.669999837875366,7.583333333333333,6.566666762034099
2026-01-25T17:00:00Z London,6.951666514078776,6.583333333333333,6.066666762034099
2026-01-25T18:00:00Z London,6.909999847412109,6,5.900000095367432
2026-01-25T19:00:00Z London,6.909999847412109,6,5.900000095367432
2026-01-25T20:00:00Z London,6.909999847412109,6,6.316666762034099
2026-01-25T21:00:00Z London,6.909999847412109,6,6.400000095367432
2026-01-25T22:00:00Z London,6.909999847412109,6,5.941666762034099
2026-01-25T23:00:00Z London,6.909999847412109,6,5.900000095367432
2026-01-26T00:00:00Z London,6.824999888737996,6,5.900000095367432
2026-01-26T01:00:00Z London,6.400000095367432,6,5.608333428700765
2026-01-26T02:00:00Z London,6.150000095367432,5.583333333333333,5.400000095367432
2026-01-26T03:00:00Z London,5.900000095367432,5,5.025000095367432
2026-01-26T04:00:00Z London,5.900000095367432,5,4.900000095367432
2026-01-26T05:00:00Z London,5.6875,5,4.858333428700765
2026-01-26T06:00:00Z London,5.389999866485596,4.583333333333333,4.400000095367432
2026-01-26T07:00:00Z London,5.644999980926514,4,4.483333428700765
2026-01-26T08:00:00Z London,5.900000095367432,4,4.400000095367432
2026-01-26T09:00:00Z London,5.900000095367432,4,4.400000095367432
2026-01-26T10:00:00Z London,6.191666762034099,4,4.400000095367432
2026-01-26T11:00:00Z London,7.161666512489319,4,4.858333428700765
2026-01-26T12:00:00Z London,7.929999828338623,4.416666666666667,4.900000095367432
2026-01-26T13:00:00Z London,8.346666892369589,5.416666666666667,5.275000095367432
2026-01-26T14:00:00Z London,7.929999828338623,6,5.400000095367432
2026-01-26T15:00:00Z London,7.929999828338623,6,5.650000095367432
2026-01-26T16:00:00Z London,7.496666510899861,6,5.900000095367432
2026-01-26T17:00:00Z London,7.409999847412109,6,5.900000095367432
2026-01-26T18:00:00Z London,7.409999847412109,6,5.900000095367432
2026-01-26T19:00:00Z London,6.909999847412109,6,5.900000095367432
2026-01-26T20:00:00Z London,6.909999847412109,6,5.900000095367432
2026-01-26T21:00:00Z London,6.909999847412109,6,5.900000095367432
2026-01-26T22:00:00Z London,6.909999847412109,6,5.900000095367432
2026-01-26T23:00:00Z London,6.909999847412109,6,5.900000095367432
2026-01-27T00:00:00Z London,7.326666514078776,6,6.275000095367432
2026-01-27T01:00:00Z London,7.799999833106995,6,6.891666769981384
2026-01-27T02:00:00Z London,7.409999847412109,6,6.900000095367432
2026-01-27T03:00:00Z London,7.409999847412109,6,6.900000095367432
2026-01-27T04:00:00Z London,7.409999847412109,6.416666666666667,6.900000095367432
2026-01-27T05:00:00Z London,7.368333180745442,7,6.750000079472859
2026-01-27T06:00:00Z London,6.909999847412109,6.583333333333333,6.508333404858907
2026-01-27T07:00:00Z London,6.909999847412109,6,6.400000095367432
2026-01-27T08:00:00Z London,6.909999847412109,6,6.400000095367432
2026-01-27T09:00:00Z London,6.909999847412109,6.416666666666667,6.400000095367432
2026-01-27T10:00:00Z London,7.243333180745442,7,6.733333428700765
2026-01-27T11:00:00Z London,7.496666510899861,7,7.066666762034099
2026-01-27T12:00:00Z London,8.2216667731603,7.416666666666667,7.400000095367432
2026-01-27T13:00:00Z London,8.603333473205566,8,7.733333428700765
2026-01-27T14:00:00Z London,9.599999825159708,8,8.575000007947287
2026-01-27T15:00:00Z London,10.457499980926514,8.416666666666666,9.833333333333334
2026-01-27T16:00:00Z London,10.670000076293945,9.833333333333334,10.649999936421713
2026-01-27T17:00:00Z London,10.202499866485596,10.166666666666666,9.875
2026-01-27T18:00:00Z London,9.34000015258789,9,9.166666666666666
2026-01-27T19:00:00Z London,8.733333349227905,8.583333333333334,8.833333333333334
2026-01-27T20:00:00Z London,8.430000305175781,7.166666666666667,8.583333333333334
2026-01-27T21:00:00Z London,7.709999918937683,6,7.291666666666667
2026-01-27T22:00:00Z London,6.990833242734273,6,6.666666666666667
2026-01-27T23:00:00Z London,6.400000095367432,6,6.5
2026-01-28T00:00:00Z London,6.400000095367432,5.583333333333333,6.791666666666667
2026-01-28T01:00:00Z London,6.400000095367432,4.583333333333333,6.583333333333333
2026-01-28T02:00:00Z London,6.400000095367432,4,6.5
2026-01-28T03:00:00Z London,6.400000095367432,2.75,6.666666666666667
2026-01-28T04:00:00Z London,6.6549999713897705,1.4166666666666667,7
2026-01-28T05:00:00Z London,6.400000095367432,2.4166666666666665,6.583333333333333
2026-01-28T06:00:00Z London,5.980833371480306,2.1666666666666665,6.25
2026-01-28T07:00:00Z London,5.389999866485596,1,5.875
2026-01-28T08:00:00Z London,4.922500093777974,1,5.5
2026-01-28T09:00:00Z London,6.489166657129924,0.5833333333333334,5.875
2026-01-28T10:00:00Z London,12.614999930063883,0.4166666666666667,6.625
2026-01-28T11:00:00Z London,15.394166866938273,2.25,8.208333333333334
2026-01-28T12:00:00Z London,15.206666628519693,5.666666666666667,9
2026-01-28T13:00:00Z London,12.563333431879679,8.416666666666666,9.416666666666666
2026-01-28T14:00:00Z London,11.760000069936117,9.416666666666666,9.866666634877523
2026-01-28T15:00:00Z London,11.422500133514404,9.583333333333334,10.050000031789144
2026-01-28T16:00:00Z London,10.614999771118164,9,9.75
2026-01-28T17:00:00Z London,9.930833419164022,9,9.25
2026-01-28T18:00:00Z London,9.06666628519694,8.583333333333334,8.791666666666666
2026-01-28T19:00:00Z London,8.369999885559082,7.166666666666667,8.25
2026-01-28T20:00:00Z London,7.929999828338623,5.166666666666667,7.75
2026-01-28T21:00:00Z London,7.034166574478149,3.1666666666666665,7.166666666666667
2026-01-28T22:00:00Z London,6.233333428700765,1.5833333333333333,6.375
2026-01-28T23:00:00Z London,5.517499923706055,2.25,5.541666666666667
2026-01-29T00:00:00Z London,4.792500098546346,3.5833333333333335,4.583333333333333
2026-01-29T01:00:00Z London,4.316666781902313,3,3.5833333333333335
2026-01-29T02:00:00Z London,3.8399999141693115,2.1666666666666665,3.125
2026-01-29T03:00:00Z London,3.8399999141693115,1,3
2026-01-29T04:00:00Z London,3.8399999141693115,0.5833333333333334,3
2026-01-29T05:00:00Z London,3.8399999141693115,0,3
2026-01-29T06:00:00Z London,3.8399999141693115,0.4166666666666667,3
2026-01-29T07:00:00Z London,4.663333435853322,1,3.6666666666666665
2026-01-29T08:00:00Z London,5.432499965031941,1.8333333333333333,4.416666666666667
2026-01-29T09:00:00Z London,6.445000012715657,3.4166666666666665,4.958333333333333
2026-01-29T10:00:00Z London,9.93583333492279,4,5.958333333333333
2026-01-29T11:00:00Z London,9.120833476384481,4.833333333333333,6.5
2026-01-29T12:00:00Z London,9.253333330154419,6.416666666666667,6.916666666666667
2026-01-29T13:00:00Z London,9.210000038146973,7,7
2026-01-29T14:00:00Z London,8.430000305175781,7,7
2026-01-29T15:00:00Z London,8.430000305175781,7,7
2026-01-29T16:00:00Z London,8.09666665395101,7,6.708333333333333
2026-01-29T17:00:00Z London,7.409999847412109,6.583333333333333,6.208333333333333
2026-01-29T18:00:00Z London,7.034999847412109,6,5.833333333333333
2026-01-29T19:00:00Z London,6.570000012715657,6,5.458333333333333
2026-01-29T20:00:00Z London,6.400000095367432,5.583333333333333,5
2026-01-29T21:00:00Z London,5.983333428700765,5,5
2026-01-29T22:00:00Z London,5.857500076293945,5,4.666666666666667
2026-01-29T23:00:00Z London,5.262499928474426,5,4.041666666666667
2026-01-30T00:00:00Z London,4.880000114440918,4.583333333333333,4
2026-01-30T01:00:00Z London,4.880000114440918,4,4
2026-01-30T02:00:00Z London,4.880000114440918,4,4
2026-01-30T03:00:00Z London,4.880000114440918,4,4
2026-01-30T04:00:00Z London,5.21999994913737,4,4.625
2026-01-30T05:00:00Z London,5.772500038146973,4.416666666666667,5.125
2026-01-30T06:00:00Z London,6.400000095367432,5.416666666666667,5.791666666666667
2026-01-30T07:00:00Z London,6.570000012715657,6,6.083333333333333
2026-01-30T08:00:00Z London,7.034999847412109,6,6.5
2026-01-30T09:00:00Z London,8.011666576067606,6.416666666666667,7.125
2026-01-30T10:00:00Z London,9.815000057220459,7,8.666666666666666
2026-01-30T11:00:00Z London,10.925000190734863,7.416666666666667,9.75
2026-01-30T12:00:00Z London,12.02833334604899,8.833333333333334,10.824999809265137
2026-01-30T13:00:00Z London,12.787499904632568,10.416666666666666,10.683333396911621
2026-01-30T14:00:00Z London,13.081666628519693,11,11.09166685740153
2026-01-30T15:00:00Z London,11.690000216166178,11,10.425000190734863
2026-01-30T16:00:00Z London,10.96750020980835,10.583333333333334,9.883333524068197
2026-01-30T17:00:00Z London,10.244166612625122,10,9.300000190734863
2026-01-30T18:00:00Z London,9.470000267028809,9.666666666666666,8.925000190734863
2026-01-30T19:00:00Z London,9.470000267028809,8.666666666666666,8.849999904632568
2026-01-30T20:00:00Z London,9.166666666666666,8,9.28333314259847
2026-01-30T21:00:00Z London,8.603333473205566,8,9.208333492279053
2026-01-30T22:00:00Z London,8.138333360354105,7.666666666666667,8.800000190734863
2026-01-30T23:00:00Z London,7.929999828338623,6.666666666666667,8.425000190734863
2026-01-31T00:00:00Z London,7.929999828338623,6,8.300000190734863
2026-01-31T01:00:00Z London,7.929999828338623,6.333333333333333,8.800000190734863
2026-01-31T02:00:00Z London,7.929999828338623,6.666666666666667,8.675000190734863
2026-01-31T03:00:00Z London,7.929999828338623,6,8.300000190734863
2026-01-31T04:00:00Z London,7.929999828338623,6,8.300000190734863
2026-01-31T05:00:00Z London,7.929999828338623,6,8.300000190734863
2026-01-31T06:00:00Z London,7.929999828338623,6,8.300000190734863
2026-01-31T07:00:00Z London,8.013333241144815,6,8.300000190734863
2026-01-31T08:00:00Z London,8.516666889190674,6,8.508333524068197
2026-01-31T09:00:00Z London,8.949999809265137,6,8.925000190734863
2026-01-31T10:00:00Z London,9.470000267028809,6.666666666666667,8.96666685740153
2026-01-31T11:00:00Z London,9.989999771118164,8,9.300000190734863
2026-01-31T12:00:00Z London,11.477500279744467,8.666666666666666,9.891666332880655
2026-01-31T13:00:00Z London,12.539999961853027,10.333333333333334,10.69166628519694
2026-01-31T14:00:00Z London,12.072499831517538,11,10.899999618530273
2026-01-31T15:00:00Z London,11.477500438690186,10,10.56666628519694
2026-01-31T16:00:00Z London,10.457499980926514,8,9.94166628519694
2026-01-31T17:00:00Z London,9.989999771118164,8,9.399999618530273
2026-01-31T18:00:00Z London,9.859999895095825,8,9.399999618530273
2026-01-31T19:00:00Z London,9.123333295186361,8,8.983332951863607
2026-01-31T20:00:00Z London,8.603333473205566,8,8.69166628519694
2026-01-31T21:00:00Z London,8.646666765213013,8,8.69166628519694
2026-01-31T22:00:00Z London,8.949999809265137,8,8.608332951863607
2026-01-31T23:00:00Z London,8.949999809265137,8,8.399999618530273
2026-02-01T00:00:00Z London,8.949999809265137,8,8.399999618530273
2026-02-01T01:00:00Z London,8.949999809265137,8,8.899999936421713
2026-02-01T02:00:00Z London,8.949999809265137,7.666666666666667,8.625
2026-02-01T03:00:00Z London,8.949999809265137,7,8.541666666666666
2026-02-01T04:00:00Z London,8.949999809265137,7,9
2026-02-01T05:00:00Z London,8.949999809265137,7,9
2026-02-01T06:00:00Z London,8.949999809265137,7,9
2026-02-01T07:00:00Z London,8.949999809265137,6.666666666666667,9
2026-02-01T08:00:00Z London,9.036666552225748,6.333333333333333,9
2026-02-01T09:00:00Z London,9.470000267028809,7.333333333333333,9
2026-02-01T10:00:00Z London,9.470000267028809,8,9
2026-02-01T11:00:00Z London,9.643333435058594,8.333333333333334,9.333333333333334
2026-02-01T12:00:00Z London,11.520000060399374,9,9.974999904632568
2026-02-01T13:00:00Z London,10.96666677792867,9,9.891666332880655
2026-02-01T14:00:00Z London,9.470000267028809,9,8.800000190734863
2026-02-01T15:00:00Z London,9.470000267028809,9,9.208333333333334
2026-02-01T16:00:00Z London,9.470000267028809,9,9
2026-02-01T17:00:00Z London,9.470000267028809,9,9
2026-02-01T18:00:00Z London,9.470000267028809,8.666666666666666,8.583333333333334
2026-02-01T19:00:00Z London,9.036666552225748,8,8.25
2026-02-01T20:00:00Z London,8.603333473205566,8,8
2026-02-01T21:00:00Z London,8.430000305175781,8,8
2026-02-01T22:00:00Z London,8.430000305175781,7.666666666666667,7.666666666666667
2026-02-01T23:00:00Z London,8.013333241144815,7,7.5
2026-02-02T00:00:00Z London,7.929999828338623,7,7.5
2026-02-02T01:00:00Z London,7.929999828338623,7,7.5
2026-02-02T02:00:00Z London,7.929999828338623,7,7.5
2026-02-02T03:00:00Z London,7.929999828338623,7,7.5
2026-02-02T04:00:00Z London,7.929999828338623,7,7.5
2026-02-02T05:00:00Z London,7.929999828338623,7,7.5
2026-02-02T06:00:00Z London,7.929999828338623,7,7.5
2026-02-02T07:00:00Z London,7.929999828338623,7,7.5
2026-02-02T08:00:00Z London,7.929999828338623,7,7.5
2026-02-02T09:00:00Z London,8.430000305175781,7,7.5
2026-02-02T10:00:00Z London,8.863333225250244,7,7.791666666666667
2026-02-02T11:00:00Z London,9.470000267028809,7.333333333333333,8
2026-02-02T12:00:00Z London,9.470000267028809,8.333333333333334,8
2026-02-02T13:00:00Z London,9.470000267028809,9,8
2026-02-02T14:00:00Z London,9.470000267028809,8.666666666666666,8
2026-02-02T15:00:00Z London,9.426666895548502,8,8
2026-02-02T16:00:00Z London,8.949999809265137,8,8
2026-02-02T17:00:00Z London,8.949999809265137,8,8
2026-02-02T18:00:00Z London,8.949999809265137,8,8
2026-02-02T19:00:00Z London,8.863333225250244,8,7.833333333333333
2026-02-02T20:00:00Z London,8.011666615804037,8,7.166666666666667
2026-02-02T21:00:00Z London,7.409999847412109,7.666666666666667,7
2026-02-02T22:00:00Z London,7.409999847412109,6.666666666666667,7
2026-02-02T23:00:00Z London,7.409999847412109,6.333333333333333,7
2026-02-03T00:00:00Z London,7.409999847412109,7,7
2026-02-03T01:00:00Z London,7.409999847412109,7,7
2026-02-03T02:00:00Z London,7.409999847412109,7,6.958333333333333
2026-02-03T03:00:00Z London,7.409999847412109,7,6.416666666666667
2026-02-03T04:00:00Z London,6.909999847412109,7,6
2026-02-03T05:00:00Z London,6.867499868075053,6.666666666666667,5.833333333333333
2026-02-03T06:00:00Z London,6.400000095367432,6,5.5
2026-02-03T07:00:00Z London,6.275000095367432,6,5.416666666666667
2026-02-03T08:00:00Z London,5.900000095367432,5.666666666666667,5
2026-02-03T09:00:00Z London,5.900000095367432,5,5
2026-02-03T10:00:00Z London,5.900000095367432,4.666666666666667,5
2026-02-03T11:00:00Z London,5.432499885559082,4,4.833333333333333
2026-02-03T12:00:00Z London,5.389999866485596,4,4.5
2026-02-03T13:00:00Z London,5.389999866485596,4,4.5
2026-02-03T14:00:00Z London,5.389999866485596,4,4.5
2026-02-03T15:00:00Z London,4.922500093777974,4,4.416666666666667
2026-02-03T16:00:00Z London,4.446666797002156,4,4
2026-02-03T17:00:00Z London,4.360000133514404,4,4
2026-02-03T18:00:00Z London,4.360000133514404,3.6666666666666665,4
2026-02-03T19:00:00Z London,4.360000133514404,3,4
2026-02-03T20:00:00Z London,4.360000133514404,3,4
2026-02-03T21:00:00Z London,4.360000133514404,3,4
2026-02-03T22:00:00Z London,4.490000128746033,3,4
2026-02-03T23:00:00Z London,4.880000114440918,3,4.291666666666667
2026-02-04T00:00:00Z London,4.880000114440918,3,4.5
2026-02-04T01:00:00Z London,5.21999994913737,3.3333333333333335,4.833333333333333
2026-02-04T02:00:00Z London,5.389999866485596,4,5
2026-02-04T03:00:00Z London,5.6875,4,5.291666666666667
2026-02-04T04:00:00Z London,6.191666762034099,4.333333333333333,5.75
2026-02-04T05:00:00Z London,6.739999930063884,5,6.458333333333333
2026-02-04T06:00:00Z London,7.034999847412109,5.333333333333333,7
2026-02-04T07:00:00Z London,7.409999847412109,6,7.458333333333333
2026-02-04T08:00:00Z London,7.756666501363118,6.333333333333333,7.5
2026-02-04T09:00:00Z London,8.399166584014893,7,7.583333333333333
2026-02-04T10:00:00Z London,12.40416669845581,7,8.600000381469727
2026-02-04T11:00:00Z London,13.455833276112875,7.333333333333333,9.016667048136393
2026-02-04T12:00:00Z London,15.171666781107584,9,9.641667048136393
2026-02-04T13:00:00Z London,14.71666685740153,11,10.100000381469727
2026-02-04T14:00:00Z London,14.164999961853027,11,10.475000381469727
2026-02-04T15:00:00Z London,13.078333298365274,11,10.350000381469727
2026-02-04T16:00:00Z London,10.5,11,9.425000031789144
2026-02-04T17:00:00Z London,9.903333187103271,10.666666666666666,9
2026-02-04T18:00:00Z London,9.470000267028809,9.666666666666666,9
2026-02-04T19:00:00Z London,9.470000267028809,8.666666666666666,9
2026-02-04T20:00:00Z London,9.470000267028809,8.333333333333334,9
2026-02-04T21:00:00Z London,9.166666666666666,9,8.708333333333334
2026-02-04T22:00:00Z London,8.949999809265137,9,8.5
2026-02-04T23:00:00Z London,8.90666651725769,9,8.333333333333334
2026-02-05T00:00:00Z London,8.430000305175781,8.666666666666666,8
2026-02-05T01:00:00Z London,8.430000305175781,8,7.875
2026-02-05T02:00:00Z London,8.430000305175781,8,7.5
2026-02-05T03:00:00Z London,7.754999876022339,8,6.833333333333333
2026-02-05T04:00:00Z London,7.409999847412109,7.666666666666667,6.5
2026-02-05T05:00:00Z London,7.409999847412109,7,6.5
2026-02-05T06:00:00Z London,7.409999847412109,7,6.5
2026-02-05T07:00:00Z London,7.284999847412109,6.666666666666667,6.416666666666667
2026-02-05T08:00:00Z London,6.909999847412109,6.333333333333333,6
2026-02-05T09:00:00Z London,6.909999847412109,6.666666666666667,6
2026-02-05T10:00:00Z London,7.284999847412109,6,6.333333333333333
2026-02-05T11:00:00Z London,7.669999837875366,6.333333333333333,6.5
2026-02-05T12:00:00Z London,8.054999947547913,7,6.75
2026-02-05T13:00:00Z London,8.430000305175781,7,7.083333333333333
2026-02-05T14:00:00Z London,8.430000305175781,7,7.5
2026-02-05T15:00:00Z London,8.430000305175781,7,7.5
2026-02-05T16:00:00Z London,8.430000305175781,7.333333333333333,7.5
2026-02-05T17:00:00Z London,8.430000305175781,8,7.675000111262004
2026-02-05T18:00:00Z London,8.646666765213013,8,7.800000190734863
2026-02-05T19:00:00Z London,8.949999809265137,8,8.008333524068197
2026-02-05T20:00:00Z London,9.34000015258789,8,8.40000025431315
2026-02-05T21:00:00Z London,9.470000267028809,8,8.600000381469727
2026-02-05T22:00:00Z London,9.470000267028809,8.333333333333334,8.600000381469727
2026-02-05T23:00:00Z London,9.470000267028809,9,8.600000381469727
2026-02-06T00:00:00Z London,9.470000267028809,8.666666666666666,8.600000381469727
2026-02-06T01:00:00Z London,9.470000267028809,8,8.600000381469727
2026-02-06T02:00:00Z London,9.470000267028809,8.333333333333334,8.600000381469727
2026-02-06T03:00:00Z London,9.470000267028809,9,8.600000381469727
2026-02-06T04:00:00Z London,9.470000267028809,9,8.55833371480306
2026-02-06T05:00:00Z London,9.470000267028809,9,8.150000095367432
2026-02-06T06:00:00Z London,9.470000267028809,9,8.199999809265137
2026-02-06T07:00:00Z London,9.470000267028809,8.666666666666666,8.199999809265137
2026-02-06T08:00:00Z London,9.470000267028809,8,8.199999809265137
2026-02-06T09:00:00Z London,9.470000267028809,8.333333333333334,8.241666475931803
2026-02-06T10:00:00Z London,9.772500038146973,9,8.699999809265137
2026-02-06T11:00:00Z London,10.670000076293945,9,9.03333314259847
2026-02-06T12:00:00Z London,13.122499942779541,9,10.40833314259847
2026-02-06T13:00:00Z London,12.454999923706055,9.333333333333334,11.03333314259847
2026-02-06T14:00:00Z London,12.029999732971191,10.333333333333334,11.524999618530273
2026-02-06T15:00:00Z London,11.944999853769938,10.666666666666666,11.274999618530273
2026-02-06T16:00:00Z London,11.052500247955322,10,10.899999618530273
2026-02-06T17:00:00Z London,11.010000228881836,10,10.900000095367432
2026-02-06T18:00:00Z London,10.96750020980835,9.666666666666666,10.84166685740153
2026-02-06T19:00:00Z London,10.5,9.333333333333334,10.71666685740153
2026-02-06T20:00:00Z London,10.244999885559082,9.666666666666666,10.600000143051147
2026-02-06T21:00:00Z London,9.989999771118164,9,10.258333524068197
2026-02-06T22:00:00Z London,9.470000267028809,9,9.800000190734863
2026-02-06T23:00:00Z London,9.470000267028809,8.666666666666666,9.800000190734863
2026-02-07T00:00:00Z London,9.34000015258789,8,9.34166685740153
2026-02-07T01:00:00Z London,8.949999809265137,7.666666666666667,9.300000190734863
2026-02-07T02:00:00Z London,8.949999809265137,7,8.800000190734863
2026-02-07T03:00:00Z London,8.819999933242798,7,8.758333524068197
2026-02-07T04:00:00Z London,8.430000305175781,7,8.300000190734863
2026-02-07T05:00:00Z London,8.56000018119812,6.666666666666667,8.34166685740153
2026-02-07T06:00:00Z London,8.949999809265137,6.333333333333333,8.800000190734863
2026-02-07T07:00:00Z London,8.949999809265137,7.333333333333333,8.800000190734863
2026-02-07T08:00:00Z London,8.949999809265137,8,8.800000190734863
2026-02-07T09:00:00Z London,8.949999809265137,8,8.800000190734863
2026-02-07T10:00:00Z London,9.426666895548502,7.666666666666667,9.133333524068197
2026-02-07T11:00:00Z London,9.470000267028809,7.666666666666667,9.300000190734863
2026-02-07T12:00:00Z London,9.989166498184204,8.666666666666666,9.84166685740153
2026-02-07T13:00:00Z London,10.755000114440918,8.666666666666666,10.59166685740153
2026-02-07T14:00:00Z London,11.137500286102295,10.333333333333334,10.883333524068197
2026-02-07T15:00:00Z London,11.477500438690186,11,11.300000190734863
2026-02-07T16:00:00Z London,11.010000228881836,11,11.21666685740153
2026-02-07T17:00:00Z London,11.010000228881836,10.666666666666666,10.800000190734863
2026-02-07T18:00:00Z London,10.797500133514404,10,10.800000190734863
2026-02-07T19:00:00Z London,10.5,9.666666666666666,10.800000190734863
2026-02-07T20:00:00Z London,10.5,9,10.675000190734863
2026-02-07T21:00:00Z London,10.5,9.333333333333334,10.425000190734863
2026-02-07T22:00:00Z London,10.5,9.333333333333334,10.300000190734863
2026-02-07T23:00:00Z London,10.074999809265137,8,10.008333524068197
2026-02-08T00:00:00Z London,9.730000019073486,8,9.71666685740153
2026-02-08T01:00:00Z London,9.470000267028809,8,9.300000190734863
2026-02-08T02:00:00Z London,9.296666781107584,7.666666666666667,9.300000190734863
2026-02-08T03:00:00Z London,8.949999809265137,6.666666666666667,9.300000190734863
2026-02-08T04:00:00Z London,8.949999809265137,6,8.925000190734863
2026-02-08T05:00:00Z London,8.949999809265137,6,8.84166685740153
2026-02-08T06:00:00Z London,8.949999809265137,6,8.883333524068197
2026-02-08T07:00:00Z London,8.949999809265137,6,8.800000190734863
2026-02-08T08:00:00Z London,9.426666577657064,6.333333333333333,9.133333524068197
2026-02-08T09:00:00Z London,10.202499866485596,7.333333333333333,9.424999713897705
2026-02-08T10:00:00Z London,11.893333355585733,8,10.224999904632568
2026-02-08T11:00:00Z London,13.748333295186361,8,10.600000381469727
2026-02-08T12:00:00Z London,12.748333295186361,8.666666666666666,11.208333571751913
2026-02-08T13:00:00Z London,13.039999961853027,10.333333333333334,11.699999729792276
2026-02-08T14:00:00Z London,12.28333314259847,11,11.149999618530273
2026-02-08T15:00:00Z London,12.029999732971191,11,10.858332951863607
2026-02-08T16:00:00Z London,11.350000301996866,10.666666666666666,10.44166628519694
2026-02-08T17:00:00Z London,11.010000228881836,10,10.06666628519694
2026-02-08T18:00:00Z London,10.670000076293945,10,9.899999618530273
2026-02-08T19:00:00Z London,10.5,10,9.899999618530273
2026-02-08T20:00:00Z London,10.117499828338623,9.666666666666666,9.399999618530273
2026-02-08T21:00:00Z London,9.470000267028809,8.666666666666666,9.399999618530273
2026-02-08T22:00:00Z London,9.470000267028809,8,9.549999872843424
2026-02-08T23:00:00Z London,9.470000267028809,8,9.5
2026-02-09T00:00:00Z London,9.470000267028809,8,9.083333333333334
2026-02-09T01:00:00Z London,9.470000267028809,7.666666666666667,9
2026-02-09T02:00:00Z London,9.470000267028809,7.333333333333333,9
2026-02-09T03:00:00Z London,8.949999809265137,7.666666666666667,9
2026-02-09T04:00:00Z London,8.949999809265137,7,9
2026-02-09T05:00:00Z London,8.776666641235352,6.666666666666667,8.541666666666666
2026-02-09T06:00:00Z London,8.180000066757202,6,8
2026-02-09T07:00:00Z London,7.929999828338623,6,8
2026-02-09T08:00:00Z London,8.305000185966492,6.333333333333333,8
2026-02-09T09:00:00Z London,8.949999809265137,7,8.333333333333334
2026-02-09T10:00:00Z London,9.728333473205566,7.666666666666667,8.850000222524008
2026-02-09T11:00:00Z London,11.859999895095825,9.333333333333334,9.475000381469727
2026-02-09T12:00:00Z London,11.775000095367432,10,9.600000381469727
2026-02-09T13:00:00Z London,11.690000216166178,9.333333333333334,9.600000381469727
2026-02-09T14:00:00Z London,11.265000343322754,8.666666666666666,9.266667048136393
2026-02-09T15:00:00Z London,10.372499942779541,10,8.391667048136393
2026-02-09T16:00:00Z London,9.426666895548502,9.666666666666666,8.100000381469727
2026-02-09T17:00:00Z London,8.949999809265137,9,7.600000063578288
2026-02-09T18:00:00Z London,8.949999809265137,8.666666666666666,7.5
2026-02-09T19:00:00Z London,8.949999809265137,8,7.666666666666667
2026-02-09T20:00:00Z London,8.949999809265137,8,8
2026-02-09T21:00:00Z London,8.949999809265137,8,8
2026-02-09T22:00:00Z London,8.949999809265137,8,8
2026-02-09T23:00:00Z London,9.210000038146973,8,8.375
2026-02-10T00:00:00Z London,9.470000267028809,8,8.5
2026-02-10T01:00:00Z London,9.470000267028809,7.666666666666667,8.5
2026-02-10T02:00:00Z London,9.470000267028809,7.333333333333333,8.5
2026-02-10T03:00:00Z London,9.470000267028809,8,8.5
2026-02-10T04:00:00Z London,9.470000267028809,7.666666666666667,8.5
2026-02-10T05:00:00Z London,9.470000267028809,7.333333333333333,8.5
2026-02-10T06:00:00Z London,9.470000267028809,8,8.5
2026-02-10T07:00:00Z London,9.470000267028809,8,8.5
2026-02-10T08:00:00Z London,9.470000267028809,8,8.416666666666666
2026-02-10T09:00:00Z London,9.903333187103271,8,8.625
2026-02-10T10:00:00Z London,10.457499980926514,8.333333333333334,9.291666666666666
2026-02-10T11:00:00Z London,11.180000305175781,9,10.541666666666666
2026-02-10T12:00:00Z London,11.944999853769938,9.666666666666666,11.333333333333334
2026-02-10T13:00:00Z London,13.123333295186361,11,11.833333333333334
2026-02-10T14:00:00Z London,13.081666628519693,11,11.583333333333334
2026-02-10T15:00:00Z London,12.15500005086263,11,11.416666666666666
2026-02-10T16:00:00Z London,10.797500133514404,11,10.583333333333334
2026-02-10T17:00:00Z London,10.5,10.666666666666666,9.875
2026-02-10T18:00:00Z London,10.5,9.666666666666666,9.5
2026-02-10T19:00:00Z London,10.5,9,9.5
2026-02-10T20:00:00Z London,10.5,9,9.5
2026-02-10T21:00:00Z London,10.5,9,9.883333365122477
2026-02-10T22:00:00Z London,10.5,9,10.600000381469727
2026-02-10T23:00:00Z London,10.5,9,10.600000381469727
2026-02-11T00:00:00Z London,10.5,9,10.600000381469727
2026-02-11T01:00:00Z London,10.5,9,10.600000381469727
2026-02-11T02:00:00Z London,10.5,9,10.600000381469727
2026-02-11T03:00:00Z London,10.5,9.333333333333334,10.30833371480306
2026-02-11T04:00:00Z London,10.5,10,10.600000381469727
2026-02-11T05:00:00Z London,10.5,10,10.600000381469727
2026-02-11T06:00:00Z London,10.712500095367432,9.666666666666666,10.600000381469727
2026-02-11T07:00:00Z London,11.010000228881836,9,10.600000381469727
2026-02-11T08:00:00Z London,11.095000267028809,9.333333333333334,11.099999904632568
2026-02-11T09:00:00Z London,11.562500397364298,10,11.199999809265137
2026-02-11T10:00:00Z London,12.029999732971191,10.333333333333334,11.616666475931803
2026-02-11T11:00:00Z London,12.748333295186361,11,11.78333314259847
2026-02-11T12:00:00Z London,12.706666628519693,11,11.824999809265137
2026-02-11T13:00:00Z London,12.199999809265137,11.666666666666666,11.28333314259847
2026-02-11T14:00:00Z London,13.123333295186361,12.666666666666666,12.133332967758179
2026-02-11T15:00:00Z London,13.081666628519693,12,12.149999618530273
2026-02-11T16:00:00Z London,12.748333295186361,11.666666666666666,12.008333047231039
2026-02-11T17:00:00Z London,10.7549999554952,11,10.666666666666666
2026-02-11T18:00:00Z London,9.989999771118164,10.666666666666666,9.650000095367432
2026-02-11T19:00:00Z London,9.989999771118164,9.666666666666666,9.80833371480306
2026-02-11T20:00:00Z London,9.989999771118164,9,10.008333285649618
2026-02-11T21:00:00Z London,9.989999771118164,9,9.699999809265137
2026-02-11T22:00:00Z London,9.989999771118164,8.666666666666666,9.699999809265137
2026-02-11T23:00:00Z London,9.989999771118164,8,9.699999809265137
2026-02-12T00:00:00Z London,9.599999984105429,8,8.991666475931803
2026-02-12T01:00:00Z London,8.603333473205566,7.666666666666667,8.449999809265137
2026-02-12T02:00:00Z London,8.430000305175781,6.333333333333333,8.199999809265137
2026-02-12T03:00:00Z London,8.430000305175781,5.333333333333333,8.199999809265137
2026-02-12T04:00:00Z London,8.430000305175781,6.333333333333333,8.199999809265137
2026-02-12T05:00:00Z London,8.430000305175781,7,8.65833314259847
2026-02-12T06:00:00Z London,8.430000305175781,7,8.574999809265137
2026-02-12T07:00:00Z London,8.430000305175781,7,8.324999809265137
2026-02-12T08:00:00Z London,8.56000018119812,7,8.449999968210856
2026-02-12T09:00:00Z London,9.123333295186361,7,8.96666685740153
2026-02-12T10:00:00Z London,9.946666479110718,7.666666666666667,9.34166685740153
2026-02-12T11:00:00Z London,10.712500095367432,9,9.883333524068197
2026-02-12T12:00:00Z London,11.4350004196167,9,10.050000190734863
2026-02-12T13:00:00Z London,11.350000381469727,9.333333333333334,10.300000190734863
2026-02-12T14:00:00Z London,11.647500197092691,10,10.59166685740153
2026-02-12T15:00:00Z London,10.117499828338623,10.333333333333334,9.475000063578287
2026-02-12T16:00:00Z London,9.513333320617676,10.333333333333334,8.708333333333334
2026-02-12T17:00:00Z London,8.819999933242798,8.666666666666666,8.300000031789144
2026-02-12T18:00:00Z London,8.430000305175781,8,7.691666762034099
2026-02-12T19:00:00Z London,7.968333284060161,8,7.441666762034099
2026-02-12T20:00:00Z London,7.409999847412109,7.666666666666667,6.900000095367432
2026-02-12T21:00:00Z London,7.409999847412109,7,6.900000095367432
2026-02-12T22:00:00Z London,7.409999847412109,7,7.150000095367432
2026-02-12T23:00:00Z London,7.453333179155986,7,7.525000095367432
2026-02-13T00:00:00Z London,7.929999828338623,6.666666666666667,8.3166663646698
2026-02-13T01:00:00Z London,7.929999828338623,6,8.483332951863607
2026-02-13T02:00:00Z London,7.583333174387614,6.333333333333333,8.399999618530273
2026-02-13T03:00:00Z London,7.409999847412109,6.666666666666667,8.399999618530273
2026-02-13T04:00:00Z London,7.409999847412109,5.333333333333333,7.775000015894572
2026-02-13T05:00:00Z London,7.201666514078776,3.6666666666666665,7.150000095367432
2026-02-13T06:00:00Z London,6.909999847412109,3.3333333333333335,6.900000095367432
2026-02-13T07:00:00Z London,6.951666514078776,4,6.900000095367432
2026-02-13T08:00:00Z London,7.409999847412109,4.666666666666667,6.900000095367432
2026-02-13T09:00:00Z London,7.96999990940094,6,6.900000095367432
2026-02-13T10:00:00Z London,8.776666641235352,6.333333333333333,7.233333428700765
2026-02-13T11:00:00Z London,8.949999809265137,7.333333333333333,7.691666762034099
2026-02-13T12:00:00Z London,8.949999809265137,8,8.233333110809326
2026-02-13T13:00:00Z London,9.513333241144815,8,8.399999618530273
2026-02-13T14:00:00Z London,9.859999895095825,8,8.274999737739563
2026-02-13T15:00:00Z London,8.693333307902018,8.333333333333334,7.608333428700765
2026-02-13T16:00:00Z London,7.713333169619243,8.666666666666666,6.441666762034099
2026-02-13T17:00:00Z London,6.951666514078776,7.666666666666667,5.900000095367432
2026-02-13T18:00:00Z London,6.740833242734273,6.666666666666667,5.816666762034099
2026-02-13T19:00:00Z London,5.900000095367432,5,5.400000095367432
2026-02-13T20:00:00Z London,5.517499923706055,3,5.275000095367432
2026-02-13T21:00:00Z London,5.092500011126201,3.6666666666666665,4.650000095367432
2026-02-13T22:00:00Z London,4.880000114440918,5,4.400000095367432
2026-02-13T23:00:00Z London,4.663333455721538,4.666666666666667,4.108333428700765
2026-02-14T00:00:00Z London,4.360000133514404,4,3.9000000953674316
2026-02-14T01:00:00Z London,4.143333375453949,4,3.691666762034098
2026-02-14T02:00:00Z London,3.8399999141693115,3.6666666666666665,3.4000000953674316
2026-02-14T03:00:00Z London,3.8399999141693115,3,3.108333428700765
2026-02-14T04:00:00Z London,3.154999931653341,3,2.733333428700765
2026-02-14T05:00:00Z London,2.5283332665761313,3,2.150000035762787
2026-02-14T06:00:00Z London,1.7899999618530273,2.6666666666666665,1.8166666428248088
2026-02-14T07:00:00Z London,1.7899999618530273,1.3333333333333333,1.399999976158142
2026-02-14T08:00:00Z London,2.081666628519694,-0.3333333333333333,1.524999976158142
2026-02-14T09:00:00Z London,3.362499932448069,-0.6666666666666666,2.4000000655651093
2026-02-14T10:00:00Z London,6.952499945958455,1,3.483333428700765
2026-02-14T11:00:00Z London,8.820000171661377,3.3333333333333335,4.441666682561238
2026-02-14T12:00:00Z London,10.755000114440918,4,5.441666563351949
2026-02-14T13:00:00Z London,10.627500057220459,4.666666666666667,5.8333332141240435
2026-02-14T14:00:00Z London,9.036666711171469,6,5.9583332141240435
2026-02-14T15:00:00Z London,8.695000052452087,6,6.066666483879089
2026-02-14T16:00:00Z London,7.414999842643738,6,5.699999809265137
2026-02-14T17:00:00Z London,6.275833408037822,5.666666666666667,5.699999809265137
2026-02-14T18:00:00Z London,5.432499885559082,4.666666666666667,5.699999809265137
2026-02-14T19:00:00Z London,5.389999866485596,4,5.791666507720947
2026-02-14T20:00:00Z London,5.389999866485596,3.6666666666666665,5.7749998569488525
2026-02-14T21:00:00Z London,5.389999866485596,3,5.533333381017049
2026-02-14T22:00:00Z London,5.007500052452087,3,5.041666666666667
2026-02-14T23:00:00Z London,4.880000114440918,3,4.9000000556310015
2026-02-15T00:00:00Z London,4.403333465258281,3,4.450000087420146
2026-02-15T01:00:00Z London,4.360000133514404,2.6666666666666665,4.7833333015441895
2026-02-15T02:00:00Z London,4.360000133514404,2.6666666666666665,4.683333237965901
2026-02-15T03:00:00Z London,4.360000133514404,4,4.474999904632568
2026-02-15T04:00:00Z London,4.360000133514404,4,4.191666642824809
2026-02-15T05:00:00Z London,4.143333375453949,3.6666666666666665,4.300000190734863
2026-02-15T06:00:00Z London,3.8399999141693115,3.3333333333333335,3.866666634877523
2026-02-15T07:00:00Z London,3.8399999141693115,3.6666666666666665,3.991666575272878
2026-02-15T08:00:00Z London,3.8833332657814026,3.3333333333333335,4.53333314259847
2026-02-15T09:00:00Z London,4.360000133514404,4,4.616666555404663
2026-02-15T10:00:00Z London,4.360000133514404,4.333333333333333,4.6583333015441895
2026-02-15T11:00:00Z London,4.793333450953166,5,5.266666730244954
2026-02-15T12:00:00Z London,5.304999947547913,5,5.875
2026-02-15T13:00:00Z London,6.235833366711934,5.333333333333333,6.358333428700765
2026-02-15T14:00:00Z London,7.666666587193807,5.666666666666667,7.841666499773662
2026-02-15T15:00:00Z London,8.430000305175781,6,8.699999809265137
2026-02-15T16:00:00Z London,8.863333225250244,8,9.083333492279053
2026-02-15T17:00:00Z London,8.949999809265137,8.333333333333334,9.100000381469727
2026-02-15T18:00:00Z London,8.949999809265137,9,9.43333371480306
2026-02-15T19:00:00Z London,8.473333597183228,9,8.891667048136393
2026-02-15T20:00:00Z London,7.756666501363118,8.333333333333334,8.100000381469727
2026-02-15T21:00:00Z London,7.409999847412109,6.666666666666667,7.700000127156575
2026-02-15T22:00:00Z London,7.076666514078776,6,7.5
2026-02-15T23:00:00Z London,6.909999847412109,6,7.291666666666667
2026-02-16T00:00:00Z London,6.909999847412109,6,7
2026-02-16T01:00:00Z London,6.909999847412109,6,7
2026-02-16T02:00:00Z London,6.867499868075053,6,7
2026-02-16T03:00:00Z London,6.400000095367432,5.666666666666667,7
2026-02-16T04:00:00Z London,6.400000095367432,5,6.666666666666667
2026-02-16T05:00:00Z London,6.400000095367432,5,6.5
2026-02-16T06:00:00Z London,6.400000095367432,5.333333333333333,6.5
2026-02-16T07:00:00Z London,6.400000095367432,5.666666666666667,6.375
2026-02-16T08:00:00Z London,6.6549999713897705,5,6.699999968210856
2026-02-16T09:00:00Z London,7.6249998807907104,5.333333333333333,7.349999904632568
2026-02-16T10:00:00Z London,9.25249989827474,6,7.699999888737996
2026-02-16T11:00:00Z London,11.09500010808309,8,8.700000127156576
2026-02-16T12:00:00Z London,9.989999771118164,8,9.050000190734863
2026-02-16T13:00:00Z London,10.372499942779541,8,9.433333476384481
2026-02-16T14:00:00Z London,9.857499917348227,9.833333333333334,8.799999713897705
2026-02-16T15:00:00Z London,9.989999771118164,8.166666666666666,9.149999777475992
2026-02-16T16:00:00Z London,7.973333239555359,8,7.874999920527141
2026-02-16T17:00:00Z London,6.400000095367432,8,6.900000095367432
2026-02-16T18:00:00Z London,6.400000095367432,7.083333333333333,6.900000095367432
2026-02-16T19:00:00Z London,6.400000095367432,6.083333333333333,7.066666762034099
2026-02-16T20:00:00Z London,6.400000095367432,6,7.358333428700765
2026-02-16T21:00:00Z London,6.400000095367432,6,6.900000095367432
2026-02-16T22:00:00Z London,6.400000095367432,6,6.900000095367432
2026-02-16T23:00:00Z London,6.400000095367432,6.916666666666667,6.900000095367432
2026-02-17T00:00:00Z London,6.025000095367432,7,6.233333428700765
2026-02-17T01:00:00Z London,5.3049999078114825,6.083333333333333,5.608333428700765
2026-02-17T02:00:00Z London,4.880000114440918,5.083333333333333,4.900000095367432
2026-02-17T03:00:00Z London,4.490000128746033,4.083333333333333,4.608333428700765
2026-02-17T04:00:00Z London,4.100000023841858,4,4.150000095367432
2026-02-17T05:00:00Z London,3.6233332554499307,4,3.733333428700765
2026-02-17T06:00:00Z London,3.319999933242798,3.0833333333333335,3.4000000953674316
2026-02-17T07:00:00Z London,3.319999933242798,3,3.4000000953674316
2026-02-17T08:00:00Z London,3.753333330154419,2.0833333333333335,3.566666762034098
2026-02-17T09:00:00Z London,4.8341667254765825,2.9166666666666665,4.691666762034099
2026-02-17T10:00:00Z London,8.054999947547913,3,5.25000003973643
2026-02-17T11:00:00Z London,9.599999825159708,3.9166666666666665,5.958333293596904
2026-02-17T12:00:00Z London,9.814166704813639,4.916666666666667,6.800000190734863
2026-02-17T13:00:00Z London,8.949999809265137,5.916666666666667,6.800000190734863
2026-02-17T14:00:00Z London,8.56000018119812,6,6.800000190734863
2026-02-17T15:00:00Z London,8.346666892369589,6,6.475000103314717
2026-02-17T16:00:00Z London,7.248333215713501,6,5.858333428700765
2026-02-17T17:00:00Z London,6.108333428700765,6,5.400000095367432
2026-02-17T18:00:00Z London,5.474999904632568,5.083333333333333,4.941666762034099
2026-02-17T19:00:00Z London,5.21999994913737,4.083333333333333,4.608333428700765
2026-02-17T20:00:00Z London,4.880000114440918,4,4.400000095367432
2026-02-17T21:00:00Z London,4.880000114440918,4,4.066666762034099
2026-02-17T22:00:00Z London,4.533333460489909,3.0833333333333335,3.9000000953674316
2026-02-17T23:00:00Z London,4.360000133514404,3,3.5250000953674316
2026-02-18T00:00:00Z London,3.9266666173934937,3,3.066666762034098
2026-02-18T01:00:00Z London,3.8399999141693115,3,3.108333428700765
2026-02-18T02:00:00Z London,3.8399999141693115,3,3.4000000953674316
2026-02-18T03:00:00Z London,4.18666672706604,3,3.733333428700765
2026-02-18T04:00:00Z London,4.360000133514404,3,3.9000000953674316
2026-02-18T05:00:00Z London,4.576666792233785,3.9166666666666665,4.233333428700765
2026-02-18T06:00:00Z London,4.880000114440918,4,4.400000095367432
2026-02-18T07:00:00Z London,4.880000114440918,4,4.400000095367432
2026-02-18T08:00:00Z London,5.347499926884969,3.0833333333333335,4.400000095367432
2026-02-18T09:00:00Z London,6.025000095367432,3.9166666666666665,4.608333428700765
2026-02-18T10:00:00Z London,6.822499950726827,4.916666666666667,5.150000095367432
2026-02-18T11:00:00Z London,7.409999847412109,5,5.441666762034099
2026-02-18T12:00:00Z London,7.409999847412109,5,5.900000095367432
2026-02-18T13:00:00Z London,7.409999847412109,5.916666666666667,5.733333428700765
2026-02-18T14:00:00Z London,7.076666514078776,4.166666666666667,5.400000095367432
2026-02-18T15:00:00Z London,6.909999847412109,5.833333333333333,5.400000095367432
2026-02-18T16:00:00Z London,6.909999847412109,6,5.400000095367432
2026-02-18T17:00:00Z London,6.655833284060161,6,5.400000095367432
2026-02-18T18:00:00Z London,5.644999980926514,6,5.2583333651224775
2026-02-18T19:00:00Z London,5.134999990463257,5.083333333333333,4.6583331823349
2026-02-18T20:00:00Z London,4.880000114440918,3.1666666666666665,4.699999809265137
2026-02-18T21:00:00Z London,4.880000114440918,3.9166666666666665,4.699999809265137
2026-02-18T22:00:00Z London,4.880000114440918,4.916666666666667,4.699999809265137
2026-02-18T23:00:00Z London,4.880000114440918,5,4.699999809265137
2026-02-19T00:00:00Z London,4.965000073115031,5,4.699999809265137
2026-02-19T01:00:00Z London,5.389999866485596,5,4.699999809265137
2026-02-19T02:00:00Z London,5.389999866485596,4.083333333333333,5.03333314259847
2026-02-19T03:00:00Z London,5.602499961853027,4.916666666666667,5.199999809265137
2026-02-19T04:00:00Z London,5.900000095367432,5,5.427272536537864
2026-02-19T05:00:00Z London,5.900000095367432,5,5.699999809265137
2026-02-19T06:00:00Z London,5.983333428700765,5.416666666666667,5.699999809265137
2026-02-19T07:00:00Z London,6.400000095367432,6,5.699999809265137
2026-02-19T08:00:00Z London,6.400000095367432,5.583333333333333,5.699999809265137
2026-02-19T09:00:00Z London,6.400000095367432,5,5.699999809265137
2026-02-19T10:00:00Z London,6.612499992052714,5.416666666666667,5.78333314259847
2026-02-19T11:00:00Z London,6.909999847412109,6,6.199999809265137
2026-02-19T12:00:00Z London,7.284999847412109,6,6.199999809265137
2026-02-19T13:00:00Z London,7.409999847412109,6,6.199999809265137
2026-02-19T14:00:00Z London,7.458333174387614,6,6.199999809265137
2026-02-19T15:00:00Z London,6.909999847412109,6,6.199999809265137
2026-02-19T16:00:00Z London,6.909999847412109,5.583333333333333,6.199999809265137
2026-02-19T17:00:00Z London,6.612499992052714,5,6.199999809265137
2026-02-19T18:00:00Z London,6.400000095367432,5,6.199999809265137
2026-02-19T19:00:00Z London,6.400000095367432,5,5.699999809265137
2026-02-19T20:00:00Z London,6.025000095367432,5,5.699999809265137
2026-02-19T21:00:00Z London,5.900000095367432,5,5.699999809265137
2026-02-19T22:00:00Z London,5.900000095367432,5,5.699999809265137
2026-02-19T23:00:00Z London,5.900000095367432,4.583333333333333,5.699999809265137
2026-02-20T00:00:00Z London,5.900000095367432,4,5.699999809265137
2026-02-20T01:00:00Z London,5.900000095367432,4,5.699999809265137
2026-02-20T02:00:00Z London,5.941666762034099,4.416666666666667,6.15833314259847
2026-02-20T03:00:00Z London,6.400000095367432,5,6.199999809265137
2026-02-20T04:00:00Z London,6.400000095367432,5,6.15833314259847
2026-02-20T05:00:00Z London,6.400000095367432,5,6.15833314259847
2026-02-20T06:00:00Z London,6.400000095367432,5,6.25000015894572
2026-02-20T07:00:00Z London,6.570000012715657,5.416666666666667,6.508333524068196
2026-02-20T08:00:00Z London,7.671666542689006,6,7.300000190734863
2026-02-20T09:00:00Z London,9.166666666666666,6,8.300000190734863
2026-02-20T10:00:00Z London,10.797500133514404,6,9.46666661898295
2026-02-20T11:00:00Z London,11.520000457763672,7.25,10.19166628519694
2026-02-20T12:00:00Z London,12.115000009536743,9.833333333333334,10.866666634877523
2026-02-20T13:00:00Z London,10.542500019073486,10.583333333333334,10.600000381469727
2026-02-20T14:00:00Z London,10.585000038146973,10,10.600000381469727
2026-02-20T15:00:00Z London,11.562500238418579,10,11.28333314259847
2026-02-20T16:00:00Z London,12.029999732971191,10.416666666666666,11.90833314259847
2026-02-20T17:00:00Z London,11.647499879201254,11.416666666666666,11.383333206176758
2026-02-20T18:00:00Z London,10.03249979019165,11.583333333333334,10.199999809265137
2026-02-20T19:00:00Z London,9.989999771118164,10.583333333333334,10.199999809265137
2026-02-20T20:00:00Z London,9.989999771118164,10,10.199999809265137
2026-02-20T21:00:00Z London,10.287499904632568,9.583333333333334,10.199999809265137
2026-02-20T22:00:00Z London,10.202499866485596,9,10.199999809265137
2026-02-20T23:00:00Z London,9.989999771118164,9,9.699999809265137
2026-02-21T00:00:00Z London,9.989999771118164,9,9.699999809265137
2026-02-21T01:00:00Z London,9.989999771118164,9,9.741666475931803
2026-02-21T02:00:00Z London,9.989999771118164,9,9.741666475931803
2026-02-21T03:00:00Z London,9.989999771118164,9,9.78333314259847
2026-02-21T04:00:00Z London,10.074999809265137,9,10.100000063578287
2026-02-21T05:00:00Z London,10.5,9,10.300000190734863
2026-02-21T06:00:00Z London,10.5,9.416666666666666,10.300000190734863
2026-02-21T07:00:00Z London,10.5,10,10.300000190734863
2026-02-21T08:00:00Z London,10.84000015258789,10,10.300000190734863
2026-02-21T09:00:00Z London,11.775000095367432,10,10.799999713897705
2026-02-21T10:00:00Z London,12.28416649500529,10.416666666666666,11.06666628519694
2026-02-21T11:00:00Z London,13.123333295186361,11,11.899999936421713
2026-02-21T12:00:00Z London,13.706666628519693,11.416666666666666,12.333333333333334
2026-02-21T13:00:00Z London,15.43166700998942,12.416666666666666,13.425000349680582
2026-02-21T14:00:00Z London,15.256666819254557,13,13.600000381469727
2026-02-21T15:00:00Z London,15.039999961853027,13,13.600000381469727
2026-02-21T16:00:00Z London,15.039999961853027,13.416666666666666,13.600000381469727
2026-02-21T17:00:00Z London,14.456666628519693,14,13.533333619435629
2026-02-21T18:00:00Z London,13.831666628519693,14,13.199999809265137
2026-02-21T19:00:00Z London,13.539999961853027,13.583333333333334,12.866666475931803
2026-02-21T20:00:00Z London,13.539999961853027,13,12.741666475931803
2026-02-21T21:00:00Z London,13.206666628519693,12.583333333333334,12.699999809265137
2026-02-21T22:00:00Z London,13.039999961853027,12,12.699999809265137
2026-02-21T23:00:00Z London,13.039999961853027,12,12.699999809265137
2026-02-22T00:00:00Z London,12.623333295186361,11.166666666666666,12.241666475931803
2026-02-22T01:00:00Z London,12.539999961853027,10,12.574999809265137
2026-02-22T02:00:00Z London,12.539999961853027,10.833333333333334,12.699999809265137
2026-02-22T03:00:00Z London,12.873333295186361,12,12.699999809265137
2026-02-22T04:00:00Z London,12.623333295186361,11.166666666666666,12.199999809265137
2026-02-22T05:00:00Z London,12.539999961853027,10.833333333333334,12.199999809265137
2026-02-22T06:00:00Z London,12.539999961853027,12,12.199999809265137
2026-02-22T07:00:00Z London,12.664999961853027,12,12.199999809265137
2026-02-22T08:00:00Z London,13.039999961853027,12,12.616666475931803
2026-02-22T09:00:00Z London,13.039999961853027,12,12.433333237965902
2026-02-22T10:00:00Z London,13.206666628519693,11.583333333333334,12.800000190734863
2026-02-22T11:00:00Z London,15.28083348274231,11.833333333333334,13.34166685740153
2026-02-22T12:00:00Z London,15.59000015258789,13,13.84166685740153
2026-02-22T13:00:00Z London,15.59000015258789,13,13.84166685740153
2026-02-22T14:00:00Z London,16.271667162577312,13.416666666666666,13.974999904632568
2026-02-22T15:00:00Z London,16.066667238871258,14,14.108332951863607
2026-02-22T16:00:00Z London,14.864999771118164,14,13.94166628519694
2026-02-22T17:00:00Z London,14.111666361490885,14,13.358332951863607
2026-02-22T18:00:00Z London,13.486666361490885,13.166666666666666,12.858332951863607
2026-02-22T19:00:00Z London,12.857499996821085,11.583333333333334,12.149999618530273
2026-02-22T20:00:00Z London,11.762500286102295,10.583333333333334,11.31666628519694
2026-02-22T21:00:00Z London,11.125,10,10.608332951863607
2026-02-22T22:00:00Z London,10.614999771118164,9.583333333333334,10.19166628519694
2026-02-22T23:00:00Z London,10.444999853769938,9,9.899999618530273
2026-02-23T00:00:00Z London,10.020000457763672,9,9.733332951863607
2026-02-23T01:00:00Z London,10.020000457763672,9,9.399999618530273
2026-02-23T02:00:00Z London,9.586666742960611,9,9.399999618530273
2026-02-23T03:00:00Z London,9.5,9,9.399999618530273
2026-02-23T04:00:00Z London,9.5,9,9.399999618530273
2026-02-23T05:00:00Z London,9.5,9,9.399999618530273
2026-02-23T06:00:00Z London,9.5,9,9.399999618530273
2026-02-23T07:00:00Z London,9.5,8.166666666666666,9.399999618530273
2026-02-23T08:00:00Z London,10.103333552678427,7.833333333333333,9.483332951863607
2026-02-23T09:00:00Z London,11.422500133514404,9.416666666666666,10.233332951863607
2026-02-23T10:00:00Z London,11.973333597183228,10,11.03333330154419
2026-02-23T11:00:00Z London,13.989999771118164,10.416666666666666,11.833333333333334
2026-02-23T12:00:00Z London,15.069999694824219,11.416666666666666,12.600000381469727
2026-02-23T13:00:00Z London,14.819999694824219,12,12.850000381469727
2026-02-23T14:00:00Z London,14.861666361490885,12.416666666666666,13.316666920979818
2026-02-23T15:00:00Z London,14.153333028157553,13,13.008333524068197
2026-02-23T16:00:00Z London,13.403333028157553,13,12.46666685740153
2026-02-23T17:00:00Z London,12.394167025883993,12.583333333333334,11.71666685740153
2026-02-23T18:00:00Z London,12.0600004196167,11.583333333333334,11.633333524068197
2026-02-23T19:00:00Z London,12.0600004196167,11.416666666666666,12.06666628519694
2026-02-23T20:00:00Z London,12.4350004196167,12,12.399999618530273
2026-02-23T21:00:00Z London,12.942499876022339,12,12.56666628519694
2026-02-23T22:00:00Z London,13.069999694824219,12,12.899999618530273
2026-02-23T23:00:00Z London,13.403333028157553,12.416666666666666,12.899999618530273
2026-02-24T00:00:00Z London,13.569999694824219,12.583333333333334,13.19166628519694
2026-02-24T01:00:00Z London,13.569999694824219,12.416666666666666,13.31666628519694
2026-02-24T02:00:00Z London,13.319999694824219,12.583333333333334,12.733332951863607
2026-02-24T03:00:00Z London,12.687500238418579,11.583333333333334,12.233332951863607
2026-02-24T04:00:00Z London,12.5600004196167,11,12.241666634877523
2026-02-24T05:00:00Z London,12.5600004196167,10.583333333333334,12.225000381469727
2026-02-24T06:00:00Z London,12.5600004196167,10.416666666666666,12.100000381469727
2026-02-24T07:00:00Z London,12.5600004196167,11,12.141667048136393
2026-02-24T08:00:00Z London,12.857499996821085,11,12.475000381469727
2026-02-24T09:00:00Z London,14.486666361490885,11.416666666666666,12.891667048136393
2026-02-24T10:00:00Z London,15.454999923706055,12,13.391666809717814
2026-02-24T11:00:00Z London,17.21666653951009,12.416666666666666,14.349999904632568
2026-02-24T12:00:00Z London,17.56333287556966,13.833333333333334,15.025000015894571
2026-02-24T13:00:00Z London,18.989166895548504,15.416666666666666,15.87500031789144
2026-02-24T14:00:00Z London,18.473333676656086,16,16.016667048136394
2026-02-24T15:00:00Z London,17.996666590372723,16,15.883333683013916
2026-02-24T16:00:00Z London,16.233333587646484,16,15.141667048136393
2026-02-24T17:00:00Z London,14.904999732971191,15.583333333333334,14.266667048136393
2026-02-24T18:00:00Z London,14.111666361490885,14.166666666666666,13.891667048136393
2026-02-24T19:00:00Z London,13.653333028157553,12.583333333333334,13.475000381469727
2026-02-24T20:00:00Z London,13.278333028157553,11.166666666666666,13.100000381469727
2026-02-24T21:00:00Z London,13.069999694824219,10,12.725000381469727
2026-02-24T22:00:00Z London,13.069999694824219,10,12.600000381469727
2026-02-24T23:00:00Z London,12.604166905085245,10,12.350000381469727
2026-02-25T00:00:00Z London,12.0600004196167,10,12.100000381469727
2026-02-25T01:00:00Z London,12.0600004196167,10,11.891667048136393
2026-02-25T02:00:00Z London,12.0600004196167,10,11.600000381469727
2026-02-25T03:00:00Z London,11.550000190734863,9.583333333333334,11.600000381469727
2026-02-25T04:00:00Z London,11.550000190734863,9,11.600000381469727
2026-02-25T05:00:00Z London,11.550000190734863,9,11.18333371480306
2026-02-25T06:00:00Z London,11.507500171661377,8.583333333333334,11.391667048136393
2026-02-25T07:00:00Z London,11.039999961853027,8,11.100000381469727
2026-02-25T08:00:00Z London,11.507500171661377,7.583333333333333,11.250000238418579
2026-02-25T09:00:00Z London,13.108333269755045,7.833333333333333,12.174999793370565
2026-02-25T10:00:00Z London,17.046666463216145,9,13.649999777475992
2026-02-25T11:00:00Z London,18.77416721979777,10.25,14.991666475931803
2026-02-25T12:00:00Z London,20.190833568572998,13.25,15.833333094914755
2026-02-25T13:00:00Z London,21.8733336130778,15.416666666666666,17.24999936421712
2026-02-25T14:00:00Z London,21.96000035603841,16.416666666666668,18.616666793823242
2026-02-25T15:00:00Z London,20.968333562215168,17.416666666666668,18.783334096272785
2026-02-25T16:00:00Z London,19.505000114440918,18,18.350000540415447
2026-02-25T17:00:00Z London,17.823333104451496,18,17.175000349680584
2026-02-25T18:00:00Z London,16.573333581288654,17.166666666666668,16.100000381469727
2026-02-25T19:00:00Z London,15.416666666666666,15.166666666666666,14.96666661898295
2026-02-25T20:00:00Z London,14.861666361490885,13.583333333333334,14.40833314259847
2026-02-25T21:00:00Z London,14.194999694824219,13,13.84166685740153
2026-02-25T22:00:00Z London,13.528333028157553,12.583333333333334,13.30833371480306
2026-02-25T23:00:00Z London,13.069999694824219,11.583333333333334,13.016667048136393
2026-02-26T00:00:00Z London,12.604166905085245,10.583333333333334,12.141667048136393
2026-02-26T01:00:00Z London,11.847500324249268,10,11.391667048136393
2026-02-26T02:00:00Z London,11.550000190734863,10,11.100000381469727
2026-02-26T03:00:00Z London,11.847500324249268,10,11.43333371480306
2026-02-26T04:00:00Z London,12.0600004196167,10.416666666666666,11.600000381469727
2026-02-26T05:00:00Z London,12.0600004196167,10.583333333333334,11.766667048136393
2026-02-26T06:00:00Z London,12.351667086283365,10,12.108333667119345
2026-02-26T07:00:00Z London,12.5600004196167,10.416666666666666,12.15833314259847
2026-02-26T08:00:00Z London,12.5600004196167,11,12.199999809265137
2026-02-26T09:00:00Z London,12.984999815622965,11,12.199999809265137
2026-02-26T10:00:00Z London,13.236666361490885,11.416666666666666,12.199999809265137
2026-02-26T11:00:00Z London,14.028333028157553,12,12.65833314259847
2026-02-26T12:00:00Z London,14.528333028157553,12.416666666666666,12.949999968210856
2026-02-26T13:00:00Z London,14.569999694824219,12.166666666666666,13.300000190734863
2026-02-26T14:00:00Z London,14.444999694824219,11.833333333333334,13.008333524068197
2026-02-26T15:00:00Z London,14.069999694824219,13,12.800000190734863
2026-02-26T16:00:00Z London,14.069999694824219,12.166666666666666,12.800000190734863
2026-02-26T17:00:00Z London,13.653333028157553,11,12.674999952316284
2026-02-26T18:00:00Z London,13.319999694824219,11.416666666666666,12.399999618530273
2026-02-26T19:00:00Z London,13.069999694824219,12,12.399999618530273
2026-02-26T20:00:00Z London,13.069999694824219,12,12.399999618530273
2026-02-26T21:00:00Z London,13.069999694824219,12,12.399999618530273
2026-02-26T22:00:00Z London,13.069999694824219,12,12.399999618530273
2026-02-26T23:00:00Z London,13.027499755223593,12,12.399999618530273
2026-02-27T00:00:00Z London,11.888333638509115,12,11.666666587193808
2026-02-27T01:00:00Z London,11.550000190734863,12,11.5
2026-02-27T02:00:00Z London,11.380000114440918,11.583333333333334,11.333333333333334
2026-02-27T03:00:00Z London,11.039999961853027,10.583333333333334,11
2026-02-27T04:00:00Z London,11.039999961853027,10,11
2026-02-27T05:00:00Z London,11.039999961853027,10,11
2026-02-27T06:00:00Z London,11.039999961853027,10,11
2026-02-27T07:00:00Z London,11.039999961853027,10,11.375
2026-02-27T08:00:00Z London,11.295000076293945,10,11.5
2026-02-27T09:00:00Z London,12.142500400543213,10.416666666666666,11.75
2026-02-27T10:00:00Z London,13.278333028157553,11,12.333333333333334
2026-02-27T11:00:00Z London,13.778333028157553,11.416666666666666,12.791666666666666
2026-02-27T12:00:00Z London,14.069999694824219,12,13
2026-02-27T13:00:00Z London,14.694999694824219,12.416666666666666,13.416666666666666
2026-02-27T14:00:00Z London,14.988333066304525,13,13.583333333333334
2026-02-27T15:00:00Z London,15.286666552225748,13,13.708333333333334
2026-02-27T16:00:00Z London,14.611666361490885,13,13.583333333333334
2026-02-27T17:00:00Z London,14.444999694824219,13,13.375
2026-02-27T18:00:00Z London,13.361666361490885,12.583333333333334,12.783333460489908
2026-02-27T19:00:00Z London,12.730000178019205,11.583333333333334,12.225000381469727
2026-02-27T20:00:00Z London,12.017500400543213,11,11.766667048136393
2026-02-27T21:00:00Z London,11.295000076293945,10.583333333333334,11.18333371480306
2026-02-27T22:00:00Z London,11.039999961853027,10,11.100000381469727
2026-02-27T23:00:00Z London,11.039999961853027,9.583333333333334,11.100000381469727
2026-02-28T00:00:00Z London,10.742499828338623,9,10.80833371480306
2026-02-28T01:00:00Z London,10.529999732971191,9,10.600000381469727
2026-02-28T02:00:00Z London,10.529999732971191,8.583333333333334,10.43333371480306
2026-02-28T03:00:00Z London,10.275000095367432,8.416666666666666,9.93333371480306
2026-02-28T04:00:00Z London,10.020000457763672,8.583333333333334,9.600000381469727
2026-02-28T05:00:00Z London,9.976667086283365,8,9.600000381469727
2026-02-28T06:00:00Z London,8.979999860127768,8.416666666666666,8.891667048136393
2026-02-28T07:00:00Z London,7.717499891916911,8.583333333333334,7.616666793823242
2026-02-28T08:00:00Z London,6.909999847412109,7.166666666666667,7
2026-02-28T09:00:00Z London,7.713333169619243,6,7.375
2026-02-28T10:00:00Z London,8.138333360354105,6.833333333333333,8.125
2026-02-28T11:00:00Z London,10.15250015258789,8.416666666666666,8.991666793823242
2026-02-28T12:00:00Z London,11.647500117619833,9.416666666666666,9.600000381469727
2026-02-28T13:00:00Z London,11.859999974568685,10,10.30833371480306
2026-02-28T14:00:00Z London,12.029999732971191,10,10.600000381469727
2026-02-28T15:00:00Z London,12.115000089009603,9.583333333333334,10.766667048136393
2026-02-28T16:00:00Z London,11.350000381469727,9.416666666666666,10.600000381469727
2026-02-28T17:00:00Z London,10.627500057220459,10,10.225000381469727
2026-02-28T18:00:00Z London,9.902499914169312,10,9.600000381469727
2026-02-28T19:00:00Z London,9.166666666666666,8.333333333333334,9.350000381469727
2026-02-28T20:00:00Z London,8.776666641235352,6,9.05833371480306
2026-02-28T21:00:00Z London,8.430000305175781,6,8.600000381469727
2026-02-28T22:00:00Z London,8.430000305175781,6,8.600000381469727
2026-02-28T23:00:00Z London,8.430000305175781,6.416666666666667,8.641667048136393
